fact_id,astrological_trigger_json,interpretation_summary_raw,interpretation_summary_ai,interpretation_text,theme,sub_theme,interpretation_group,source_name,source_type,source_reference,status,confidence_score,primary_fact_id,fallback_tags,embedding_vector,schema_version,conflict_status,last_updated,notes
79efe351158e4b21,"{""calculation_context"": {""type"": ""strength_dignity""}, ""components"": [{""planet"": ""jupiter"", ""strength"": {""type"": ""positive""}}]}","Academic success hinges on the strength of the two key planets: Mercury, which provides the intellectual acuity and learning ability, and Jupiter, which bestows the wisdom to synthesize and expand upon that learning.","Strong Jupiter bestows wisdom and the ability to synthesize and expand learning, contributing to academic success.","and Jupiter, which bestows the wisdom to synthesize and expand upon that learning.",learning_education_creativity,"intellectual_skills,research_academic_success",001425a20c379d25,Gemini,AI,Page 14,CLEANED,0.75,,[],,v2.0,NO_CONFLICT,2025-09-02T10:24:58.732921,JSON refined and scored by AI.
87a8c33a2c7ff042,"{""calculation_context"": {""type"": ""static_placement""}, ""components"": [{""planet"": ""Jupiter"", ""placement"": {""sign_num"": 2, ""house_num"": null}, ""conjunction_with"": [], ""aspect_by"": []}, {""planet"": ""Venus"", ""placement"": {""sign_num"": 4, ""house_num"": null}, ""conjunction_with"": [], ""aspect_by"": []}, {""planet"": ""Mercury"", ""placement"": {""sign_num"": 6, ""house_num"": null}, ""conjunction_with"": [], ""aspect_by"": []}]}",Saraswati Yoga,Saraswati Yoga is present.,Saraswati Yoga,yogas,saraswati_yoga,008d96a20cd0b7e2,Gemini,AI,Page 14,CLEANED,0.9,,[],,v2.0,NO_CONFLICT,2025-09-02T10:38:24.928471,JSON refined and scored by AI.
88daab71f6df11eb,"{""calculation_context"": {""type"": ""career_obstacles""}, ""components"": [{""planet"": ""undefined"", ""sign"": ""undefined"", ""house"": ""undefined"", ""aspect"": ""undefined"", ""yoga"": ""undefined"", ""strength"": ""undefined"", ""dignity"": ""undefined"", ""motion"": ""undefined"", ""relationship"": {""with"": ""undefined"", ""aspect_type"": ""undefined""}, ""special_positions"": ""undefined""}]}",These are the primary obstacles to your career.,Doshas are major career obstacles.,These are the primary obstacles to your career.,doshas,,00a0454e7b4ecd73,Gemini,AI,Page 33,CLEANED,0.75,,[],,v2.0,NO_CONFLICT,2025-09-02T11:01:01.358394,JSON refined and scored by AI.
b5151727ab276534,"{""calculation_context"": {""type"": ""static_placement""}, ""components"": [{""planet"": ""Sun"", ""sign_house"": {""house_number"": 9}, ""interpretation"": {""meaning"": ""paternal_lineage""}}, {""planet"": ""Moon"", ""sign_house"": {""house_number"": 4}, ""interpretation"": {""meaning"": ""maternal_lineage""}}]}","paternal lineage, while the Moon and the 4th House reflect the maternal side.","The Sun and 9th house signify paternal lineage, while the Moon and 4th house represent maternal lineage.","The Sun and the 9th House represent the paternal lineage, while the Moon and the 4th House reflect the maternal side.",family_lineage,ancestral_heritage,00f2f9b119d53d0b,Gemini,AI,Page 26,CLEANED,0.75,,[],,v2.0,NO_CONFLICT,2025-09-02T10:43:25.981213,JSON refined and scored by AI.
0931db6f3b3a72f4,"{""calculation_context"": {""type"": ""dosha_check"", ""dosha_type"": ""pitru_dosha""}, ""components"": [{""dosha_name"": ""Pitru Dosha"", ""description"": ""Presence of planetary combinations indicating Pitru Dosha""}]}",Specific combinations like 'Pitru Dosha' indicate inherited karmic debts from your ancestors that can influence your life's path.,Combinations like Pitru Dosha indicate inherited ancestral karmic debts influencing life.,Specific combinations like 'Pitru Dosha' indicate inherited karmic debts from your ancestors that can influence your life's path.,karma_past_life,family_lineage_debts,010f0b6ade406227,Gemini,AI,Page 26,CLEANED,0.9,,[],,v2.0,NO_CONFLICT,2025-09-02T10:29:36.834662,JSON refined and scored by AI.
12cb4453a1842960,"{""calculation_context"": {""type"": ""static_placement""}, ""components"": [{""type"": ""cusp"", ""house_index"": 10, ""sign"": [{""sign"": ""Cancer""}, {""sign"": ""Scorpio""}, {""sign"": ""Pisces""}]}]}","Watery Signs (Cancer, Scorpio, Pisces): Indicate compassionate, intuitive, or research-based fields like healing arts, creative arts, or psychology.","10th house in Cancer, Scorpio, or Pisces suggests compassionate or intuitive careers in healing arts, creative arts, or psychology.","Watery signs on the 10th house cusp suggest compassionate or intuitive careers in fields like healing arts, creative arts, or psychology.",career_public_life,other_career_related,01b8108c5eeda318,Gemini,AI,Page 2,CLEANED,0.75,,[],,v2.0,NO_CONFLICT,2025-09-02T10:20:14.037622,JSON refined and scored by AI.
066e7ed91a675f3c,"{""calculation_context"": {""type"": ""house_placement""}, ""components"": [{""planet"": null, ""house"": 7}]}","The 7th House (marriage, partnerships)",The 7th house signifies marriage and partnerships.,"The 7th House (marriage, partnerships)",relationships,marriage_spouse,0202eefb34e606a9,Gemini,AI,Page 6,CLEANED,0.9,,[],,v2.0,NO_CONFLICT,2025-09-02T10:21:35.664680,JSON refined and scored by AI.
cf159faf41685832,"{""calculation_context"": {""type"": ""general_interpretation""}, ""components"": [{""type"": ""concept"", ""concept"": ""health""}, {""type"": ""concept"", ""concept"": ""risks""}, {""type"": ""concept"", ""concept"": ""longevity""}, {""type"": ""relationship"", ""relationship"": ""fundamental_to"", ""subject"": [{""type"": ""concept"", ""concept"": ""health""}, {""type"": ""concept"", ""concept"": ""risks""}, {""type"": ""concept"", ""concept"": ""longevity""}], ""object"": {""type"": ""concept"", ""concept"": ""career""}}]}","Health, Risks & Longevity are fundamental to having a career.","Health, risks, and longevity are fundamental to the capacity to have a career.","Health, Risks & Longevity are fundamental to having a career.",health_risks_longevity,other_health_related,022d3c07ba67006d,Gemini,AI,Page 32,CLEANED,0.6,,[],,v2.0,NO_CONFLICT,2025-09-02T10:32:26.167798,JSON refined and scored by AI.
13037056a40313e4,"{""calculation_context"": {""type"": ""divisional_chart"", ""divisional_chart_type"": ""navamsa""}, ""components"": []}","The Navamsa (D-9) chart, which reveals the deeper karmic reality of the marriage.",The Navamsa (D-9) chart reveals the deeper karmic reality of marriage.,,relationships,marriage_spouse,025c5b4b10b03e23,Gemini,AI,Page 6,CLEANED,0.6,,[],,v2.0,NO_CONFLICT,2025-09-02T10:49:17.428578,JSON refined and scored by AI.
38af03be4daf2042,"{""calculation_context"": {""type"": ""affliction_and_weakness"", ""target"": ""house"", ""target_id"": 6}, ""components"": [{""house"": ""6"", ""strength"": ""weak"", ""affliction"": true}]}",,A weak and afflicted 6th house can make one vulnerable to enemies.,"A weak and afflicted 6th house, however, can make one vulnerable to being overcome by their enemies.",relationships,disputes_conflicts,02c755b63fdc8e03,Gemini,AI,Page 8,CLEANED,0.75,,[],,v2.0,NO_CONFLICT,2025-09-02T10:22:15.769979,JSON refined and scored by AI.
a0ac22c488706b7e,"{""calculation_context"": {""type"": ""static_placement""}, ""components"": [{""planet"": ""all"", ""house"": ""all"", ""sign"": ""all"", ""aspect"": ""all"", ""conjunction"": ""all"", ""yoga"": ""all"", ""special_lagna"": ""all"", ""dasha"": ""all"", ""varga"": ""all"", ""concept"": [""dhan_yoga"", ""wealth_sources"", ""primary_income"", ""secondary_income"", ""investment_gains"", ""unearned_wealth"", ""inheritance""]}]}",,"This section analyzes sources and potential for all monetary gains, including primary salary, secondary income, investment windfalls, and inheritances.","This section analyzes the sources and potential for all forms of monetary gain, including primary salary, secondary income, windfalls from investments, and unearned wealth like inheritances.",wealth_assets_resources,"income_primary,income_secondary_sources,inheritance_unearned_income",02f7747d1838aad9,Gemini,AI,Page 8,CLEANED,0.75,,[],,v2.0,NO_CONFLICT,2025-09-02T10:22:15.769979,JSON refined and scored by AI.
2b726789c34370c7,"{""calculation_context"": {""type"": ""static_placement""}, ""components"": [{""planet"": ""sun"", ""afflicted_by"": [{""planet"": ""rahu""}, {""planet"": ""ketu""}, {""planet"": ""saturn""}], ""aspect_type"": [""conjunction"", ""aspect""]}, {""planet"": ""moon"", ""afflicted_by"": [{""planet"": ""rahu""}, {""planet"": ""ketu""}, {""planet"": ""saturn""}], ""aspect_type"": [""conjunction"", ""aspect""]}, {""house"": 9, ""afflicted_by"": [{""planet"": ""rahu""}, {""planet"": ""ketu""}, {""planet"": ""saturn""}], ""aspect_type"": [""conjunction"", ""aspect""]}]}","Pitru Dosha: Affliction to the Sun, Moon, and/or 9th House by Rahu, Ketu, or Saturn.","Pitru Dosha occurs when the Sun, Moon, or 9th house are afflicted by Rahu, Ketu, or Saturn.","Pitru Dosha: Affliction to the Sun, Moon, and/or 9th House by Rahu, Ketu, or Saturn.",doshas,pitru_dosha,0360eb2b4bc9ef0e,Gemini,AI,Page 28,CLEANED,0.9,,[],,v2.0,NO_CONFLICT,2025-09-02T10:44:22.251029,JSON refined and scored by AI.
a0b777e75bf3a5a6,"{""calculation_context"": {""type"": ""static_placement""}, ""components"": [{""planet"": ""3rd_house_lord"", ""aspect"": {""type"": ""any"", ""planets"": []}, ""sign_house"": {""sign"": [], ""house"": []}, ""dignity"": [], ""conjunction"": []}]}",Relationships with siblings are clearly delineated.,The chart provides clear insights into relationships with siblings.,Relationships with siblings are clearly delineated.,relationships,siblings_relations,0383b544227e0e67,Gemini,AI,Page 18,CLEANED,0.75,,[],,v2.0,NO_CONFLICT,2025-09-02T10:26:27.152084,JSON refined and scored by AI.
944c8e5ee92906c9,"{""calculation_context"": {""type"": ""static_placement""}, ""components"": [{""planet"": ""jupiter"", ""sign"": null, ""house"": 12, ""nature"": ""benefic"", ""domain"": ""spiritual""}, {""planet"": ""ketu"", ""sign"": null, ""house"": 12, ""nature"": ""benefic"", ""domain"": ""spiritual""}]}",The placement of benefic spiritual planets like Jupiter or Ketu in the 12th house indicates a deep-seated desire for enlightenment and a life path that supports it.,Jupiter or Ketu in the 12th house signifies a deep desire for enlightenment and a supportive life path.,The placement of benefic spiritual planets like Jupiter or Ketu in the 12th house indicates a deep-seated desire for enlightenment and a life path that supports it.,karma_past_life,moksha_factors,0392b0d0e6c9e9b0,Gemini,AI,Page 25,CLEANED,0.75,,[],,v2.0,NO_CONFLICT,2025-09-02T10:42:46.799387,JSON refined and scored by AI.
483aff51533b1052,"{""calculation_context"": {""type"": ""static_placement""}, ""components"": [{""house"": 8, ""sign_lordship"": false, ""planet_aspect"": false, ""conjunction"": false}, {""planet"": ""saturn"", ""house_lordship"": false, ""sign_lordship"": false, ""nakshatra_lordship"": false, ""conjunction"": false, ""aspect"": false}]}","The general overview of your lifespan is assessed through the 8th house and the planet Saturn. While astrology can indicate a long and healthy life, it also highlights specific planetary periods that may represent times of increased risk or vulnerability.",Lifespan is assessed through the 8th house and Saturn.,The general overview of your lifespan is assessed through the 8th house and the planet Saturn.,health_risks_longevity,"lifespan_overview,risk_periods",0403c6ed2a183913,Gemini,AI,Page 22,CLEANED,0.75,,[],,v2.0,NO_CONFLICT,2025-09-02T10:56:02.593595,JSON refined and scored by AI.
79ea391b1059f830,"{""calculation_context"": {""type"": ""yoga_presence"", ""yoga_type"": ""spiritual_knowledge""}, ""components"": [{""type"": ""planetary_combination"", ""description"": ""Combination of planets indicative of spiritual and knowledge yogas (specific planets and houses not defined in the provided text)""}]}","These combinations bless an individual with inner gifts, such as profound knowledge, wisdom, artistic talent, and a strong inclination towards the spiritual path.","Spiritual and Knowledge Yogas can grant deep understanding, wisdom, artistic abilities, and a spiritual orientation.","Spiritual & Knowledge Yogas bless an individual with profound knowledge, wisdom, artistic talent, and a strong inclination towards the spiritual path.",yogas,other_spiritual_knowledge_yogas,0444cc2ca5bcec90,Gemini,AI,Page 27,CLEANED,0.75,,[],,v2.0,NO_CONFLICT,2025-09-02T10:29:56.716151,JSON refined and scored by AI.
1c95e099305cfa33,"{""calculation_context"": {""type"": ""yogini_dasha_calculation""}, ""components"": [{""type"": ""dasha"", ""name"": ""yogini_dasha""}]}",Yogini Dasha is a dasha system.,The Yogini Dasha is another dasha system used in Vedic astrology.,Yogini Dasha,timing_windows,yogini_dasha,048d3dbdbffb274c,Gemini,AI,Page 30,CLEANED,0.9,,[],,v2.0,NO_CONFLICT,2025-09-02T10:31:21.014498,JSON refined and scored by AI.
1b580ca47f706c2a,"{""calculation_context"": {""type"": ""transit""}, ""components"": [{""planet"": ""saturn"", ""specific_transit"": ""sade_sati"", ""description"": ""Saturn transit over the 12th, 1st, and 2nd houses from the natal Moon, constituting the 7.5-year period known as Sade Sati.""}, {""planet"": ""saturn"", ""general_transit"": true, ""description"": ""General transits of Saturn, encompassing all transits beyond Sade Sati.""}]}",Saturn Transits include Sade Sati.,Saturn transits encompass the significant 7.5-year period known as Sade Sati.,Saturn Transits: Including the crucial 7.5-year period of Sade Sati.,timing_windows,saturn_transits,04a2aad4a931e2f9,Gemini,AI,Page 30,CLEANED,0.9,,[],,v2.0,NO_CONFLICT,2025-09-02T10:59:24.708002,JSON refined and scored by AI.
a4fca7f5f9873cd6,"{""calculation_context"": {""type"": ""static_placement""}, ""components"": [{""planet"": ""rahu""}]}","Your unique skills and creative talents are revealed through the 3rd and 5th houses of your chart. The 3rd house governs practiced abilities like writing and manual arts, while the 5th house is the wellspring of your innate creativity and expressive power. The specific nature of your talent is colored by key planets—Venus for artistic pursuits, Mercury for intellectual skills, and Rahu for a gift of innovation.",,,learning_education_creativity,innovation_invention,04dd1aa7ba88dd41,Gemini,AI,Page 13,CLEANED,0.6,,[],,v2.0,NO_CONFLICT,2025-09-02T10:52:33.273007,JSON refined and scored by AI.
f3fe45bcbba1a857,"{""calculation_context"": {""type"": ""yoga_presence"", ""yoga_name"": ""Gajakesari Yoga""}, ""components"": [{""type"": ""planetary_relationship"", ""relationship"": ""conjunction_or_aspect"", ""planets"": [""Jupiter"", ""Moon""]}]}","other specific yogas like Gajakesari Yoga can bestow fame and respect, signifying a life of significant achievement.","Gajakesari Yoga can bring recognition, public esteem, and notable accomplishments.","Gajakesari Yoga can bestow fame and respect, signifying a life of significant achievement.",yogas,"uncommon_special_yogas,gajakesari_yoga",05db392c172410b2,Gemini,AI,Page 27,CLEANED,0.75,,[],,v2.0,NO_CONFLICT,2025-09-02T10:29:56.716151,JSON refined and scored by AI.
b57c0ee27fa98be1,"{""calculation_context"": {""type"": ""dasha_bhukti""}, ""components"": [{""planet"": null, ""house"": ""10th"", ""relationship"": [""owns"", ""exalted_in"", ""occupies"", ""aspected_by_owner""]}, {""yoga"": [""raj_yoga"", ""dhana_yoga"", ""karma_yoga""], ""relationship"": ""forms""}]}",,"Career peaks, promotions, or new ventures often coincide with the Dasha or Bhukti of planets strongly linked to the 10th house or those forming powerful Yogas.","Significant growth, promotions, or the start of a new venture invariably occurs in the Dasha or Bhukti of planets strongly connected to the 10th house, or planets forming powerful Yogas.",career_public_life,career_peak_timing,062da8a01394e182,Gemini,AI,Page 3,CLEANED,0.75,,[],,v2.0,NO_CONFLICT,2025-09-02T10:20:35.565199,JSON refined and scored by AI.
6082560d7c215f69,"{""calculation_context"": {""type"": ""house_interpretation""}, ""components"": [{""type"": ""potential"", ""domain"": ""relationship"", ""aspects"": [""love"", ""romance"", ""intimacy""]}, {""type"": ""nature_and_quality"", ""domain"": ""long_term_partnerships"", ""includes"": [""marriage""]}]}","This area covers the potential for love, romance, intimacy, and the nature and quality of long-term partnerships, including marriage.","This section analyzes the prospects for love, romance, intimacy, and the characteristics of long-term partnerships, including marriage.","This area covers the potential for love, romance, intimacy, and the nature and quality of long-term partnerships, including marriage.",relationships,"marriage_spouse,love_relationships,intimacy_sexuality",064bda4693062e67,Gemini,AI,Page 6,CLEANED,0.75,,[],,v2.0,NO_CONFLICT,2025-09-02T10:21:35.664680,JSON refined and scored by AI.
7f59a5aaccd784cf,"{""calculation_context"": {""type"": ""dynamic_placement""}, ""components"": [{""type"": ""planet_position_by_sign_house"", ""planet"": {""type"": ""lord_of_house"", ""house_index"": 10}}, {""type"": ""aspect"", ""planet1"": {""type"": ""lord_of_house"", ""house_index"": 10}, ""planet2"": {""type"": ""any_planet""}}, {""type"": ""conjunction"", ""planet1"": {""type"": ""lord_of_house"", ""house_index"": 10}, ""planet2"": {""type"": ""any_planet""}}]}","The 10th Lord: Its nature, house placement, and planetary conjunctions/aspects.","The 10th lord's characteristics, house placement, and planetary relationships influence career.","The nature, placement, and aspects/conjunctions of the 10th lord are important for career.",career_public_life,other_career_related,066d78c2c4110aa5,Gemini,AI,Page 2,CLEANED,0.75,,[],,v2.0,NO_CONFLICT,2025-09-02T10:20:14.037622,JSON refined and scored by AI.
7e760dc9771baec8,"{""calculation_context"": {""type"": ""static_placement""}, ""components"": [{""planet"": ""Venus"", ""significator_of"": [""love"", ""relationship""]}, {""planet"": ""Jupiter"", ""significator_of"": ""husband"", ""applies_to"": ""female_chart""}]}",,,"Venus (Shukra) is the universal significator of love and relationship, and Jupiter (Guru) is the significator of the husband in a female chart.",relationships,"marriage_spouse,love_relationships",069a6b9f45d34568,Gemini,AI,Page 6,CLEANED,0.75,,[],,v2.0,NO_CONFLICT,2025-09-02T10:35:17.317273,JSON refined and scored by AI.
c79df0c6c53513f4,"{""calculation_context"": {""type"": ""yoga_check""}, ""components"": [{""yoga_name"": ""ruchaka_yoga"", ""planet"": ""Mars"", ""dignity"": [""own_sign"", ""exalted""], ""house_group"": ""kendra""}, {""yoga_name"": ""bhadra_yoga"", ""planet"": ""Mercury"", ""dignity"": [""own_sign"", ""exalted""], ""house_group"": ""kendra""}, {""yoga_name"": ""hamsa_yoga"", ""planet"": ""Jupiter"", ""dignity"": [""own_sign"", ""exalted""], ""house_group"": ""kendra""}, {""yoga_name"": ""malavya_yoga"", ""planet"": ""Venus"", ""dignity"": [""own_sign"", ""exalted""], ""house_group"": ""kendra""}, {""yoga_name"": ""sasa_yoga"", ""planet"": ""Saturn"", ""dignity"": [""own_sign"", ""exalted""], ""house_group"": ""kendra""}]}","Pancha Mahapurusha Yogas (Five Great Person Yogas): Formed when one of the five planets—Mars, Mercury, Jupiter, Venus, or Saturn—is in its own sign or exalted, and located in a Kendra.","Pancha Mahapurusha Yogas: Mars, Mercury, Jupiter, Venus, or Saturn in own sign/exaltation and in a Kendra.","Pancha Mahapurusha Yogas (Five Great Person Yogas) are formed when one of the five planets—Mars, Mercury, Jupiter, Venus, or Saturn—is in its own sign or exalted, and located in a Kendra.",yogas,pancha_mahapurusha_yogas,06ca22f22a9111e7,Gemini,AI,Page 26,CLEANED,0.9,,[],,v2.0,NO_CONFLICT,2025-09-02T10:57:39.627964,JSON refined and scored by AI.
f210438cd8735522,"{""calculation_context"": {""type"": ""static_placement""}, ""components"": [{""planet"": ""Jupiter"", ""relationship"": {""type"": ""house_from"", ""house_numbers"": [1, 4, 7, 10]}, ""from"": ""Moon""}]}","Gajakesari Yoga (Elephant-Lion Yoga): Formed when Jupiter is in an angular position (1st, 4th, 7th, 10th) from the Moon.",Gajakesari Yoga is formed when Jupiter is in a Kendra from the Moon.,"Gajakesari Yoga (Elephant-Lion Yoga) is formed when Jupiter is in an angular position (1st, 4th, 7th, 10th) from the Moon.",yogas,gajakesari_yoga,07613b7114459524,Gemini,AI,Page 26,CLEANED,0.9,,[],,v2.0,NO_CONFLICT,2025-09-02T10:43:25.981213,JSON refined and scored by AI.
03997fa53b7d2a3d,"{""calculation_context"": {""type"": ""static_placement""}, ""components"": [{""planet"": ""mercury"", ""house"": null, ""relationship"": null, ""influence_type"": ""general""}, {""planet"": ""rahu"", ""house"": null, ""relationship"": null, ""influence_type"": ""general""}, {""house"": ""12th"", ""sign"": null, ""planet"": null, ""influence_type"": ""occupancy""}, {""house"": ""3rd"", ""sign"": null, ""planet"": null, ""influence_type"": ""occupancy""}]}",,,"The modern dynamic of remote work with global teams can be seen through a combination of the 12th house (foreign connections/isolation), 3rd house (communication), and the influence of Mercury and Rahu (technology).",career_public_life,remote_work_global_teams,0778bc81faf6e528,Gemini,AI,Page 3,CLEANED,0.75,,[],,v2.0,NO_CONFLICT,2025-09-02T10:47:58.913394,JSON refined and scored by AI.
a737925b6da18047,"{""calculation_context"": {""type"": ""dasha_system""}, ""components"": [{""type"": ""planet"", ""attribute"": ""dasha_lord"", ""relationship"": [{""type"": ""connected_to"", ""target"": {""type"": ""house"", ""options"": [{""significator"": ""house_8""}, {""significator"": ""house_12""}]}}]}]}","The Dasha of a planet connected to a difficult house (8th or 12th) can bring transformation, loss, or spiritual introspection.","The Dasha period of a planet associated with challenging houses like the 8th (transformation, loss) or 12th (spiritual introspection, isolation) can bring about periods of significant change, loss, or deep inner reflection.","The Dasha of a planet connected to a difficult house (like the 8th or 12th) can bring periods of transformation, loss, or spiritual introspection.",timing_windows,other_dashas,08426776cb543343,Gemini,AI,Page 30,CLEANED,0.75,,[],,v2.0,NO_CONFLICT,2025-09-02T10:59:24.708002,JSON refined and scored by AI.
0fef21faaf681a1d,"{""calculation_context"": {""type"": ""strength_dignity_comparison""}, ""components"": [{""planet"": ""rahu"", ""strength"": ""strong"", ""condition"": ""overly""}, {""planet"": ""rahu"", ""affliction"": ""afflicted""}, {""planet1"": ""rahu"", ""planet2"": ""ketu"", ""comparison"": ""overshadows""}]}","An overly strong or afflicted Rahu, especially if it overshadows Ketu, indicates that material desires may impede spiritual progress.","A strong or afflicted Rahu, especially if dominant over Ketu, suggests material desires hindering spiritual growth.","An overly strong or afflicted Rahu, especially if it overshadows Ketu, indicates that material desires may impede spiritual progress.",karma_past_life,obstacles_to_moksha,08e17252b6a462ed,Gemini,AI,Page 25,CLEANED,0.75,,[],,v2.0,NO_CONFLICT,2025-09-02T10:42:46.799387,JSON refined and scored by AI.
e4067d4e634c0d7f,"{""calculation_context"": {""type"": ""static_placement""}, ""components"": [{""planet"": ""Mars"", ""nature"": ""significator"", ""domain"": [""aggression"", ""conflict""]}]}",,Mars influences aggression and conflict.,Mars for aggression and conflict,relationships,disputes_conflicts,08e3de893df46aab,Gemini,AI,Page 8,CLEANED,0.75,,[],,v2.0,NO_CONFLICT,2025-09-02T10:22:15.768929,JSON refined and scored by AI.
a768fd6b1b9968b6,"{""calculation_context"": {""type"": ""dosha_check"", ""dosha_details"": {""dosha_name"": ""pitru_dosha""}}, ""components"": [{""dosha_type"": ""pitru_dosha"", ""description"": ""Presence of Pitru Dosha""}]}","Your chart may contain specific karmic patterns known as Doshas, which highlight areas of life requiring special attention. Mangal Dosha primarily impacts marital harmony, Kaal Sarpa Dosha can create a feeling of destiny being blocked, Pitru Dosha points to ancestral debts, and Grahan Dosha can affect your confidence or emotional peace. Recognizing these patterns is the first step toward consciously navigating their challenges.",Pitru Dosha suggests the presence of karmic debts inherited from ancestors.,Pitru Dosha points to ancestral debts.,doshas,pitru_dosha,08fc43ad886d724e,Gemini,AI,Page 29,CLEANED,0.75,,[],,v2.0,NO_CONFLICT,2025-09-02T10:44:49.297269,JSON refined and scored by AI.
dffab830f9c4f1ee,"{""calculation_context"": {""type"": ""yoga_combination""}, ""components"": [{""yoga"": ""raja_yoga""}, {""yoga"": ""pancha_mahapurusha_yoga""}, {""yoga"": ""gajakesari_yoga""}]}",,"Raja Yogas indicate power, Pancha Mahapurusha Yogas greatness, and Gajakesari Yoga fame.","Special Combinations (Yogas): Raja Yogas (combinations for power), Pancha Mahapurusha Yogas (combinations for greatness), and Gajakesari Yoga (combination for fame).",yogas,"raja_yogas,pancha_mahapurusha_yogas,gajakesari_yoga",093918ec09fb4274,Gemini,AI,Page 1,CLEANED,0.75,,[],,v2.0,NO_CONFLICT,2025-09-02T10:19:54.272290,JSON refined and scored by AI.
f379d13e68ea996f,"{""calculation_context"": {""type"": ""strength_dignity"", ""target"": ""planet"", ""strength_dignity_type"": [""shadbala"", ""vimsopaka_bala"", ""istha_phala"", ""kastha_phala""]}, ""components"": [{""planet"": ""jupiter""}]}","Jupiter, the natural guide, reinforces this; its strength indicates how much wisdom, faith, and optimism the person can draw upon.","Jupiter's strength shows the amount of wisdom, faith, and optimism a person possesses.","The strength of Jupiter indicates how much wisdom, faith, and optimism the person can draw upon.",core_self_vitality,spiritual_self_alignment,0944d4acf5ebfec4,Gemini,AI,Page 5,CLEANED,0.75,,[],,v2.0,NO_CONFLICT,2025-09-02T10:48:48.135013,JSON refined and scored by AI.
a5795fd99b897f24,"{""calculation_context"": {""type"": ""static_placement""}, ""components"": [{""house"": 8, ""strength"": {""type"": ""shadbala"", ""strength_type"": ""strong""}}, {""planet"": ""saturn"", ""dignity"": {""type"": ""combined"", ""strength_type"": ""good""}}]}",Longevity is a complex calculation primarily assessed from the 8th House and its lord. A strong 8th house and a well-placed Saturn are indicators of a long life. The 3rd house is also analyzed as a secondary indicator.,A strong 8th house and well-placed Saturn indicate a long life.,"A robust and well-supported 8th house, combined with a favorably positioned Saturn, is traditionally associated with longevity and a longer lifespan.",health_risks_longevity,lifespan_overview,09e45b26b9a9e493,Gemini,AI,Page 22,CLEANED,0.75,a5795fd99b897f24,[],,v2.0,NO_CONFLICT,2025-09-02T10:27:45.920723,"Consolidated from 2 facts. Original IDs: ['a5795fd99b897f24', 'de7e4b803627ebb0']"
e5e1bcb1fcd62249,"{""calculation_context"": {""type"": ""upapada_lagna""}, ""components"": [{""type"": ""planet_sign_house"", ""planet"": null, ""sign"": null, ""house"": null, ""is_sign_relative_to"": ""upapada_lagna"", ""is_house_relative_to"": ""upapada_lagna""}]}",The Upapada Lagna (UL) for the institution of marriage,The Upapada Lagna (UL) is significant for marriage.,The Upapada Lagna (UL) for the institution of marriage,relationships,marriage_spouse,0abed59c8acc96c4,Gemini,AI,Page 6,CLEANED,0.9,,[],,v2.0,NO_CONFLICT,2025-09-02T10:21:35.664680,JSON refined and scored by AI.
96c9c12130eac565,"{""calculation_context"": {""type"": ""static_placement"", ""target"": ""house"", ""target_id"": ""5""}, ""components"": []}",The promise of children (childbearing_potential) is primarily assessed from the 5th House,Childbearing potential is primarily assessed from the 5th house.,The promise of children (childbearing_potential) is primarily assessed from the 5th House.,family_lineage,childbearing_potential,0b331f71516a6adb,Gemini,AI,Page 17,CLEANED,0.75,,[],,v2.0,NO_CONFLICT,2025-09-02T10:26:04.946046,JSON refined and scored by AI.
2aa68ef062d0a297,"{""calculation_context"": {""type"": ""static_placement""}, ""components"": [{""planet"": {""planet_group"": [""sun"", ""moon"", ""mars"", ""mercury"", ""jupiter"", ""venus"", ""saturn""]}, ""between_nodes"": {""start_node"": ""rahu"", ""end_node"": ""ketu""}}]}",Kaal Sarpa Dosha: All planets are located between the Rahu-Ketu nodal axis.,Kaal Sarpa Dosha is formed when all planets are positioned between Rahu and Ketu.,All planets are located between the Rahu-Ketu nodal axis.,doshas,kaal_sarpa_dosha,0b3f5976613c7b65,Gemini,AI,Page 28,CLEANED,0.9,,[],,v2.0,NO_CONFLICT,2025-09-02T10:30:20.255727,JSON refined and scored by AI.
45bd77e1d7736367,"{""calculation_context"": {""type"": ""timing"", ""sub_type"": ""dasha_transition""}, ""components"": [{""planet"": ""all"", ""planet_relationship"": ""dasha_lord"", ""house"": ""all"", ""sign"": ""all"", ""aspect"": ""all"", ""conjunction"": ""all""}, {""planet"": ""all"", ""planet_relationship"": ""bhukti_lord"", ""house"": ""10"", ""sign"": ""all"", ""aspect"": ""all"", ""conjunction"": ""all""}, {""planet"": ""all"", ""planet_relationship"": ""antar_lord"", ""house"": ""10"", ""sign"": ""all"", ""aspect"": ""all"", ""conjunction"": ""all""}]}",This determines when career events happen.,Dashas and transits indicate timing of career events.,This determines when career events happen.,timing_windows,,0b833fd09c5fec8a,Gemini,AI,Page 33,CLEANED,0.75,,[],,v2.0,NO_CONFLICT,2025-09-02T10:32:51.795484,JSON refined and scored by AI.
f3cae4f3a7777f92,"{""calculation_context"": {""type"": ""static_placement""}, ""components"": [{""planet"": ""Moon"", ""dignity"": ""bright"", ""placement"": {""well_placed"": true}}]}","A bright and well-placed Moon is crucial for a positive public image, ensuring popularity and favor from the public.","A well-placed Moon is essential for a positive public image, popularity, and public favor.","A bright and well-placed Moon is crucial for a positive public image, ensuring popularity and favor from the public.",career_public_life,public_image_reputation,0c94b3987838ea62,Gemini,AI,Page 1,CLEANED,0.75,,[],,v2.0,NO_CONFLICT,2025-09-02T10:33:24.389045,JSON refined and scored by AI.
e43df2c078410f92,"{""calculation_context"": {""type"": ""panchang""}, ""components"": [{""tithi"": ""any""}, {""nakshatra"": ""any""}]}","The Panchang offers a micro-view of cosmic timing, defining the unique energetic quality of each day based on the Moon's precise phase and position.","The Panchang provides a detailed perspective on cosmic timing, defining the specific energetic quality of each day based on the Moon's exact phase and position.","The Panchang offers a micro-view of cosmic timing, defining the unique energetic quality of each day based on the Moon's precise phase and position.",timing_windows,tithi_yoga_karana,0ccaab8d23887e00,Gemini,AI,Page 31,CLEANED,0.75,,[],,v2.0,NO_CONFLICT,2025-09-02T10:31:49.610151,JSON refinement AI call failed; using original raw JSON.
4995b1afd1384224,"{""calculation_context"": {""type"": ""dosha_check"", ""target"": ""individual""}, ""components"": [{""dosha_type"": ""mangal_dosha"", ""strength"": ""any""}]}","The Upapada Lagna (UL) for the institution of marriage, and specific doshas like Mangal Dosha.","The Upapada Lagna (UL) is significant for marriage, as are specific doshas like Mangal Dosha.",,doshas,mangal_dosha,0cd4aa82d05222d0,Gemini,AI,Page 6,CLEANED,0.9,,[],,v2.0,NO_CONFLICT,2025-09-02T10:49:17.428578,JSON refined and scored by AI.
17d37837b0a9196e,"{""calculation_context"": {""type"": ""static_placement""}, ""components"": [{""planet"": ""jupiter"", ""sign_lordship"": [], ""nak_lordship"": [], ""house_lordship"": [], ""conjunctions"": [], ""aspects"": [], ""house"": ""9""}, {""house"": ""9"", ""sign"": [], ""planet_in_house"": [], ""aspects_to_house"": []}]}",Your philosophical and ethical understanding is governed by the 9th house and the planet Jupiter.,The 9th house and Jupiter govern philosophical and ethical understanding.,Your philosophical and ethical understanding is governed by the 9th house and the planet Jupiter.,learning_education_creativity,philosophical_understanding,0d777e0a38cafa79,Gemini,AI,Page 16,CLEANED,0.75,,[],,v2.0,NO_CONFLICT,2025-09-02T10:39:10.083015,JSON refined and scored by AI.
b8869d97fecbbdfe,"{""calculation_context"": {""type"": ""static_placement""}, ""components"": [{""type"": ""dosha"", ""name"": ""Pitru Dosha""}]}",Specific combinations like 'Pitru Dosha' indicate inherited karmic debts from your ancestors that can influence your life's path.,Combinations like Pitru Dosha indicate inherited karmic debts influencing life.,Specific combinations like 'Pitru Dosha' indicate inherited karmic debts from your ancestors that can influence your life's path.,karma_past_life,family_lineage_debts,0d8550c74a9f65eb,Gemini,AI,Page 26,CLEANED,0.9,,[],,v2.0,NO_CONFLICT,2025-09-02T10:43:25.981213,JSON refined and scored by AI.
ad05e0284b719437,"{""calculation_context"": {""type"": ""static_placement""}, ""components"": [{""type"": ""house"", ""index"": 1, ""sign"": {""type"": ""any""}, ""planets"": {""type"": ""any"", ""count"": {""min"": 0, ""max"": ""all""}}}, {""type"": ""lagna"", ""sign"": {""type"": ""any""}, ""degree"": {""type"": ""any""}}, {""type"": ""ascendant"", ""sign"": {""type"": ""any""}, ""degree"": {""type"": ""any""}}]}",,,"The 1st House (Lagna / Ascendant): The rising sign, its exact degree, and any planets situated within it.",core_self_vitality,"self_identity_character,physical_appearance",0db52e5ba1e14255,Gemini,AI,Page 4,CLEANED,0.9,,[],,v2.0,NO_CONFLICT,2025-09-02T10:20:52.860140,JSON refined and scored by AI.
4d89ea4710d81b2c,"{""calculation_context"": {""type"": ""static_placement""}, ""components"": [{""planet"": null, ""sign"": null, ""house"": 3, ""aspects"": [], ""dignity"": null, ""strength"": null, ""is_retrograde"": null, ""house_associations"": [{""house"": 3, ""association_type"": ""rulership""}]}]}",,,"The 3rd House governs skills acquired through effort and courage (parakrama). This includes writing expression, playing a musical instrument, painting, and other crafts involving the hands. It is also a key house for the performing arts.",learning_education_creativity,"practical_skills,writing_expression,arts_performance",0e47ba8724f9e00d,Gemini,AI,Page 12,CLEANED,0.9,,[],,v2.0,NO_CONFLICT,2025-09-02T10:37:27.582461,JSON refined and scored by AI.
47bb964d294a10d7,"{""calculation_context"": {""type"": ""static_placement""}, ""components"": [{""planet"": ""any"", ""house"": ""any"", ""sign"": ""any"", ""aspect"": ""any"", ""conjunction"": ""any"", ""strength"": ""any"", ""dignity"": ""any"", ""motion"": ""any"", ""yoga"": {""type"": ""any""}, ""relationship"": {""type"": ""any"", ""with"": ""any""}, ""specific_chart"": ""any""}], ""interpretation_context"": {""domain"": ""travel"", ""subdomain"": [""short_trips"", ""long_distance_journeys"", ""foreign_travel"", ""pilgrimages"", ""relocation_abroad""]}}","This area analyzes the potential for all forms of travel, from short local trips to long-distance foreign journeys, pilgrimages, and permanent relocation abroad.","This section assesses the potential for various forms of travel, including short trips, long journeys abroad, pilgrimages, and permanent relocation.","This area analyzes the potential for all forms of travel, from short local trips to long-distance foreign journeys, pilgrimages, and permanent relocation abroad.",travel_dharma_spirituality,long_travel_foreign,0e7d39fc973da788,Gemini,AI,Page 23,CLEANED,0.75,,[],,v2.0,NO_CONFLICT,2025-09-02T10:28:21.806963,JSON refined and scored by AI.
3f14f473178be630,"{""calculation_context"": {""type"": ""static_placement""}, ""components"": [{""planet"": ""lord_9"", ""sign"": null, ""conjunction"": {""target"": ""rahu""}}, {""planet"": ""lord_9"", ""sign"": null, ""aspect"": {""target"": ""rahu""}}]}",A strong connection between the 9th Lord and the 12th House (foreign lands) or the planet Rahu is a classic combination for foreign education.,A strong relationship between the 9th house lord and Rahu suggests potential for education in a foreign country.,A strong connection between the lord of the 9th house and the planet Rahu indicates the possibility of foreign education.,learning_education_creativity,foreign_education,0ed3cef2f8071f1d,Gemini,AI,Page 12,CLEANED,0.75,,[],,v2.0,NO_CONFLICT,2025-09-02T10:24:10.499341,JSON refined and scored by AI.
0ba27cfbbea0637e,"{""calculation_context"": {""type"": ""static_placement""}, ""components"": [{""planet"": [""mars"", ""ketu""], ""aspect"": [""conjunction"", ""aspect_malefic""], ""target"": {""house"": 8}}, {""planet"": {""relative_planet"": ""lagna_lord""}, ""relationship"": [""conjunction"", ""aspect"", ""mutual_aspect"", ""exchange""], ""target"": {""relative_planet"": ""house_8_lord""}}]}","The potential for sudden endings is seen through afflictions to the 8th house by planets like Mars or Ketu, or a connection between the Lagna lord and the 8th lord.","Sudden endings are indicated by Mars or Ketu afflicting the 8th house, or a connection between the Lagna lord and the 8th lord.","The potential for sudden endings is seen through afflictions to the 8th house by planets like Mars or Ketu, or a connection between the Lagna lord and the 8th lord.",health_risks_longevity,sudden_endings,0efeae77692aa3f8,Gemini,AI,Page 22,CLEANED,0.9,,[],,v2.0,NO_CONFLICT,2025-09-02T10:41:45.215483,JSON refined and scored by AI.
f1f28cb09ca59f48,"{""calculation_context"": {""type"": ""static_placement""}, ""components"": [{""house"": 4, ""lord"": {""strength"": ""strong""}}, {""planet"": ""moon"", ""luminosity"": ""bright"", ""placement"": {""quality"": ""well_placed""}}]}","The mother's influence is seen through the 4th House, which represents the comfort, nurturing, and home environment she provides. The Moon's condition reveals the emotional bond with her and her overall well-being. A strong 4th lord and a bright, well-placed Moon indicate a supportive and positive maternal figure.","The 4th house represents the mother's influence, comfort, and nurturing. The Moon's condition reflects the emotional bond and her well-being. A strong 4th lord and a well-placed Moon indicate a supportive and positive mother.","The mother's influence is seen through the 4th House, which represents the comfort, nurturing, and home environment she provides. The Moon's condition reveals the emotional bond with her and her overall well-being. A strong 4th lord and a bright, well-placed Moon indicate a supportive and positive maternal figure.",family_lineage,mother_status_influence,0f1760094143db1f,Gemini,AI,Page 16,CLEANED,0.75,,[],,v2.0,NO_CONFLICT,2025-09-02T10:25:40.675856,JSON refined and scored by AI.
558e5fef335ef268,"{""calculation_context"": {""type"": ""planet_significance"", ""subtype"": ""moksha_karaka""}, ""components"": [{""type"": ""planet"", ""name"": ""ketu""}]}","Key Planets: Jupiter (Guru) as the significator of wisdom and guidance, and Ketu (MokshaKaraka) as the significator of spiritual liberation.","Ketu, also known as MokshaKaraka, signifies spiritual liberation.",Ketu (MokshaKaraka) is the significator of spiritual liberation.,core_self_vitality,life_path_purpose,0fcb261e2e119f2f,Gemini,AI,Page 5,CLEANED,0.75,,[],,v2.0,NO_CONFLICT,2025-09-02T10:34:55.102878,JSON refined and scored by AI.
00858e31587c3d14,"{""calculation_context"": {""type"": ""dasha_bhukti""}, ""components"": [{""planet"": ""lord_10"", ""house"": null, ""relationship"": null, ""condition"": {""type"": ""active_dasha""}}, {""planet"": ""lord_2"", ""house"": null, ""relationship"": null, ""condition"": {""type"": ""active_dasha""}}, {""planet"": ""lord_11"", ""house"": null, ""relationship"": null, ""condition"": {""type"": ""active_dasha""}}], ""interpretation"": {""positive_outcomes"": [{""nature"": ""financial"", ""magnitude"": ""high""}]}}",,,The Dashas of these planets activate periods of high earnings.,career_public_life,income_from_profession,103a7e215ed8e14c,Gemini,AI,Page 3,CLEANED,0.75,,[],,v2.0,NO_CONFLICT,2025-09-02T10:34:05.031979,JSON refined and scored by AI.
fe77a13fcfaf075e,"{""calculation_context"": {""type"": ""dasha_lord_analysis""}, ""components"": [{""planet"": null, ""lordship"": [7], ""sign"": null, ""house"": null, ""degree"": null, ""conjunction"": [], ""aspect"": [], ""dasha_period"": ""main_period""}]}",The Dasha of the 7th lord can activate marriage.,The Dasha period of the 7th lord can signify a time when marriage or marriage-related events are likely to occur.,The Dasha of the 7th lord can activate marriage.,relationships,marriage_spouse,106aa3617d74d60b,Gemini,AI,Page 30,CLEANED,0.75,,[],,v2.0,NO_CONFLICT,2025-09-02T10:45:21.800542,JSON refined and scored by AI.
578681b27e83f962,"{""calculation_context"": {""type"": ""house""}, ""components"": [{""planet"": {""planet_name"": ""karaka_for_profession""}, ""aspect"": {""aspect_degrees"": [0], ""planet"": {""planet_name"": ""karaka_for_higher_purpose""}}, ""house_number"": 9}, {""planet"": {""planet_name"": ""karaka_for_profession""}, ""conjunction"": {""planet"": {""planet_name"": ""karaka_for_higher_purpose""}}, ""house_number"": 9}]}","Ensures your professional actions are aligned with your higher purpose, leading to long-term satisfaction.",Alignment of professional actions with higher purpose through dharma leads to long-term career satisfaction.,"Ensures your professional actions are aligned with your higher purpose, leading to long-term satisfaction.",travel_dharma_spirituality,,1070222f5aee2a07,Gemini,AI,Page 33,CLEANED,0.75,,[],,v2.0,NO_CONFLICT,2025-09-02T10:32:51.795484,JSON refined and scored by AI.
677858b50ec58049,"{""calculation_context"": {""type"": ""static_placement""}, ""components"": [{""planet"": null, ""sign"": null, ""house"": 4, ""lordship"": {""strength"": ""strong""}}, {""planet"": [""Jupiter"", ""Venus""], ""sign"": null, ""house"": 4}, {""planet"": ""Mars"", ""sign"": null, ""house"": null}]}",The quality and size of the residence are determined by the strength of these factors.,"The strength of the 4th lord, Jupiter or Venus in the 4th, and Mars determine the quality and size of the residence.","The quality and size of the residence are determined by the strength of the 4th lord, benefic planets in the 4th house, and Mars.",home_property_vehicles,property_acquisition,11dc119b0235136b,Gemini,AI,Page 19,CLEANED,0.75,,[],,v2.0,NO_CONFLICT,2025-09-02T10:26:47.407289,JSON refined and scored by AI.
ec3b316bbcc8cfb9,"{""calculation_context"": {""type"": ""yoga_check""}, ""components"": [{""yoga_name"": ""gajakesari_yoga"", ""planet1"": {""planet"": ""Jupiter""}, ""planet2"": {""planet"": ""Moon""}, ""relationship"": {""type"": ""angular"", ""degrees"": [0, 90, 180, 270]}}]}","Gajakesari Yoga (Elephant-Lion Yoga): Formed when Jupiter is in an angular position (1st, 4th, 7th, 10th) from the Moon.",Gajakesari Yoga: Jupiter in a Kendra from the Moon.,"Gajakesari Yoga (Elephant-Lion Yoga) is formed when Jupiter is in an angular position (1st, 4th, 7th, 10th) from the Moon.",yogas,gajakesari_yoga,11fdb2a21e53676b,Gemini,AI,Page 26,CLEANED,0.9,,[],,v2.0,NO_CONFLICT,2025-09-02T10:57:39.627964,JSON refined and scored by AI.
7efe763ae6e6f0e4,"{""calculation_context"": {""type"": ""divisional_chart"", ""divisional_chart_type"": ""navamsa""}, ""components"": [{""chart_name"": ""navamsa"", ""purpose"": ""marriage_analysis""}]}","The Navamsa (D-9) chart, which reveals the deeper karmic reality of the marriage.",The Navamsa (D-9) chart reveals the deeper karmic reality of marriage.,"The Navamsa (D-9) chart, which reveals the deeper karmic reality of the marriage.",relationships,marriage_spouse,1223238bac649e8f,Gemini,AI,Page 6,CLEANED,0.75,,[],,v2.0,NO_CONFLICT,2025-09-02T10:21:35.664680,JSON refined and scored by AI.
47e9924363dd6f31,"{""calculation_context"": {""type"": ""house_strength"", ""strength_type"": ""positive""}, ""components"": [{""house"": 2}]}",,A strong 2nd house strengthens family security and signifies a stable family unit.,"The overall sense of family security and cohesion is bolstered by a strong 2nd house, which signifies a stable and resourceful family unit that provides a foundation of safety.",home_property_vehicles,family_security,1241b1ffba116ddb,Gemini,AI,Page 20,CLEANED,0.75,,[],,v2.0,NO_CONFLICT,2025-09-02T10:41:01.064020,JSON refined and scored by AI.
2c6f64eeabc46a9b,"{""calculation_context"": {""type"": ""karaka"", ""karaka"": ""moon"", ""domain"": ""emotional_expression""}, ""components"": [{""planet"": ""moon""}]}",,,the Moon (Chandra) for emotional expression,learning_education_creativity,arts_performance,12652000997dfaaa,Gemini,AI,Page 12,CLEANED,0.75,,[],,v2.0,NO_CONFLICT,2025-09-02T10:37:27.582461,JSON refined and scored by AI.
60c8a06259f30c0d,"{""calculation_context"": {""type"": ""static_placement""}, ""components"": [{""planet"": null, ""sign"": {""mode"": {""any"": true}}, ""house"": 4}]}","The modality (Fixed, Movable, Dual) of the sign on the 4th house cusp.","The modality (Fixed, Movable, Dual) of the sign on the 4th house cusp is important.",The modality of the sign on the 4th house cusp is significant.,home_property_vehicles,other_home_related,12758aac06d0c8d3,Gemini,AI,Page 18,CLEANED,0.9,,[],,v2.0,NO_CONFLICT,2025-09-02T10:26:27.152084,JSON refined and scored by AI.
faf1a117d4107bd8,"{""calculation_context"": {""type"": ""static_placement"", ""divisional_chart"": ""d9""}, ""components"": [{""planet"": ""atmakaraka"", ""aspect"": {""type"": ""any"", ""planets"": [], ""angle"": null}, ""sign_house"": {""sign"": null, ""house"": null}, ""conjunction"": {""planets"": []}, ""dispositor"": null, ""dignity"": null, ""strength"": null, ""motion"": null}]}",The placement of the AK in the Navamsa (D-9) chart gives even deeper clues about this purpose.,The Atmakaraka's placement in the Navamsa chart provides further insights into life purpose.,The placement of the Atmakaraka in the Navamsa (D-9) chart gives deeper clues about the soul's purpose.,core_self_vitality,life_path_purpose,127b0a2b43edbee7,Gemini,AI,Page 5,CLEANED,0.75,,[],,v2.0,NO_CONFLICT,2025-09-02T10:48:48.135013,JSON refined and scored by AI.
347cf85f5a9a764c,"{""calculation_context"": {""type"": ""transit"", ""duration"": {""unit"": ""days"", ""value"": 1}}, ""components"": [{""planet"": ""Moon"", ""aspect"": {""type"": ""transit"", ""target"": {""type"": ""nakshatra"", ""value"": ""any""}}}]}",The Nakshatra in which the Moon is transiting (~1 day) sets the day's dominant theme and emotional tone.,The transiting Nakshatra of the Moon (approximately 1 day) influences the day's main theme and emotional tone.,The Nakshatra in which the Moon is transiting (~1 day) sets the day's dominant theme and emotional tone.,timing_windows,eclipses_nakshatra_windows,12fb354b2a761c3d,Gemini,AI,Page 31,CLEANED,0.9,,[],,v2.0,NO_CONFLICT,2025-09-02T10:45:47.501157,JSON refined and scored by AI.
9c666524816dbad1,"{""calculation_context"": {""type"": ""static_placement""}, ""components"": [{""planet"": ""Lagna Lord"", ""strength"": ""strong""}, {""planet"": ""Lagna"", ""strength"": ""strong""}]}","A powerful Lagna and Lagna Lord are essential for prominence, providing the personal drive and charisma to achieve high status.","A strong Lagna and Lagna Lord are crucial for prominence, providing drive and charisma for achieving high status.","A powerful Lagna and Lagna Lord are essential, as they provide the personal drive and charisma to achieve high status.",career_public_life,authority_leadership,131a3bb3c6135193,Gemini,AI,Page 1,CLEANED,0.75,,[],,v2.0,NO_CONFLICT,2025-09-02T10:33:24.389045,JSON refined and scored by AI.
a383b760a4e058cd,"{""calculation_context"": {""type"": ""static_placement""}, ""components"": [{""planet"": ""ketu"", ""significance"": [{""name"": ""moksha_karaka""}]}]}","Key Planets: Jupiter (Guru) as the significator of wisdom and guidance, and Ketu (MokshaKaraka) as the significator of spiritual liberation.",Ketu signifies spiritual liberation.,Ketu (MokshaKaraka) is the significator of spiritual liberation.,karma_past_life,moksha_factors,13275ad66cfbbc68,Gemini,AI,Page 5,CLEANED,0.75,,[],,v2.0,NO_CONFLICT,2025-09-02T10:21:16.849317,JSON refined and scored by AI.
258429c8d192c47b,"{""calculation_context"": {""type"": ""static_placement""}, ""components"": [{""house"": ""3"", ""significance"": ""secondary_indicator""}]}",Longevity is a complex calculation primarily assessed from the 8th House and its lord. A strong 8th house and a well-placed Saturn are indicators of a long life. The 3rd house is also analyzed as a secondary indicator.,The 3rd house is a secondary indicator of longevity.,The 3rd house is also analyzed as a secondary indicator.,health_risks_longevity,lifespan_overview,14676f716be054eb,Gemini,AI,Page 22,CLEANED,0.75,,[],,v2.0,NO_CONFLICT,2025-09-02T10:27:45.920723,JSON refined and scored by AI.
53e5ef41b35d92f4,"{""calculation_context"": {""type"": ""strength"", ""target"": ""house_or_lord"", ""strength_type"": ""strong""}, ""components"": [{""house"": 3}, {""planet"": {""relationship"": ""lord_of"", ""relative_to"": {""house"": 3}}}], ""conditional_rules"": [{""condition_type"": ""or"", ""components"": [{""house"": 3, ""sign"": {""nature"": ""movable""}}, {""planet"": {""relationship"": ""lord_of"", ""relative_to"": {""house"": 3}}, ""sign"": {""nature"": ""movable""}}]}]}","A strong 3rd house or its lord, especially in a Movable sign, indicates frequent trips, commutes, and local exploration.","A strong 3rd house or its ruler, particularly in a Movable sign, suggests frequent short trips, commutes, and local exploration.","A strong 3rd house or its lord, especially in a Movable sign, indicates frequent trips, commutes, and local exploration.",travel_dharma_spirituality,short_travel_local,14882bd162bf4467,Gemini,AI,Page 23,CLEANED,0.75,,[],,v2.0,NO_CONFLICT,2025-09-02T10:56:21.979907,JSON refined and scored by AI.
05451a71eeb01784,"{""calculation_context"": {""type"": ""lord_of_house""}, ""components"": [{""house"": 7, ""planet"": {""is_lord_of"": [7]}, ""strength"": {""shadbala"": true, ""vimsopaka_bala"": true, ""istha_phala"": true, ""kashta_phala"": true}, ""placement"": {""house"": true, ""sign"": true, ""nakshatra"": true, ""aspects_received"": true, ""conjunctions"": true}}]}","The 7th Lord: The planet ruling the 7th house, its strength, and placement.","The ruler of the 7th house, its strength, and placement are important factors.","The 7th Lord: The planet ruling the 7th house, its strength, and placement.",relationships,marriage_spouse,155788aa98c2832e,Gemini,AI,Page 6,CLEANED,0.75,,[],,v2.0,NO_CONFLICT,2025-09-02T10:21:35.664680,JSON refined and scored by AI.
ee89c238c21910cb,"{""calculation_context"": {""type"": ""static_placement""}, ""components"": [{""logic"": ""or"", ""components"": [{""planet"": ""jupiter"", ""influence"": {""aspect"": {""target_house"": [2, 11]}, ""conjunction"": {""target_house"": [2, 11]}}}, {""planet"": ""saturn"", ""dignity"": ""exalted,own_sign,moolatrikona"", ""influence"": {""aspect"": {""target_house"": [2, 11]}, ""conjunction"": {""target_house"": [2, 11]}}}]}, {""house"": 2, ""sign"": [""taurus"", ""leo"", ""scorpio"", ""aquarius""]}, {""house"": 11, ""sign"": [""taurus"", ""leo"", ""scorpio"", ""aquarius""]}]}","Wealth stability is often seen when the primary wealth houses (2nd and 11th) are located in Fixed signs (Taurus, Leo, Scorpio, Aquarius) and are influenced by stable planets like Jupiter or a strong Saturn.",2nd and 11th houses in fixed signs and influenced by Jupiter or strong Saturn indicate wealth stability.,"Wealth stability is indicated when the 2nd and 11th houses are in fixed signs (Taurus, Leo, Scorpio, Aquarius) and influenced by Jupiter or a strong Saturn.",wealth_assets_resources,wealth_stability,155aeed4e6eb649b,Gemini,AI,Page 10,CLEANED,0.9,,[],,v2.0,NO_CONFLICT,2025-09-02T10:50:59.567003,JSON refined and scored by AI.
cd633ff1badb94e0,"{""calculation_context"": {""type"": ""static_placement""}, ""components"": [{""planet"": ""sun"", ""afflicted_by"": [{""planet"": ""rahu""}, {""planet"": ""ketu""}, {""planet"": ""saturn""}]}, {""house"": 9, ""afflicted_by"": [{""planet"": ""rahu""}, {""planet"": ""ketu""}, {""planet"": ""saturn""}]}]}",Pitru Dosha (...) indicates a karmic debt to the paternal ancestors. It arises from afflictions to the Sun (father) and the 9th house (lineage).,"Pitru Dosha signifies a karmic debt to paternal ancestors, stemming from afflictions to the Sun (representing the father) and the 9th house (representing lineage).","Pitru Dosha (Ancestral Debt): As covered previously, this dosha indicates a karmic debt to the paternal ancestors. It arises from afflictions to the Sun (father) and the 9th house (lineage).",karma_past_life,"ancestral_karmas,pitru_dosha",15975a1c1f6596df,Gemini,AI,Page 28,CLEANED,0.75,,[],,v2.0,NO_CONFLICT,2025-09-02T10:44:22.252041,JSON refined and scored by AI.
de7fcc15e21747b9,"{""calculation_context"": {""type"": ""strength_dignity"", ""target"": ""house"", ""strength_type"": [""shadbala"", ""vimsopaka_bala""], ""strength_condition"": ""strong""}, ""components"": [{""house"": ""9""}, {""planet"": ""lord_of_house_9"", ""calculation_context"": {""type"": ""strength_dignity"", ""target"": ""planet"", ""strength_type"": [""shadbala"", ""vimsopaka_bala""], ""strength_condition"": ""strong""}}]}","The 9th House acts as the moral and philosophical compass that guides the individual along their path. A strong 9th house and its lord bestow a clear sense of dharma (right action), strong principles, and the fortune to connect with teachers or guiding philosophies. This is the bedrock of spiritual self-alignment.","A strong 9th house and its lord grant a clear sense of dharma, strong principles, and connection with teachers or guiding philosophies.","A strong 9th house and its lord bestow a clear sense of dharma (right action), strong principles, and the fortune to connect with teachers or guiding philosophies.",core_self_vitality,spiritual_self_alignment,160acd951aeeb331,Gemini,AI,Page 5,CLEANED,0.75,,[],,v2.0,NO_CONFLICT,2025-09-02T10:48:48.135013,JSON refined and scored by AI.
565130744f452fcc,"{""calculation_context"": {""type"": ""dosha_present"", ""subtype"": ""career_obstacles""}, ""components"": []}",These are the primary obstacles to your career.,Doshas represent significant career obstacles.,These are the primary obstacles to your career.,doshas,other_doshas_related,1625e1c589e0ec8a,Gemini,AI,Page 33,CLEANED,0.75,,[],,v2.0,NO_CONFLICT,2025-09-02T10:46:50.789282,JSON refined and scored by AI.
fb33873a37c81d8f,"{""calculation_context"": {""type"": ""static_placement""}, ""components"": [{""planet"": null, ""sign"": null, ""house"": 3, ""influence"": [{""aspect"": null, ""dignity"": null, ""strength"": null, ""movement"": null}]}, {""planet"": null, ""sign"": null, ""house"": 5, ""influence"": [{""aspect"": null, ""dignity"": null, ""strength"": null, ""movement"": null}]}], ""interpretation_context"": {""domain"": ""skills_and_creativity"", ""marketplace_relevance"": true}}","Skills & Creativity (3rd, 5th Houses) are talents brought to the marketplace, defining work performance and uniqueness.","Skills and creativity (3rd and 5th houses) represent the specific talents one brings to the professional world, shaping work performance and individual uniqueness.","Skills & Creativity (3rd, 5th Houses) are talents brought to the marketplace, defining work performance and uniqueness.",learning_education_creativity,"intellectual_skills,practical_skills",17053037ef12b655,Gemini,AI,Page 32,CLEANED,0.75,,[],,v2.0,NO_CONFLICT,2025-09-02T10:32:26.167798,JSON refined and scored by AI.
e3864fa74051170e,"{""calculation_context"": {""type"": ""static_placement""}, ""components"": [{""planet"": null, ""sign"": null, ""house"": 9, ""influence"": [{""nature"": ""positive"", ""aspect"": null, ""conjunction"": null, ""relationship"": ""general"", ""description"": ""Strong status provides career platform""}]}, {""planet"": null, ""sign"": null, ""house"": 4, ""influence"": [{""nature"": ""positive"", ""aspect"": null, ""conjunction"": null, ""relationship"": ""general"", ""description"": ""Strong status provides career platform""}, {""nature"": ""negative"", ""aspect"": null, ""conjunction"": null, ""relationship"": ""general"", ""description"": ""Pitru Dosha (ancestral karma) creates professional blocks""}]}]}","Parents & Ancestors (9th, 4th Houses): Their status can provide a career platform. Ancestral karma (Pitru Dosha) can create professional blocks.",The status of parents and ancestors (9th and 4th houses) can provide a platform for career advancement. Ancestral karma (Pitru Dosha) can create unexplained obstacles in professional life.,"Parents & Ancestors (9th, 4th Houses): Their status can provide a career platform. Ancestral karma (Pitru Dosha) can create professional blocks.",family_lineage,"father_status_influence,mother_status_influence,ancestral_heritage",17314f897314e1c9,Gemini,AI,Page 32,CLEANED,0.75,,[],,v2.0,NO_CONFLICT,2025-09-02T10:32:26.167798,JSON refined and scored by AI.
9d574deca8245d5a,"{""calculation_context"": {""type"": ""karaka"", ""karaka_type"": ""natural""}, ""components"": [{""planet"": ""mars"", ""significance"": ""karaka"", ""domain"": ""siblings""}]}","Siblings: The 3rd House (younger siblings), the 11th House (elder siblings), and Mars (Mangala) as the Bhratru Karaka (significator of siblings).",Mars signifies siblings.,Mars is the karaka for siblings.,relationships,siblings_relations,17359373fb9e2618,Gemini,AI,Page 18,CLEANED,0.9,,[],,v2.0,NO_CONFLICT,2025-09-02T10:54:19.944731,JSON refined and scored by AI.
cc1ab6c176e76171,"{""calculation_context"": {""type"": ""static_placement""}, ""components"": [{""planet"": ""saturn"", ""sign"": null, ""house"": null, ""influence"": ""wisdom"", ""source"": ""experience""}]}",Key Planets (Karakas): Saturn (Shani) for wisdom gained through experience.,Saturn signifies wisdom gained through experience.,Saturn (Shani) for wisdom gained through experience,learning_education_creativity,practical_skills,174a0c9f1043173f,Gemini,AI,Page 13,CLEANED,0.75,,[],,v2.0,NO_CONFLICT,2025-09-02T10:24:35.699149,JSON refined and scored by AI.
35fd3402a0c19d2c,"{""calculation_context"": {""type"": ""static_placement""}, ""components"": [{""planet"": [""Mars"", ""Mercury"", ""Jupiter"", ""Venus"", ""Saturn""], ""condition"": {""or"": [{""sign_status"": ""own_sign""}, {""sign_status"": ""exalted""}]}, ""house"": [1, 4, 7, 10]}]}","Pancha Mahapurusha Yogas (Five Great Person Yogas): Formed when one of the five planets—Mars, Mercury, Jupiter, Venus, or Saturn—is in its own sign or exalted, and located in a Kendra.","Pancha Mahapurusha Yogas are formed when Mars, Mercury, Jupiter, Venus, or Saturn is in own sign/exalted and in a Kendra.","Pancha Mahapurusha Yogas (Five Great Person Yogas) are formed when one of the five planets—Mars, Mercury, Jupiter, Venus, or Saturn—is in its own sign or exalted, and located in a Kendra (1, 4, 7, 10).",yogas,pancha_mahapurusha_yogas,193b58af769f5eb5,Gemini,AI,Page 26,CLEANED,0.9,,[],,v2.0,NO_CONFLICT,2025-09-02T10:43:25.981213,JSON refined and scored by AI.
aaa2b99eb2bfb41e,"{""calculation_context"": {""type"": ""static_placement""}, ""components"": [{""house"": ""9"", ""significators"": [{""significator"": ""father"", ""aspects"": [""influence"", ""teacher_role"", ""fortune"", ""belief_system""]}]}, {""planet"": ""sun"", ""significators"": [{""significator"": ""father"", ""aspects"": [""vitality"", ""authority""]}]}]}","The father's influence is seen from the 9th House, representing him as a teacher, his fortune, and his belief system. The Sun's strength reflects his vitality, authority, and","The 9th house represents the father's influence, role as a teacher, fortune, and beliefs. The Sun's strength reflects his vitality and authority.","The father's influence is seen from the 9th House, representing him as a teacher, his fortune, and his belief system. The Sun's strength reflects his vitality, authority, and",family_lineage,father_status_influence,19933e63bbcad812,Gemini,AI,Page 16,CLEANED,0.75,,[],,v2.0,NO_CONFLICT,2025-09-02T10:39:10.085025,JSON refined and scored by AI.
8604f3b7cc924b48,"{""calculation_context"": {""type"": ""static_placement""}, ""components"": [{""planet"": ""ketu"", ""nature"": ""significator"", ""domain"": [""moksha"", ""spirituality""]}]}","Ketu points towards the ultimate, non-material purpose of the soul.","Ketu indicates the soul's ultimate, non-material purpose.","Ketu points towards the ultimate, non-material purpose of the soul.",core_self_vitality,spiritual_self_alignment,19ab5ccb1aef6c78,Gemini,AI,Page 5,CLEANED,0.75,,[],,v2.0,NO_CONFLICT,2025-09-02T10:48:48.135013,JSON refined and scored by AI.
80422c6570310ff1,"{""calculation_context"": {""type"": ""static_placement""}, ""components"": [{""planet"": ""saturn"", ""dignity"": null, ""house"": null, ""sign"": null, ""aspect"": null, ""conjunction"": null, ""dispositor"": null, ""nakshatra"": null, ""motion"": null}], ""semantic_conditions"": [{""domain"": ""wisdom"", ""nature"": ""practical"", ""source"": ""experience""}, {""domain"": ""knowledge"", ""nature"": ""earned"", ""source"": ""discipline_and_time""}, {""domain"": ""understanding"", ""nature"": ""grounded_and_resilient"", ""source"": ""reality""}]}","While education deals with information, wisdom deals with truth. The quest for philosophical understanding and higher knowledge is the domain of the 9th House and Jupiter. A strong 9th house and a powerful Jupiter create a natural philosopher, a teacher, or a lifelong student of life, always seeking a deeper meaning. The 5th house, as the house of purva punya (past life credit), can also bestow innate wisdom that doesn't come from books. Spiritual learning is primarily seen through the 12th House (the house of liberation) and the influence of Ketu. As the significator for moksha (enlightenment), Ketu provides profound intuitive insights and a natural detachment from worldly matters, guiding the soul towards introspection and self-realization. A prominent connection between Jupiter and Ketu often produces a powerful spiritual seeker or guide. Finally, practical, hard-earned wisdom is the gift of Saturn. Saturn gives knowledge not from theory but from experience, discipline, and time. Its influence teaches the lessons of reality, creating a grounded and resilient understanding of the world.",,"Finally, practical, hard-earned wisdom is the gift of Saturn. Saturn gives knowledge not from theory but from experience, discipline, and time. Its influence teaches the lessons of reality, creating a grounded and resilient understanding of the world.",learning_education_creativity,"practical_skills,lifelong_learning",19e67e62116fa9e2,Gemini,AI,Page 13,CLEANED,0.75,,[],,v2.0,NO_CONFLICT,2025-09-02T10:52:33.273007,JSON refined and scored by AI.
933793dfb760d945,"{""calculation_context"": {""type"": ""static_placement""}, ""components"": [{""type"": ""cusp"", ""house_index"": 10, ""sign"": [{""sign"": ""Taurus""}, {""sign"": ""Virgo""}, {""sign"": ""Capricorn""}]}]}","Earthy Signs (Taurus, Virgo, Capricorn): Point towards practical, stable professions in finance, business, engineering, or service.","10th house in Taurus, Virgo, or Capricorn indicates stable careers in finance, business, engineering, or service.","Earthy signs on the 10th house cusp suggest practical, stable careers in areas like finance, business, engineering, or service.",career_public_life,other_career_related,1a08344522ce4782,Gemini,AI,Page 2,CLEANED,0.75,,[],,v2.0,NO_CONFLICT,2025-09-02T10:20:14.037622,JSON refined and scored by AI.
f5eb85fb97b9ae91,"{""calculation_context"": {""type"": ""static_placement""}, ""components"": [{""planet"": null, ""sign"": null, ""house"": 1, ""influence"": [{""aspect"": null, ""conjunction"": null, ""sign_lord"": null}], ""strength"": null, ""dignity"": null, ""is_retrograde"": null, ""house_meaning"": [""self"", ""status""]}, {""planet"": null, ""sign"": null, ""house"": 10, ""influence"": [{""aspect"": null, ""conjunction"": null, ""sign_lord"": null}], ""strength"": null, ""dignity"": null, ""is_retrograde"": null, ""house_meaning"": [""public_status"", ""power""]}]}","Primary Houses: The 1st House (Lagna - the self and status) and the 10th House (Karma Sthana - public status, power).",The 1st (self and status) and 10th (public status and power) houses are primary indicators for prominence and governance.,"The 1st House (Lagna - the self and status) and the 10th House (Karma Sthana - public status, power) are primary houses for evaluating prominence and governance.",career_public_life,authority_leadership,1a110eaa469700c8,Gemini,AI,Page 1,CLEANED,0.75,,[],,v2.0,NO_CONFLICT,2025-09-02T10:47:15.467079,JSON refined and scored by AI.
ac8c2aef08c8bcab,"{""calculation_context"": {""type"": ""general_karmic_principle""}, ""components"": [{""type"": ""karmic_influence"", ""details"": {""source"": ""ancestral"", ""transmission_method"": ""inheritance"", ""lineage"": [""paternal"", ""maternal""]}}]}",Ancestral karmas are passed down through both parental lines.,Ancestral karmas are inherited through both paternal and maternal lineages.,Ancestral karmas are passed down through both parental lines.,karma_past_life,ancestral_karmas,1a9df0028fa6fbc3,Gemini,AI,Page 25,CLEANED,0.75,,[],,v2.0,NO_CONFLICT,2025-09-02T10:28:58.530413,JSON refined and scored by AI.
8d279a6ad7bf56b9,"{""calculation_context"": {""type"": ""static_placement""}, ""components"": [{""planet"": ""sun"", ""conjunct_with"": [""rahu"", ""ketu""]}, {""planet"": ""moon"", ""conjunct_with"": [""rahu"", ""ketu""]}]}","When the Sun or Moon is with Rahu or Ketu, it's as if that luminary is in a perpetual state of eclipse.",Grahan Dosha creates a constant eclipse-like effect on the Sun or Moon.,"When the Sun or Moon is with Rahu or Ketu, it's as if that luminary is in a perpetual state of eclipse. An afflicted Sun can cause low self-confidence, issues with authority figures, and poor vitality. An afflicted",doshas,grahan_dosha,1ab6577c55f12320,Gemini,AI,Page 28,CLEANED,0.9,,[],,v2.0,NO_CONFLICT,2025-09-02T10:44:22.252041,JSON refined and scored by AI.
f2fcf9020c60a102,"{""calculation_context"": {""type"": ""static_placement""}, ""components"": [{""planet"": ""all"", ""sign"": ""all"", ""house"": ""5"", ""lord"": ""analyzed"", ""aspect"": ""all""}, {""planet"": ""all"", ""sign"": ""all"", ""house"": ""all"", ""lord_of_house"": ""5"", ""aspect"": ""all""}]}","The sign, planets, and aspects on the 5th house and its lord reveal the ease or challenges related to progeny","The sign, planets, and aspects influencing the 5th house and its lord indicate the ease or difficulty in having children.","The sign, planets, and aspects on the 5th house and its lord reveal the ease or challenges related to progeny.",family_lineage,childbearing_potential,1af24503d666ec89,Gemini,AI,Page 17,CLEANED,0.75,,[],,v2.0,NO_CONFLICT,2025-09-02T10:26:04.946046,JSON refined and scored by AI.
d98038021ce3256f,"{""calculation_context"": {""type"": ""yoga"", ""yoga_name"": ""saraswati_yoga""}, ""components"": [{""planet"": ""mercury"", ""condition"": {""dignity"": ""strong""}}, {""planet"": ""venus"", ""condition"": {""dignity"": ""strong""}}, {""planet"": ""jupiter"", ""condition"": {""dignity"": ""strong""}}]}","The presence of a Saraswati Yoga (strong placements of Mercury, Venus, and Jupiter) is a powerful indicator of a learned, articulate, and highly respected individual.","Saraswati Yoga (strong Mercury, Venus, and Jupiter) indicates a learned, articulate, and respected individual.","The presence of a Saraswati Yoga (strong placements of Mercury, Venus, and Jupiter) is a powerful indicator of a learned, articulate, and highly respected individual.",yogas,saraswati_yoga,1b40d4fe476c53b1,Gemini,AI,Page 12,CLEANED,0.9,,[],,v2.0,NO_CONFLICT,2025-09-02T10:52:00.662882,JSON refined and scored by AI.
ae337a8f3f7bdc53,"{""calculation_context"": {""type"": ""strength_evaluation""}, ""components"": [{""planet"": ""Mercury"", ""strength"": {""type"": ""strong""}}, {""planet"": ""Venus"", ""strength"": {""type"": ""strong""}}, {""planet"": ""Jupiter"", ""strength"": {""type"": ""strong""}}]}","The presence of a Saraswati Yoga (strong placements of Mercury, Venus, and Jupiter) is a powerful indicator of a learned, articulate, and highly respected individual.","Saraswati Yoga (strong Mercury, Venus, and Jupiter) indicates a learned, articulate, and respected individual.","The presence of a Saraswati Yoga (strong placements of Mercury, Venus, and Jupiter) is a powerful indicator of a learned, articulate, and highly respected individual.",yogas,saraswati_yoga,1b5250ac92e93ec3,Gemini,AI,Page 14,CLEANED,0.75,,[],,v2.0,NO_CONFLICT,2025-09-02T10:38:24.929522,JSON refined and scored by AI.
a3de4dddd73a00ee,"{""calculation_context"": {""type"": ""static_placement""}, ""components"": [{""house"": 3, ""strength"": ""strong"", ""sign_group"": ""movable""}, {""is_lord_of"": 3, ""strength"": ""strong"", ""sign_group"": ""movable""}]}","A strong 3rd house or its lord, especially in a Movable sign, indicates frequent trips, commutes, and local exploration.",A strong 3rd house or its lord in a movable sign suggests frequent short trips and commutes.,"A strong 3rd house or its lord, especially in a Movable sign, indicates frequent trips, commutes, and local exploration.",travel_dharma_spirituality,short_travel_local,1befe9e0ce4460f3,Gemini,AI,Page 23,CLEANED,0.75,,[],,v2.0,NO_CONFLICT,2025-09-02T10:42:04.545684,JSON refined and scored by AI.
7beaab33335a4a61,"{""calculation_context"": {""type"": ""dasha_lord_analysis""}, ""components"": [{""planet"": {""relationship"": ""connected_to"", ""target"": {""house"": ""8th""}}}, {""planet"": {""relationship"": ""connected_to"", ""target"": {""house"": ""12th""}}}]}","The dasha of a planet connected to a difficult house (8th or 12th) can bring transformation, loss, or spiritual introspection.","If a planet associated with a challenging house (such as the 8th or 12th) is in its dasha period, it can lead to periods of transformation, loss, or spiritual introspection.","The Dasha of a planet connected to a difficult house (like the 8th or 12th) can bring periods of transformation, loss, or spiritual introspection.",timing_windows,other_dashas,1c137f84593bdcec,Gemini,AI,Page 30,CLEANED,0.75,,[],,v2.0,NO_CONFLICT,2025-09-02T10:31:21.014498,JSON refined and scored by AI.
b8dc488e01f6166d,"{""calculation_context"": {""type"": ""static_placement""}, ""components"": [{""type"": ""planet_lord_of"", ""house"": 1, ""strength"": ""strong"", ""affliction"": ""unafflicted""}, {""type"": ""planet"", ""name"": ""moon"", ""strength"": ""strong"", ""affliction"": ""unafflicted""}]}","Resilience and adaptability are not abstract concepts; they are seen in the strength of the Lagna Lord (physical and characterological resilience) and the Moon (emotional resilience). When these are strong and unafflicted, the person can withstand life's challenges without losing their direction.",A strong and unafflicted Lagna lord and Moon enable a person to navigate life's challenges without losing direction.,"When the Lagna Lord and the Moon are strong and unafflicted, the person can withstand life's challenges without losing their direction.",core_self_vitality,resilience_adaptability,1c43884fae0d6af4,Gemini,AI,Page 5,CLEANED,0.9,,[],,v2.0,NO_CONFLICT,2025-09-02T10:34:55.102878,JSON refined and scored by AI.
6ebf15af73b090e1,"{""calculation_context"": {""type"": ""static_placement""}, ""components"": [{""planet"": null, ""sign"": null, ""house"": 2, ""signification"": [""movable_assets"", ""cash"", ""jewelry"", ""valuables""]}]}","Movable assets, including cash, jewelry, and valuables, fall under the purview of the 2nd House.","The 2nd house governs movable assets such as cash, jewelry, and valuables.","Movable assets, including cash, jewelry, and valuables, fall under the purview of the 2nd House.",wealth_assets_resources,movable_assets,1c470f9c3d88b230,Gemini,AI,Page 10,CLEANED,0.9,,[],,v2.0,NO_CONFLICT,2025-09-02T10:36:38.493081,JSON refined and scored by AI.
cfe47d9f52a78fed,"{""calculation_context"": {""type"": ""static_placement""}, ""components"": [{""planet"": null, ""sign"": ""aries"", ""house"": 4, ""sign_group"": ""movable""}, {""planet"": null, ""sign"": ""cancer"", ""house"": 4, ""sign_group"": ""movable""}, {""planet"": null, ""sign"": ""libra"", ""house"": 4, ""sign_group"": ""movable""}, {""planet"": null, ""sign"": ""capricorn"", ""house"": 4, ""sign_group"": ""movable""}]}","Relocation and changes in residence are indicated by the 4th house falling in a Movable sign (Aries, Cancer, Libra, Capricorn) or by the influence of mobile planets like the Moon or Rahu on the 4th house or its lord.","A movable sign (Aries, Cancer, Libra, Capricorn) on the 4th house cusp indicates relocation and changes of residence.","Relocation and changes in residence are indicated by the 4th house falling in a Movable sign (Aries, Cancer, Libra, Capricorn).",home_property_vehicles,relocation_residence_changes,1d14412d7dc10e25,Gemini,AI,Page 19,CLEANED,0.9,,[],,v2.0,NO_CONFLICT,2025-09-02T10:40:43.297256,JSON refined and scored by AI.
56a9e481c4e67b85,"{""calculation_context"": {""type"": ""sade_sati_calculation""}, ""components"": [{""planet"": ""Saturn"", ""position"": {""sign"": null, ""degree"": null}, ""relation"": {""sign"": null, ""degree"": null, ""based_on"": ""Moon""}, ""sade_sati_phase"": {""type"": ""active"", ""duration_years"": 7.5}}]}",Sade Sati is a crucial 7.5-year period during Saturn's transit.,Sade Sati is a critical 7.5-year period within Saturn's transit cycle.,Including the crucial 7.5-year period of Sade Sati.,timing_windows,sade_sati,1db792400b45dcfc,Gemini,AI,Page 30,CLEANED,0.9,,[],,v2.0,NO_CONFLICT,2025-09-02T10:31:21.014498,JSON refined and scored by AI.
903d3472679eaad7,"{""calculation_context"": {""type"": ""karaka""}, ""components"": [{""planet"": ""saturn"", ""karaka"": [""construction"", ""long_term_assets""]}]}",Saturn (Shani) for construction and long-term assets.,Saturn signifies construction and long-term assets.,Saturn signifies construction and long-term assets.,home_property_vehicles,property_acquisition,1e00eca825c6ae3e,Gemini,AI,Page 18,CLEANED,0.75,,[],,v2.0,NO_CONFLICT,2025-09-02T10:26:27.152084,JSON refined and scored by AI.
464a2c8ce05749e3,"{""calculation_context"": {""type"": ""yoga_check"", ""yoga_type"": [""strength_yoga"", ""success_yoga""]}, ""components"": [{""type"": ""outcome"", ""outcome"": [""worldly_success"", ""status"", ""wealth"", ""leadership"", ""public_recognition""]}]}","These are powerful combinations that bestow worldly success, including status, wealth, leadership, and public recognition.","Strength & Success Yogas grant status, wealth, leadership, and recognition.","Strength & Success Yogas are powerful combinations that bestow worldly success, including status, wealth, leadership, and public recognition.",yogas,other_strength_success_yogas,1e166b36bc67c16f,Gemini,AI,Page 26,CLEANED,0.75,,[],,v2.0,NO_CONFLICT,2025-09-02T10:29:36.834662,JSON refined and scored by AI.
e9ad14add7f05664,"{""calculation_context"": {""type"": ""dynamic_placement""}, ""components"": [{""planet"": ""Rahu"", ""aspect"": {""target_planet"": null, ""target_house"": null, ""type"": [""aspect"", ""occupation""]}, ""sign_house"": null, ""specific_degree"": null}, {""planet"": ""Ketu"", ""aspect"": {""target_planet"": null, ""target_house"": null, ""type"": [""aspect"", ""occupation""]}, ""sign_house"": null, ""specific_degree"": null}]}",Rahu-Ketu Affliction: The influence of the nodal axis on the houses they occupy and aspect.,Rahu-Ketu affliction refers to the influence of Rahu and Ketu on the houses they occupy and aspect.,Rahu-Ketu Affliction: The influence of the nodal axis on the houses they occupy and aspect.,doshas,rahu_ketu_affliction,1e1c14671d755510,Gemini,AI,Page 29,CLEANED,0.75,,[],,v2.0,NO_CONFLICT,2025-09-02T10:30:47.426010,JSON refined and scored by AI.
ba11ee3e9ab641f4,"{""calculation_context"": {""type"": ""static_placement""}, ""components"": [{""planet"": ""Mars"", ""karaka"": ""Bhoomi Karaka""}]}",,,Mars (Mangala) as the significator of land and property (Bhoomi Karaka),home_property_vehicles,property_acquisition,1e1e1faca7964c5c,Gemini,AI,Page 9,CLEANED,0.75,,[],,v2.0,NO_CONFLICT,2025-09-02T10:22:47.297281,JSON refined and scored by AI.
eaf177d11f076af9,"{""calculation_context"": {""type"": ""static_placement""}, ""components"": [{""planet"": null, ""sign"": null, ""house"": ""10"", ""influence"": [{""aspect"": null, ""conjunction"": null, ""sign_lord"": null, ""house_lord"": null, ""nak\u1e63atra"": null, ""nak\u1e63atra_lord"": null}]}]}",,The 10th house determines public status and reputation.,The 10th House determines public status and reputation,relationships,social_influence_presence,1e4772efc78f2673,Gemini,AI,Page 8,CLEANED,0.75,,[],,v2.0,NO_CONFLICT,2025-09-02T10:22:15.769979,JSON refined and scored by AI.
090f19489bbad9fc,"{""calculation_context"": {""type"": ""transit""}, ""components"": [{""planet"": ""saturn"", ""aspect"": {""type"": ""any"", ""planets"": [], ""angle"": null}, ""sign"": null, ""house"": null}]}",,,"Transits of Saturn bring responsibility, hard work, and the karmic results of past actions.",career_public_life,other_career_dynamics,1ea592a0d94aa25c,Gemini,AI,Page 3,CLEANED,0.75,,[],,v2.0,NO_CONFLICT,2025-09-02T10:34:05.031979,JSON refined and scored by AI.
5cdabc6acf96fc00,"{""calculation_context"": {""type"": ""transit"", ""compared_to"": ""natal_chart""}, ""components"": [{""planet"": ""any"", ""sign"": ""any"", ""house"": ""any"", ""degree"": ""any"", ""motion"": ""any""}]}",Transits are the real-time movement of planets compared to their natal positions.,Transits refer to the current movement of planets in the sky relative to their positions in your birth chart.,Transits are the real-time movement of planets in the sky compared to their positions in your birth chart.,timing_windows,other_transits_periods,1f3ba06d55fda539,Gemini,AI,Page 30,CLEANED,0.75,,[],,v2.0,NO_CONFLICT,2025-09-02T10:31:21.014498,JSON refined and scored by AI.
e091f04ade0775a2,"{""calculation_context"": {""type"": ""general_interpretation""}, ""components"": [{""type"": ""relationship_aspect"", ""description"": ""Relationships (in general)""}, {""type"": ""support_aspect"", ""description"": ""Form the support system""}, {""type"": ""career_aspect"", ""description"": ""Career structure and partnerships""}, {""type"": ""influence_aspect"", ""description"": ""Relationships influence career"", ""subject"": ""relationship_aspect"", ""object"": ""career_aspect""}]}",Relationships form the support system and partnership structure for a career.,Relationships provide the support system and partnership framework for career development.,Relationships form the support system and partnership structure for a career.,relationships,other_relationships_related,1f47f609c5d31c5b,Gemini,AI,Page 32,CLEANED,0.75,,[],,v2.0,NO_CONFLICT,2025-09-02T10:32:26.167798,JSON refined and scored by AI.
7993b3168cbf2909,"{""calculation_context"": {""type"": ""yoga"", ""domain"": ""wealth_and_status""}, ""components"": [{""yoga_type"": ""raja_yoga"", ""source"": ""profession_and_public_life""}, {""yoga_type"": ""dhana_yoga"", ""source"": ""profession_and_public_life""}]}",Raja Yogas and Dhana Yogas are the most powerful indicators of high status and wealth gained directly through your profession and public life.,Raja Yogas and Dhana Yogas strongly indicate high status and wealth through career and public life.,Raja Yogas and Dhana Yogas are the most powerful indicators of high status and wealth gained directly through your profession and public life.,yogas,"raja_yogas,dhana_yogas",1f59ac858fb94cdf,Gemini,AI,Page 33,CLEANED,0.75,,[],,v2.0,NO_CONFLICT,2025-09-02T10:32:51.795484,JSON refined and scored by AI.
69831d6c2e500e96,"{""calculation_context"": {""type"": ""yoga_check"", ""description"": ""Check for the presence of planetary combinations that constitute Yogas""}, ""components"": [{""type"": ""planetary_combination"", ""description"": ""A specific combination of planets based on their signs, houses, and/or aspects, as defined in Vedic Astrology texts.""}]}","Yogas—the powerful planetary combinations that act as the ""special grammar"" of a birth chart.",Yogas are powerful planetary combinations influencing the birth chart.,"Yogas are the powerful planetary combinations that act as the ""special grammar"" of a birth chart.",yogas,other_yogas_related,1f6ae3ccc89add37,Gemini,AI,Page 26,CLEANED,0.75,,[],,v2.0,NO_CONFLICT,2025-09-02T10:29:36.834662,JSON refined and scored by AI.
b29c6193bbd7504e,"{""calculation_context"": {""type"": ""yoga"", ""yoga_name"": ""saraswati_yoga""}, ""components"": [{""yoga"": ""saraswati_yoga"", ""description"": ""Saraswati Yoga is present""}]}","Saraswati Yoga, which indicate high intelligence and scholastic achievement.",Saraswati Yoga indicates high intelligence and academic success.,"Saraswati Yoga, which indicate high intelligence and scholastic achievement.",yogas,saraswati_yoga,1f6d5ecbf1a6ed22,Gemini,AI,Page 11,CLEANED,0.9,,[],,v2.0,NO_CONFLICT,2025-09-02T10:23:37.203942,JSON refined and scored by AI.
d33e495657d055c3,"{""calculation_context"": {""type"": ""static_placement""}, ""components"": [{""planet"": ""moon"", ""strength"": {""condition"": ""any""}, ""sign_house_aspects"": {""condition"": ""any""}}], ""interpretation_context"": {""domain"": ""psychology"", ""aspect"": ""balance"", ""relationship"": ""dependency"", ""degree"": ""overwhelming""}}",Psychological balance is overwhelmingly dependent on the condition of the Moon.,Mental well-being is primarily determined by the Moon's condition.,Psychological balance is overwhelmingly dependent on the condition of the Moon.,health_risks_longevity,psychological_balance,1fa8aa6945f9f32f,Gemini,AI,Page 21,CLEANED,0.75,,[],,v2.0,NO_CONFLICT,2025-09-02T10:55:36.322463,JSON refined and scored by AI.
83706cda5d52800b,"{""calculation_context"": {""type"": ""static_placement"", ""strength"": ""strong""}, ""components"": [{""planet"": ""Saturn""}], ""interpretation_context"": {""domain"": ""career_and_success"", ""sub_domain"": ""politics"", ""specific_area"": ""mass_influence_and_democratic_politics""}}",A strong Saturn can bestow immense influence over the masses and success in democratic politics.,A strong Saturn grants influence over the masses and success in democratic politics.,"Saturn, when strong, can bestow immense influence over the masses and success in democratic politics.",career_public_life,politics_public_service,1fffa6a1afe61e99,Gemini,AI,Page 1,CLEANED,0.75,,[],,v2.0,NO_CONFLICT,2025-09-02T10:33:24.389045,JSON refined and scored by AI.
7e379f27d59f36b7,"{""calculation_context"": {""type"": ""dasha_period"", ""planet_role"": [""dasha_lord"", ""bhukti_lord""]}, ""components"": [{""planet"": {""house_lord_of"": 2}}, {""planet"": {""house_lord_of"": 7}}], ""conditional_matches"": [{""condition_type"": ""or"", ""conditions"": [{""condition_type"": ""age"", ""qualifier"": ""old""}, {""condition_type"": ""chart_characteristic"", ""characteristic"": ""health_vulnerability""}], ""outcome"": {""nature"": ""risk"", ""target"": ""life"", ""severity"": ""elevated""}}]}","Risk periods are often timed by the Dasha (planetary periods) of specific planets. The lords of the 2nd and 7th houses are known as Maraka (killer) planets. During their major or sub-periods, especially in old age or if the chart shows health vulnerabilities, the risk to life can be elevated.","The lords of the 2nd and 7th houses are Maraka planets, and their dashas can be risky, especially in old age or with health vulnerabilities.","The lords of the 2nd and 7th houses are known as Maraka (killer) planets. During their major or sub-periods, especially in old age or if the chart shows health vulnerabilities, the risk to life can be elevated.",health_risks_longevity,"risk_periods,sudden_endings",21d8ecfc37add6ea,Gemini,AI,Page 22,CLEANED,0.75,,[],,v2.0,NO_CONFLICT,2025-09-02T10:56:02.593595,JSON refined and scored by AI.
a73ec4b545a1281c,"{""calculation_context"": {""type"": ""static_placement""}, ""components"": [{""planet"": ""Sun"", ""sign_house"": {""house"": 9}, ""interpretation"": {""lineage"": ""paternal""}}, {""planet"": ""Moon"", ""sign_house"": {""house"": 4}, ""interpretation"": {""lineage"": ""maternal""}}]}","paternal lineage, while the Moon and the 4th House reflect the maternal side.","The Sun and 9th house signify paternal lineage, while the Moon and 4th house represent maternal lineage.","The Sun and the 9th House represent the paternal lineage, while the Moon and the 4th House reflect the maternal side.",family_lineage,ancestral_heritage,225289544e3f2aa9,Gemini,AI,Page 26,CLEANED,0.75,,[],,v2.0,NO_CONFLICT,2025-09-02T10:29:36.833650,JSON refined and scored by AI.
aac4deba7cb6f80e,"{""calculation_context"": {""type"": ""yoga_present""}, ""components"": [{""type"": ""planet_aspect"", ""planet"": ""unknown"", ""aspect"": ""unknown"", ""target_planet"": ""unknown"", ""strength"": ""unknown""}, {""type"": ""planet_position"", ""planet"": ""unknown"", ""sign"": ""unknown"", ""house"": ""unknown"", ""strength"": ""unknown""}, {""type"": ""yoga"", ""name"": ""unknown"", ""strength"": ""unknown""}]}",These are the amplifiers of your career.,Yogas enhance career prospects.,These are the amplifiers of your career.,yogas,other_yogas_related,225e7de0b481c585,Gemini,AI,Page 33,CLEANED,0.75,,[],,v2.0,NO_CONFLICT,2025-09-02T10:46:50.789282,JSON refined and scored by AI.
1cd4e1671996adfb,"{""calculation_context"": {""type"": ""static_placement""}, ""components"": [{""planet"": null, ""sign"": null, ""house"": 2, ""sign_lord"": null, ""house_lord"": null, ""nakshatra"": null, ""nakshatra_lord"": null, ""sub"": null, ""sub_lord"": null, ""aspect"": null, ""conjunction"": null}]}",The 2nd House governs foundational learning and early speech.,The 2nd house signifies early childhood education and development of language skills.,The 2nd House governs foundational learning and early speech.,learning_education_creativity,primary_education,2275b2e4a6bdc872,Gemini,AI,Page 11,CLEANED,0.75,,[],,v2.0,NO_CONFLICT,2025-09-02T10:23:37.203942,JSON refined and scored by AI.
a0fba7fe391e8321,"{""calculation_context"": {""type"": ""static_placement""}, ""components"": [{""planet"": ""venus"", ""sign"": null, ""house"": 4, ""influence"": true, ""influence_strength"": ""strong"", ""influence_type"": [""aspect"", ""ownership""]}, {""planet"": ""venus"", ""sign"": null, ""house"": 1, ""influence"": true, ""influence_strength"": ""strong"", ""influence_type"": [""aspect"", ""ownership""]}]}","A strong connection between the 4th lord and Venus, or a powerful Venus influencing the 4th or 1st house, is a strong indicator of owning vehicles.",Venus strongly influencing the 4th or 1st house indicates vehicle ownership.,A powerful Venus influencing the 4th or 1st house is a strong indicator of owning vehicles.,home_property_vehicles,vehicle_ownership,2284ba08b988eead,Gemini,AI,Page 19,CLEANED,0.75,,[],,v2.0,NO_CONFLICT,2025-09-02T10:40:43.298257,JSON refined and scored by AI.
c0ce91c855488c76,"{""calculation_context"": {""type"": ""house_significance""}, ""components"": [{""house"": 5, ""significance"": [{""domain"": ""financial_gains"", ""type"": ""speculative"", ""source"": [""stocks"", ""investments"", ""creative_ventures""]}]}]}",,,"Speculative gains from stocks, investments, and creative ventures are the domain of the 5th House.",wealth_assets_resources,speculative_gains_losses,2302de61df924bca,Gemini,AI,Page 9,CLEANED,0.75,,[],,v2.0,NO_CONFLICT,2025-09-02T10:22:47.297281,JSON refined and scored by AI.
032db8494eedeafa,"{""calculation_context"": {""type"": ""static_placement""}, ""components"": [{""planet"": ""venus"", ""sign"": null, ""house"": null, ""influence_type"": ""rulership""}, {""planet"": null, ""sign"": null, ""house"": 2, ""influence_type"": ""ownership""}], ""relationship"": ""or""}","Your savings and valuable possessions, including vehicles, are governed by the 2nd house and Venus.","2nd house and Venus rule savings and valuables, including vehicles.","The 2nd house and Venus govern savings and valuable possessions, including vehicles.",wealth_assets_resources,"movable_assets,savings_investments",23917d46c90d7870,Gemini,AI,Page 10,CLEANED,0.75,,[],,v2.0,NO_CONFLICT,2025-09-02T10:23:17.585684,JSON refined and scored by AI.
db3b11c1f5f95860,"{""calculation_context"": {""type"": ""static_placement""}, ""components"": [{""planet"": ""Jupiter"", ""sign_house_aspect"": {""sign"": null, ""house"": 9, ""aspect"": null}}, {""planet"": ""Sun"", ""sign_house_aspect"": {""sign"": null, ""house"": 9, ""aspect"": null}}, {""planet"": ""Saturn"", ""sign_house_aspect"": {""sign"": null, ""house"": 9, ""aspect"": null}}, {""planet"": ""Ketu"", ""sign_house_aspect"": {""sign"": null, ""house"": 12, ""aspect"": null}}, {""planet"": ""Jupiter"", ""sign_house_aspect"": {""sign"": ""Sagittarius"", ""house"": null, ""aspect"": null}}, {""planet"": ""Jupiter"", ""sign_house_aspect"": {""sign"": ""Pisces"", ""house"": null, ""aspect"": null}}, {""planet"": ""Atmakaraka"", ""sign_house_aspect"": {""sign"": null, ""house"": 9, ""aspect"": null}}, {""planet"": ""Darakaraka"", ""sign_house_aspect"": {""sign"": null, ""house"": 7, ""aspect"": null}}]}","This section explores an individual's core beliefs, philosophical outlook, and the trajectory of their spiritual growth and service.","This section examines an individual's core beliefs, philosophical outlook, spiritual growth, and service.","This section explores an individual's core beliefs, philosophical outlook, and the trajectory of their spiritual growth and service.",travel_dharma_spirituality,other_dharma_spirituality,23a2218c84bd14ce,Gemini,AI,Page 23,CLEANED,0.75,,[],,v2.0,NO_CONFLICT,2025-09-02T10:28:21.808976,JSON refined and scored by AI.
3fd51aead38109d5,"{""calculation_context"": {""type"": ""static_placement""}, ""components"": [{""planet"": ""Rahu"", ""aspect"": null, ""sign_house"": {""sign"": null, ""house"": true}, ""specific_degree"": null, ""influence"": [{""nature"": ""intense"", ""domain"": ""karmic""}, {""nature"": ""disruptive"", ""domain"": ""karmic""}, {""nature"": ""insatiable"", ""domain"": ""desire""}, {""nature"": ""high"", ""domain"": ""ambition""}, {""nature"": ""obsessive"", ""domain"": null}, {""nature"": ""sudden"", ""domain"": ""events""}, {""nature"": ""unconventional"", ""domain"": ""events""}, {""nature"": ""amplified"", ""domain"": ""worldly cravings""}]}, {""planet"": ""Ketu"", ""aspect"": null, ""sign_house"": {""sign"": null, ""house"": true}, ""specific_degree"": null, ""influence"": [{""nature"": ""detached"", ""domain"": null}, {""nature"": ""confused"", ""domain"": null}, {""nature"": ""sudden"", ""domain"": ""breaks""}, {""nature"": ""loss"", ""domain"": null}, {""nature"": ""spiritual"", ""domain"": ""insights""}, {""nature"": ""dissolution"", ""domain"": null}, {""nature"": ""introspective"", ""domain"": null}]}], ""relationship"": {""type"": ""axis""}}","Rahu-Ketu Affliction: The nodal axis brings intense and often disruptive karmic experiences. Rahu's influence creates insatiable desire, ambition, obsession, and sudden, unconventional events related to the house it occupies. It amplifies worldly cravings. Ketu's influence brings detachment, confusion, sudden breaks, loss, and spiritual insights. It is a force of dissolution and introspection.","Rahu and Ketu bring intense karmic experiences. Rahu creates desire, ambition, and sudden events, while Ketu brings detachment, confusion, and spiritual insights.","The nodal axis brings intense and often disruptive karmic experiences. Rahu's influence creates insatiable desire, ambition, obsession, and sudden, unconventional events related to the house it occupies. It amplifies worldly cravings. Ketu's influence brings detachment, confusion, sudden breaks, loss, and spiritual insights. It is a force of dissolution and introspection.",doshas,rahu_ketu_affliction,23be59cb3041ac5f,Gemini,AI,Page 29,CLEANED,0.75,,[],,v2.0,NO_CONFLICT,2025-09-02T10:30:47.426010,JSON refined and scored by AI.
700b20e072c4d36c,"{""calculation_context"": {""type"": ""dasha_system"", ""description"": ""Planetary periods influencing life events""}, ""components"": [{""type"": ""dasha"", ""description"": ""A specific planetary period within the dasha system, activating potentials in the birth chart and bringing specific themes to life.""}, {""type"": ""birth_chart"", ""description"": ""The natal astrological chart containing planetary placements at the time of birth.""}, {""type"": ""life_stage"", ""description"": ""A period in a person's life corresponding to a specific dasha period.""}]}","Dashas are planetary periods that activate the potential in the birth chart, bringing specific themes to the forefront at different life stages.","Dashas are cycles of planetary periods that activate the inherent potential within your birth chart, bringing specific themes and experiences into focus at various life stages.","Your life story is timed by a system of planetary periods called Dashas. These cycles activate the potential inherent in your birth chart, bringing specific themes to the forefront at different stages of life.",timing_windows,other_dashas,23bf9925039528c9,Gemini,AI,Page 30,CLEANED,0.75,,[],,v2.0,NO_CONFLICT,2025-09-02T10:59:24.708002,JSON refined and scored by AI.
4077c36ff71bf33e,"{""calculation_context"": {""type"": ""strength_dignity""}, ""components"": [{""planet"": ""lagna_lord"", ""strength"": {""strong"": true}, ""affliction"": {""is_afflicted"": false}}, {""planet"": ""moon"", ""strength"": {""strong"": true}, ""affliction"": {""is_afflicted"": false}}]}","Resilience and adaptability are not abstract concepts; they are seen in the strength of the Lagna Lord (physical and characterological resilience) and the Moon (emotional resilience). When these are strong and unafflicted, the person can withstand life's challenges without losing their direction.",A strong and unafflicted Lagna lord and Moon enable a person to withstand challenges without losing direction.,"When the Lagna Lord and the Moon are strong and unafflicted, the person can withstand life's challenges without losing their direction.",core_self_vitality,resilience_adaptability,2418f6d01e83b78f,Gemini,AI,Page 5,CLEANED,0.75,,[],,v2.0,NO_CONFLICT,2025-09-02T10:48:48.135013,JSON refined and scored by AI.
a91fb0602dfe0461,"{""calculation_context"": {""type"": ""static_placement""}, ""components"": [{""planet"": ""Jupiter"", ""house"": 7, ""planet_nature"": ""Benefic""}, {""planet"": ""Venus"", ""house"": 7, ""planet_nature"": ""Benefic""}]}",,,Benefic planets like Jupiter or Venus in the 7th house promise harmony.,relationships,marriage_spouse,2439545af1992af7,Gemini,AI,Page 6,CLEANED,0.9,,[],,v2.0,NO_CONFLICT,2025-09-02T10:35:17.317273,JSON refined and scored by AI.
40c1b296116367b8,"{""calculation_context"": {""type"": ""static_placement"", ""divisional_chart"": ""d9""}, ""components"": [{""planet"": [""venus"", ""jupiter""], ""sign"": null, ""house"": 7}, {""planet"": [""venus"", ""jupiter""], ""sign"": null, ""house"": 5}]}","Your romantic and marital life is a story told across several key areas of your chart. The 7th house describes the nature of your spouse and marriage, while the 5th house reveals your capacity for romance and love. The planets Venus and Jupiter are key indicators of relational happiness. For the deepest insights, astrologers turn to the Navamsa (D-9) chart, which uncovers the underlying karmic reality and ultimate destiny of your most significant partnerships.","The 7th house describes the spouse and marriage, the 5th house reveals romantic capacity, Venus and Jupiter indicate relational happiness, and the Navamsa chart reveals the karmic reality of partnerships.",,relationships,"marriage_spouse,love_relationships",244ac4b257afcd18,Gemini,AI,Page 6,CLEANED,0.9,,[],,v2.0,NO_CONFLICT,2025-09-02T10:49:17.430023,JSON refined and scored by AI.
d1fbe7ad1ca1e8c5,"{""calculation_context"": {""type"": ""strength_and_placement""}, ""components"": [{""planet"": ""mars"", ""placement"": {""strength"": ""strong"", ""dignity"": null}}, {""house"": 3, ""strength"": ""strong""}, {""house"": 3, ""lord"": {""placement"": {""strength"": ""strong"", ""dignity"": null}}}]}","A strong 3rd house and its lord, along with a well-placed Mars, indicate supportive and strong relationships with younger siblings.","Strong 3rd house, its lord, and well-placed Mars suggest positive relationships with younger siblings.","A strong 3rd house and its lord, along with a well-placed Mars, indicate supportive and strong relationships with younger siblings.",relationships,siblings_relations,24614de63632e088,Gemini,AI,Page 18,CLEANED,0.75,,[],,v2.0,NO_CONFLICT,2025-09-02T10:26:27.152084,JSON refined and scored by AI.
35c08c97a7fa612e,"{""calculation_context"": {""type"": ""strength_dignity"", ""target"": ""planet"", ""strength_type"": ""shadbala""}, ""components"": [{""planet"": {""relationship"": ""lord_of"", ""house"": 12}, ""strength"": {""condition"": ""strong"", ""strength_type"": ""shadbala"", ""relative_to"": ""average""}}]}",A strong 12th lord indicates a deep-seated desire for enlightenment and a life path that supports it.,A strong 12th lord suggests a strong desire for enlightenment and a supportive life path.,A strong 12th lord indicates a deep-seated desire for enlightenment and a life path that supports it.,karma_past_life,moksha_factors,248b4f219f2da294,Gemini,AI,Page 25,CLEANED,0.75,,[],,v2.0,NO_CONFLICT,2025-09-02T10:42:46.799387,JSON refined and scored by AI.
7ad691e119d8d937,"{""calculation_context"": {""type"": ""static_placement""}, ""components"": [{""planet"": ""lagna"", ""sign_house_placement"": {""house"": 1}}]}","This area assesses the potential to achieve authority, influence, a strong public reputation, and leadership roles. It is the measure of one's rise in the public sphere.","This section evaluates the potential for authority, influence, public reputation, and leadership roles, measuring one's rise in the public sphere.",,career_public_life,authority_leadership,249270a1cb20e09b,Gemini,AI,Page 1,CLEANED,0.9,,[],,v2.0,NO_CONFLICT,2025-09-02T10:19:54.272290,JSON refined and scored by AI.
b11accfc23501a9b,"{""calculation_context"": {""type"": ""static_placement""}, ""components"": [{""planet"": null, ""sign"": null, ""house"": 2, ""domain"": ""assets"", ""assets"": [""movable"", ""cash"", ""jewelry"", ""valuables""]}]}","Movable assets, including cash, jewelry, and valuables, fall under the purview of the 2nd House.","The 2nd house signifies movable assets like cash, jewelry, and valuables.","Movable assets, including cash, jewelry, and valuables, are governed by the 2nd House.",wealth_assets_resources,movable_assets,24a836057e01833e,Gemini,AI,Page 10,CLEANED,0.9,,[],,v2.0,NO_CONFLICT,2025-09-02T10:23:17.585684,JSON refined and scored by AI.
263b90b22862ac58,"{""calculation_context"": {""type"": ""static_placement""}, ""components"": [{""house"": 3}, {""house"": 11}, {""planet"": ""Mars""}]}",Siblings: The 3rd House for younger siblings and the 11th House for elder siblings. Mars (Mangala) is the natural significator.,"The 3rd house represents younger siblings, while the 11th house represents elder siblings. Mars signifies the sibling bond. The strength and placement of these house lords indicate support or rivalry.","Siblings are seen from the 3rd House (younger) and the 11th House (elder), with Mars governing the bond of siblinghood itself. The strength and placement of these house lords indicate the level of support or rivalry.",relationships,siblings_relations,24c89bab22777071,Gemini,AI,Page 7,CLEANED,0.75,,[],,v2.0,NO_CONFLICT,2025-09-02T10:21:50.343130,JSON refinement AI call failed; using original raw JSON.
c72c63e1a321d217,"{""calculation_context"": {""type"": ""strength_assessment"", ""target"": [""lagna"", ""lagna_lord""]}, ""components"": [{""planet"": ""lagna"", ""strength"": {""condition"": ""strong""}}, {""planet"": ""lagna_lord"", ""strength"": {""condition"": ""strong""}}]}",General health and constitution are determined by the strength of the Lagna and the Lagna Lord.,Overall health is linked to the strength of the Ascendant and its ruler.,General health and constitution are determined by the strength of the Lagna and the Lagna Lord.,health_risks_longevity,general_health,24ca6c26c14b2211,Gemini,AI,Page 21,CLEANED,0.75,,[],,v2.0,NO_CONFLICT,2025-09-02T10:27:25.745289,JSON refined and scored by AI.
7f5d71e11eaf8ba5,"{""calculation_context"": {""type"": ""general_interpretation""}, ""components"": [{""type"": ""keyword"", ""value"": ""innate_talents""}, {""type"": ""keyword"", ""value"": ""artistic_abilities""}, {""type"": ""keyword"", ""value"": ""innovation""}, {""type"": ""keyword"", ""value"": ""performance""}, {""type"": ""keyword"", ""value"": ""writing""}, {""type"": ""keyword"", ""value"": ""intellectual_skills""}, {""type"": ""keyword"", ""value"": ""inventive_skills""}]}","This section explores innate talents, artistic abilities, and the capacity for innovation, covering everything from performance and writing to intellectual and inventive skills.","This section analyzes the birth chart for innate talents, artistic abilities, and innovative potential, encompassing performance, writing, intellectual, and inventive skills.","This section explores innate talents, artistic abilities, and the capacity for innovation, covering everything from performance and writing to intellectual and inventive skills.",learning_education_creativity,"arts_performance,writing_expression,practical_skills",256e6f139ea1390f,Gemini,AI,Page 15,CLEANED,0.75,,[],,v2.0,NO_CONFLICT,2025-09-02T10:25:17.163454,JSON refined and scored by AI.
2e90f76233c27b2c,"{""calculation_context"": {""type"": ""influence"", ""domain"": ""general_significator""}, ""components"": [{""planet"": ""mercury"", ""influence_type"": [""dexterity"", ""intellect""], ""influenced_area"": [""writing"", ""communication"", ""intricate_crafts""]}]}","Mercury provides the dexterity and intellect for writing, communication, and intricate crafts.","Mercury signifies dexterity and intellect for writing, communication, and crafts.","Mercury provides the dexterity and intellect for writing, communication, and intricate crafts.",learning_education_creativity,writing_expression,26120dbd72022d4e,Gemini,AI,Page 12,CLEANED,0.75,,[],,v2.0,NO_CONFLICT,2025-09-02T10:52:00.662882,JSON refined and scored by AI.
d61186ec0b121bd9,"{""calculation_context"": {""type"": ""static_placement""}, ""components"": [{""planet"": null, ""sign"": null, ""house"": 3, ""influence"": [{""aspect"": null, ""conjunction"": null}]}], ""interpretation_context"": {""domain"": ""general_characteristics"", ""sub_domain"": ""skills_and_abilities""}}","The 3rd House (skills of the hand, writing, performance) and the 5th House (creativity, intellect, self-expression).","The 3rd house represents manual dexterity, writing abilities, and performance skills.","The 3rd house governs skills of the hand, writing, and performance.",learning_education_creativity,"practical_skills,writing_expression,arts_performance",2648a4007d5e8b79,Gemini,AI,Page 12,CLEANED,0.75,,[],,v2.0,NO_CONFLICT,2025-09-02T10:24:10.499341,JSON refined and scored by AI.
f697233dcd09e19a,"{""calculation_context"": {""type"": ""life_purpose_alignment""}, ""components"": [{""planet"": ""rahu"", ""aspect"": ""life_lessons"", ""relationship"": ""alignment_with""}, {""planet"": ""ketu"", ""aspect"": ""detached_wisdom"", ""relationship"": ""embracing""}, {""planet"": ""atmakaraka"", ""aspect"": ""nature_or_influence"", ""relationship"": ""guidance_from""}]}","Soul purpose alignment is achieved when one lives according to the lessons of Rahu while embracing the detached wisdom of Ketu, a journey guided by the nature of the Atmakaraka.","Soul purpose alignment is achieved by balancing Rahu's lessons with Ketu's wisdom, guided by the Atmakaraka.","Soul purpose alignment is achieved when one lives according to the lessons of Rahu while embracing the detached wisdom of Ketu, a journey guided by the nature of the Atmakaraka.",karma_past_life,soul_purpose_alignment,265e6b876323432a,Gemini,AI,Page 25,CLEANED,0.75,,[],,v2.0,NO_CONFLICT,2025-09-02T10:42:46.799387,JSON refined and scored by AI.
7b69df3564c69642,"{""calculation_context"": {""type"": ""planet_karaka""}, ""components"": [{""planet"": ""Mars"", ""karaka"": ""Bhoomi""}, {""planet"": ""Venus"", ""karaka"": ""Vahana""}, {""planet"": ""Saturn"", ""karaka"": ""construction""}]}",,,"Mars (Mangala) as the significator of land and property (Bhoomi Karaka), Venus (Shukra) for vehicles (Vahana Karaka), and Saturn (Shani) for construction and large structures.",home_property_vehicles,"property_acquisition,vehicle_ownership",26726cdbc318ea99,Gemini,AI,Page 9,CLEANED,0.75,,[],,v2.0,NO_CONFLICT,2025-09-02T10:36:22.635077,JSON refinement AI call failed; using original raw JSON.
187fa6a97b94782e,"{""calculation_context"": {""type"": ""relationship_context""}, ""components"": [{""planet"": ""10th_lord"", ""house"": null, ""relationship"": [{""with"": ""2nd_lord"", ""aspect"": null, ""conjunction"": null, ""yoga"": null, ""sign_exchange"": null}, {""with"": ""11th_lord"", ""aspect"": null, ""conjunction"": null, ""yoga"": null, ""sign_exchange"": null}]}]}",,Income from profession is linked to the relationship between the 10th lord and the 2nd/11th lords.,Income from profession is determined by the relationship between the 10th lord (action) and the 2nd/11th lords (wealth/gains).,career_public_life,income_from_profession,26ab5259a684479a,Gemini,AI,Page 3,CLEANED,0.75,,[],,v2.0,NO_CONFLICT,2025-09-02T10:20:35.565199,JSON refined and scored by AI.
59e9adb81fb5263d,"{""calculation_context"": {""type"": ""house_lordship""}, ""components"": [{""house"": 7, ""planet"": {""is_lord_of"": [7]}, ""strength"": {""shadbala"": true, ""vimsopaka_bala"": true, ""istha_phala"": true, ""kashta_phala"": true}, ""placement"": {""house"": true, ""sign"": true, ""nakshatra"": true, ""aspects_received"": true, ""conjunctions"": true}}]}",,,"The planet ruling the 7th house, its strength, and placement are key indicators for marriage.",relationships,marriage_spouse,26b8fba9e0826f7d,Gemini,AI,Page 6,CLEANED,0.75,,[],,v2.0,NO_CONFLICT,2025-09-02T10:35:17.317273,JSON refined and scored by AI.
26e7415ea2553cea,"{""calculation_context"": {""type"": ""complex_interpretation""}, ""components"": []}","Your financial journey is not static; it has its own rhythm and pattern. The stability of your wealth is indicated by the signs governing your financial houses, while the influence of planets like Rahu can point to periods of sudden gains or losses. The chart also highlights potential financial risks by examining the interplay between houses of wealth and houses of challenge. Ultimately, the timing of financial peaks and troughs throughout your life is precisely mapped by the unfolding of your planetary periods (Dashas).",Financial stability is shown by the signs ruling financial houses. Rahu's influence can bring sudden gains or losses. Financial risks are seen through the interaction of wealth and challenge houses. Planetary periods (Dashas) time financial peaks and troughs.,,wealth_assets_resources,"financial_risks,sudden_gains_losses,wealth_stability",26e7415ea2553cea,Gemini,AI,Page 11,CLEANED,0.6,,[],,v2.0,NO_CONFLICT,2025-09-02T10:36:59.267468,JSON refined and scored by AI.
a8a1e887019e71b3,"{""calculation_context"": {""type"": ""static_placement""}, ""components"": [{""planet"": ""atmakaraka"", ""sign"": null, ""house"": 9}]}","Purpose & Direction (9th House, Atmakaraka) define career purpose. Alignment brings fulfillment, misalignment leads to burnout.","The 9th house and Atmakaraka reveal career purpose. Alignment with this purpose leads to fulfillment, while misalignment results in burnout.","Purpose & Direction (9th House, Atmakaraka) define career purpose. Alignment brings fulfillment, misalignment leads to burnout.",core_self_vitality,life_path_purpose,26ee41fe5f525d20,Gemini,AI,Page 32,CLEANED,0.9,,[],,v2.0,NO_CONFLICT,2025-09-02T10:32:26.167798,JSON refined and scored by AI.
e79511974b1ce0c5,"{""calculation_context"": {""type"": ""static_placement""}, ""components"": [{""type"": ""house"", ""index"": 3, ""strength"": ""strong""}]}","Independence and autonomy are the domain of a strong Sun, which grants self-reliance, and a well-supported 3rd house, which provides the courage for self-effort.",A strong 3rd house fosters courage for self-effort and autonomy.,A well-supported 3rd house provides the courage for self-effort and contributes to independence and autonomy.,core_self_vitality,independence_autonomy,27056189e988d1a8,Gemini,AI,Page 5,CLEANED,0.75,,[],,v2.0,NO_CONFLICT,2025-09-02T10:34:55.102878,JSON refined and scored by AI.
5b761613ffa8b9a2,"{""calculation_context"": {""type"": ""muhurta""}, ""components"": [{""comment"": ""This trigger is intentionally broad, reflecting the fact's emphasis on Muhurta (electional astrology) for selecting auspicious moments for actions, rather than predicting an entire life.  Specific tithi, vara, nakshatra, yoga, and karana combinations would be determined based on the specific action being planned.""}]}","While this is less for predicting your entire life, it is an essential tool for selecting auspicious moments to initiate important actions, thereby aligning your efforts with the flow of universal energy.","While less relevant for predicting an entire life, it's a crucial tool for choosing favorable moments to begin important activities, thus harmonizing efforts with the universal energy flow.","While this is less for predicting your entire life, it is an essential tool for selecting auspicious moments to initiate important actions, thereby aligning your efforts with the flow of universal energy.",timing_windows,tithi_yoga_karana,2758ae9ff3da44c0,Gemini,AI,Page 31,CLEANED,0.75,,[],,v2.0,NO_CONFLICT,2025-09-02T10:59:58.718821,JSON refined and scored by AI.
43a8e686210b7aae,"{""calculation_context"": {""type"": ""static_placement"", ""divisional_chart"": ""navamsa"", ""planet"": ""atmakaraka""}, ""components"": [{""type"": ""karakamsha"", ""planet"": ""atmakaraka"", ""sign_house_placement"": {""sign"": true, ""house"": false}}]}",The Karakamsha: The sign occupied by the Atmakaraka in the Navamsa (D-9) chart.,The Karakamsha (Atmakaraka's sign in Navamsa) influences career.,"The Karakamsha, the sign occupied by the Atmakaraka in the Navamsa chart, is significant for career.",career_public_life,other_career_related,27c283e5d3582d8c,Gemini,AI,Page 2,CLEANED,0.9,,[],,v2.0,NO_CONFLICT,2025-09-02T10:33:43.669108,JSON refined and scored by AI.
282c96636125649c,"{""calculation_context"": {""type"": ""static_placement""}, ""components"": [{""planet"": ""moon"", ""dignity"": ""exalted"", ""condition"": ""or"", ""dignity_strength"": [""own_sign"", ""moolatrikona"", ""exalted""], ""house_strength"": [""angular"", ""trinal""], ""aspect_from"": [{""planet"": ""jupiter"", ""aspect_type"": ""any""}]}]}","A bright, well-placed Moon, especially if aspected by Jupiter, grants emotional resilience, optimism, and a stable mind.","A strong Moon, particularly when aspected by Jupiter, promotes emotional resilience, optimism, and mental stability.","A bright, well-placed Moon, especially if aspected by Jupiter, grants emotional resilience, optimism, and a stable mind.",health_risks_longevity,"psychological_balance,emotional_resilience",280560f57d29aceb,Gemini,AI,Page 21,CLEANED,0.75,,[],,v2.0,NO_CONFLICT,2025-09-02T10:55:36.322463,JSON refined and scored by AI.
66f521472ecc4ceb,"{""calculation_context"": {""type"": ""static_placement""}, ""components"": [{""type"": ""cusp"", ""index"": 10}, {""type"": ""sign_of_cusp"", ""cusp_index"": 10, ""sign"": [""Cancer"", ""Scorpio"", ""Pisces""]}]}","Watery Signs (Cancer, Scorpio, Pisces): Indicate compassionate, intuitive, or research-based fields like healing arts, creative arts, or psychology.","If the 10th house cusp falls in a watery sign (Cancer, Scorpio, Pisces), it indicates a career in compassionate fields like healing arts, creative arts, or psychology.","Watery signs on the 10th house cusp suggest careers in healing arts, creative arts, or psychology.",career_public_life,"healing_medical_professions,creative_arts_entertainment",285c274eae5a6e0c,Gemini,AI,Page 2,CLEANED,0.75,,[],,v2.0,NO_CONFLICT,2025-09-02T10:47:37.010866,JSON refined and scored by AI.
da59d578a72798e6,"{""calculation_context"": {""type"": ""influence_strength""}, ""components"": [{""planet"": ""venus"", ""strength"": ""strong"", ""influenced_houses"": [{""house"": 3}, {""house"": 5}, {""house"": 10}]}]}",,,"Its strong influence on the 3rd, 5th, or 10th house is often found in the charts of successful artists.",career_public_life,creative_arts_entertainment,2870aebb4fa442bd,Gemini,AI,Page 12,CLEANED,0.75,,[],,v2.0,NO_CONFLICT,2025-09-02T10:37:27.582461,JSON refined and scored by AI.
207623791f57813d,"{""calculation_context"": {""type"": ""upapada_lagna""}, ""components"": [{""type"": ""planet_sign_house_aspect"", ""planet"": null, ""sign"": null, ""house"": null, ""aspect"": null, ""relationship"": ""is_considered_for"", ""target"": {""type"": ""concept"", ""concept"": ""marriage""}}]}",,,The Upapada Lagna (UL) is considered for the institution of marriage.,relationships,marriage_spouse,28985c8722d26581,Gemini,AI,Page 6,CLEANED,0.75,,[],,v2.0,NO_CONFLICT,2025-09-02T10:35:17.317273,JSON refined and scored by AI.
0fdf606a30562de6,"{""calculation_context"": {""type"": ""static_placement""}, ""components"": [{""house"": ""8""}, {""planet"": ""saturn""}]}","The general overview of your lifespan is assessed through the 8th house and the planet Saturn. While astrology can indicate a long and healthy life, it also highlights specific planetary periods that may represent times of increased risk or vulnerability.",Lifespan is assessed through the 8th house and Saturn.,The general overview of your lifespan is assessed through the 8th house and the planet Saturn.,health_risks_longevity,"lifespan_overview,risk_periods",28b7c1a017dc4add,Gemini,AI,Page 22,CLEANED,0.75,,[],,v2.0,NO_CONFLICT,2025-09-02T10:41:45.215483,JSON refinement AI call failed; using original raw JSON.
6e39628e91b43c7f,"{""calculation_context"": {""type"": ""transit""}, ""components"": [{""planet"": ""jupiter"", ""aspect"": {""type"": ""any"", ""planets"": [], ""angle"": null}, ""sign"": null, ""house"": null}]}","Jupiter transits bring grace, opportunity, and expansion.","Jupiter transits offer opportunities for growth, expansion, and grace.","Jupiter transits are astrological periods characterized by an influx of grace, opportunity, and expansive energy. These transits often bring about favorable circumstances for growth and development in various areas of life.",timing_windows,"career_peak_timing,jupiter_transits",290398f78d5d7fdf,Gemini,AI,Page 30; Page 3,CLEANED,0.75,6e39628e91b43c7f,[],,v2.0,NO_CONFLICT,2025-09-02T10:31:21.014498,"Consolidated from 2 facts. Original IDs: ['6e39628e91b43c7f', '73b18b6c29325030']"
5b1b0ee93248c088,"{""calculation_context"": {""type"": ""panchang""}, ""components"": [{""tithi"": {""name"": ""purnima"", ""interpretation"": {""quality"": ""good for culmination""}}}, {""tithi"": {""name"": ""amavasya"", ""interpretation"": {""quality"": ""good for beginnings or introspection""}}}]}","Each Tithi has a quality; for example, a Full Moon (Purnima) is good for culmination, while a New Moon (Amavasya) is good for beginnings or introspection.","Each Tithi has a specific quality. A Full Moon (Purnima) is favorable for culmination, while a New Moon (Amavasya) is good for new beginnings or introspection.","Each Tithi has a quality; for example, a Full Moon (Purnima) is good for culmination, while a New Moon (Amavasya) is good for beginnings or introspection.",timing_windows,tithi_yoga_karana,2981c340b2b83502,Gemini,AI,Page 31,CLEANED,0.75,,[],,v2.0,NO_CONFLICT,2025-09-02T10:45:47.501157,JSON refined and scored by AI.
02e3173b911607c1,"{""calculation_context"": {""type"": ""static_placement""}, ""components"": [{""planet"": ""sun"", ""afflicting_planets"": [""rahu"", ""ketu"", ""saturn""]}, {""planet"": ""moon"", ""afflicting_planets"": [""rahu"", ""ketu"", ""saturn""]}, {""house"": 9, ""afflicting_planets"": [""rahu"", ""ketu"", ""saturn""]}]}","Pitru Dosha: Affliction to the Sun, Moon, and/or 9th House by Rahu, Ketu, or Saturn.","Pitru Dosha occurs when the Sun, Moon, or 9th house are afflicted by Rahu, Ketu, or Saturn.","Affliction to the Sun, Moon, and/or 9th House by Rahu, Ketu, or Saturn.",doshas,pitru_dosha,29c6c8fc63f87f51,Gemini,AI,Page 28,CLEANED,0.9,,[],,v2.0,NO_CONFLICT,2025-09-02T10:30:20.255727,JSON refined and scored by AI.
f68b843e23980407,"{""calculation_context"": {""type"": ""static_placement""}, ""components"": [{""type"": ""house_cusp"", ""index"": 10, ""sign"": [{""sign"": ""Taurus""}, {""sign"": ""Virgo""}, {""sign"": ""Capricorn""}]}]}","Earthy Signs (Taurus, Virgo, Capricorn): Point towards practical, stable professions in finance, business, engineering, or service.","10th house in an earthy sign indicates practical careers in areas like finance, business, engineering, or service.","Earthy signs (Taurus, Virgo, Capricorn) on the 10th house cusp suggest practical, stable careers in finance, business, engineering, or service.",career_public_life,other_career_related,29e194270383fe12,Gemini,AI,Page 2,CLEANED,0.75,,[],,v2.0,NO_CONFLICT,2025-09-02T10:33:43.669108,JSON refined and scored by AI.
a0b02b8ddce0b534,"{""calculation_context"": {""type"": ""static_placement""}, ""components"": [{""planet"": {""planet"": [""mars"", ""saturn"", ""rahu"", ""ketu"", ""sun""], ""condition"": ""any""}, ""aspect"": {""type"": [""aspect"", ""conjunction""], ""condition"": ""any""}, ""target"": {""planet"": [""moon"", ""mercury""], ""condition"": ""any""}}]}","Afflictions from challenging planets can indicate a predisposition to stress or anxiety, highlighting the importance of cultivating psychological balance throughout life.",Planetary afflictions can suggest a tendency towards stress and anxiety.,Afflictions from challenging planets can indicate a predisposition to stress or anxiety.,health_risks_longevity,"lifespan_overview,psychological_balance",29ef08772d152fda,Gemini,AI,Page 22,CLEANED,0.75,,[],,v2.0,NO_CONFLICT,2025-09-02T10:27:45.920723,JSON refined and scored by AI.
caab2ced57696ba8,"{""calculation_context"": {""type"": ""yoga_check"", ""yoga_name"": ""dhana_yoga""}, ""components"": [{""planet1_house_group"": [2, 11], ""planet2_house_group"": [1, 5, 9], ""relationship"": [""conjunction"", ""aspect""]}]}","Dhana Yogas (Wealth Yogas): These combinations specifically bestow wealth. They are formed by connections between the lords of wealth houses (2nd, 11th) and the lords of fortune (1st, 5th, 9th).","Dhana Yogas bestow wealth, formed by connections between 2nd/11th house lords and 1st/5th/9th house lords.","Dhana Yogas (Wealth Yogas) specifically bestow wealth. They are formed by connections between the lords of wealth houses (2nd, 11th) and the lords of fortune (1st, 5th, 9th).",yogas,dhana_yogas,2a4bacd3d91cba59,Gemini,AI,Page 26,CLEANED,0.9,,[],,v2.0,NO_CONFLICT,2025-09-02T10:57:39.627964,JSON refined and scored by AI.
daed21c02d59e429,"{""calculation_context"": {""type"": ""static_placement""}, ""components"": [{""type"": ""planet_lord"", ""house"": 1, ""strength"": {""type"": ""qualitative"", ""value"": ""strong""}, ""placement"": {""type"": ""qualitative"", ""value"": ""well-placed""}}], ""interpretation_aspects"": [""self-identity"", ""character"", ""health"", ""assertiveness"", ""life_force_direction""]}",,,"The Lagna Lord is the ""captain of the ship,"" and its condition reveals the strength and coherence of one's self-identity. A strong, well-placed Lagna Lord grants a robust character, good health, and the ability to assert oneself effectively. The house it occupies shows where the individual's life force is naturally directed.",core_self_vitality,self_identity_character,2ad8b2e494d22967,Gemini,AI,Page 4,CLEANED,0.75,,[],,v2.0,NO_CONFLICT,2025-09-02T10:20:52.860140,JSON refined and scored by AI.
597e64a2690b5c5f,"{""calculation_context"": {""type"": ""static_placement""}, ""components"": [{""type"": ""cusp"", ""index"": 10}, {""type"": ""sign_of_cusp"", ""cusp_index"": 10, ""sign"": [""Gemini"", ""Libra"", ""Aquarius""]}]}","Airy Signs (Gemini, Libra, Aquarius): Suggest intellectual, communicative, or technological careers in media, science, tech, or consulting.","If the 10th house cusp falls in an airy sign (Gemini, Libra, Aquarius), it indicates a career in intellectual fields like media, science, technology, or consulting.","Airy signs on the 10th house cusp suggest careers in media, science, technology, or consulting.",career_public_life,"communication_media_publishing,tech_science_engineering",2b43ff1f175a3098,Gemini,AI,Page 2,CLEANED,0.75,,[],,v2.0,NO_CONFLICT,2025-09-02T10:47:37.010866,JSON refined and scored by AI.
a5dc75c36d29e521,"{""calculation_context"": {""type"": ""static_placement""}, ""components"": [{""planet"": null, ""sign"": null, ""house"": 4}], ""interpretation_context"": {""domain"": ""house_interpretation"", ""topic"": ""residence_and_property"", ""aspects"": [""stability"", ""sense_of_authority""]}}",Residence & Property (4th House): A stable home is an operational base. The 4th house signifies authority in public life.,"A stable home environment (4th house) provides a secure base of operations. The 4th house also represents one's ""seat of power,"" influencing authority in public life.","Residence & Property (4th House): A stable home provides the base from which you operate. The 4th house also signifies your ""throne"" or seat of power, directly impacting your sense of authority in public life.",home_property_vehicles,home_comforts,2b4e383f0c6e2179,Gemini,AI,Page 32,CLEANED,0.75,,[],,v2.0,NO_CONFLICT,2025-09-02T10:46:24.476291,JSON refined and scored by AI.
7711d4693bfa59e8,"{""calculation_context"": {""type"": ""karaka""}, ""components"": [{""planet"": ""mars"", ""karaka"": ""bhoomi""}]}",Mars (Mangala) as the significator of land and property (Bhoomi Karaka),Mars signifies land and property.,Mars is the significator of land and property.,home_property_vehicles,property_acquisition,2b771f6d6ece0f85,Gemini,AI,Page 18,CLEANED,0.75,,[],,v2.0,NO_CONFLICT,2025-09-02T10:26:27.152084,JSON refinement AI call failed; using original raw JSON.
439dd931242d8796,"{""calculation_context"": {""type"": ""yoga_check"", ""yoga_name"": ""Raja Yoga""}, ""components"": [{""planet1"": {""type"": ""kendra_lord"", ""houses"": [1, 4, 7, 10]}, ""relationship"": [""conjunction"", ""mutual_aspect"", ""exchange""], ""planet2"": {""type"": ""trikona_lord"", ""houses"": [1, 5, 9]}}]}","Raja Yogas (Royal Yogas): The most powerful yogas for status and success. They are formed by an association (conjunction, mutual aspect, or exchange) between a Kendra (action/power) lord and a Trikona (fortune/purpose) lord.",Raja Yogas are formed by association between Kendra and Trikona lords.,"Raja Yogas (Royal Yogas) are the most powerful yogas for status and success. They are formed by an association (conjunction, mutual aspect, or exchange) between a Kendra (action/power) lord and a Trikona (fortune/purpose) lord.",yogas,raja_yogas,2ba627ad44c1e3a5,Gemini,AI,Page 26,CLEANED,0.9,,[],,v2.0,NO_CONFLICT,2025-09-02T10:29:36.834662,JSON refined and scored by AI.
5e667499d72b0c5a,"{""calculation_context"": {""type"": ""yoga"", ""yoga_name"": ""Saraswati Yoga""}, ""components"": [{""planet"": ""Jupiter"", ""position"": {""sign_num"": 2, ""house_num"": 2}, ""conjunction_with"": [], ""aspect_by"": []}, {""planet"": ""Venus"", ""position"": {""sign_num"": 4, ""house_num"": 4}, ""conjunction_with"": [], ""aspect_by"": []}, {""planet"": ""Mercury"", ""position"": {""sign_num"": 6, ""house_num"": 6}, ""conjunction_with"": [], ""aspect_by"": []}]}","Foundation Points: 3. Special Combinations (Yogas): Saraswati Yoga and Budha-Aditya Yoga, which indicate high intelligence and scholastic achievement.",Saraswati Yoga indicates high intelligence and scholastic achievement.,"Saraswati Yoga, which indicate high intelligence and scholastic achievement.",yogas,saraswati_yoga,2cf66f460ead3bd5,Gemini,AI,Page 14,CLEANED,0.9,,[],,v2.0,NO_CONFLICT,2025-09-02T10:24:58.733931,JSON refined and scored by AI.
897cba18cb84278a,"{""calculation_context"": {""type"": ""static_placement""}, ""components"": [{""planet"": ""venus"", ""dignity"": [""exalted"", ""own_sign"", ""moolatrikona"", ""friendly_sign"", ""neutral_sign"", ""enemy_sign"", ""debilitated""], ""placement_strength"": [""exalted"", ""own_sign"", ""moolatrikona"", ""friendly_sign"", ""neutral_sign"", ""enemy_sign"", ""debilitated"", ""retrograde"", ""combust"", ""vargottama"", ""pushkara_navamsa"", ""pushkara_bhaga""]}]}",The quality of the vehicle (whether it's functional or a luxury model) depends on the dignity and strength of Venus. Travel comforts are also seen from this combination. A strong 4th house and Venus ensure pleasurable and comfortable journeys.,The quality of the vehicle depends on Venus's dignity and strength.,The quality of the vehicle (whether it's functional or a luxury model) depends on the dignity and strength of Venus.,home_property_vehicles,"vehicle_ownership,travel_comforts",2d19c36d1100f932,Gemini,AI,Page 19,CLEANED,0.75,,[],,v2.0,NO_CONFLICT,2025-09-02T10:40:43.298257,JSON refined and scored by AI.
db0fcd5eda13c246,"{""calculation_context"": {""type"": ""static_placement""}, ""components"": [{""planet"": null, ""sign"": null, ""house"": 3}]}",,"The 3rd house signifies communication, close relationships, early learning, and manual dexterity.","The 3rd house is traditionally associated with communication, short-distance travel, siblings, neighbors, early education, and skills related to hands, such as writing and performance.",learning_education_creativity,"arts_performance,philosophical_understanding,practical_skills,spiritual_learning,writing_expression",2db02b1b7ec2a88b,Gemini,AI,Page 12; Page 13,CLEANED,0.9,db0fcd5eda13c246,[],,v2.0,NO_CONFLICT,2025-09-02T10:37:27.582461,"Consolidated from 2 facts. Original IDs: ['db0fcd5eda13c246', '21a226f1805b35b3']"
bb6a51a310c0ba0e,"{""calculation_context"": {""type"": ""static_placement""}, ""components"": [{""planet"": null, ""sign"": null, ""house"": 12}]}","Key Houses: the 12th House (spiritual pursuits, enlightenment).","The 12th House signifies spirituality, enlightenment, hidden expenses, and surrender to the unseen.","The 12th House encompasses themes of the unseen and intangible. It relates to spiritual pursuits, the search for enlightenment, and connection with the divine. However, this house also governs hidden costs and expenses, often associated with charitable giving, institutionalization, or karmic debts. It represents the dissolution of the ego and the surrender to forces beyond our control, which can manifest as both spiritual liberation and financial sacrifice.",travel_dharma_spirituality,"financial_risks,spiritual_growth",2dbc3a8ec8281998,Gemini,AI,Page 13; Page 10,CLEANED,0.9,bb6a51a310c0ba0e,[],,v2.0,NO_CONFLICT,2025-09-02T10:24:35.699149,"Consolidated from 2 facts. Original IDs: ['bb6a51a310c0ba0e', '6ca89e12eba02d3b']"
12da83b4363b6d43,"{""calculation_context"": {""type"": ""static_placement""}, ""components"": [{""planet"": null, ""sign"": null, ""house"": 5}, {""planet"": null, ""sign"": null, ""house"": 9}], ""interpretation_context"": {""domain"": ""education"", ""aspect"": ""formal"", ""impact"": ""eligibility"", ""target"": ""profession""}}","Formal Education (5th, 9th Houses) determines eligibility for certain professions.","Formal education, indicated by the 5th and 9th houses, directly influences eligibility for specific professions.","Formal Education (5th, 9th Houses): Directly determines your eligibility for certain professions.",learning_education_creativity,"higher_education,primary_education",2e437f2be07f174f,Gemini,AI,Page 32,CLEANED,0.75,,[],,v2.0,NO_CONFLICT,2025-09-02T10:46:24.476291,JSON refined and scored by AI.
5e7dad567d82fbce,"{""calculation_context"": {""type"": ""static_placement""}, ""components"": [{""planet"": ""Mars"", ""dignity"": ""debilitated/malefic"", ""sign_house"": null}]}","Mars Affliction: The influence of an ill-placed Mars can bring conflict, aggression, accidents, and impulsiveness to the areas of life it touches.","A poorly placed Mars can bring conflict, aggression, accidents, and impulsiveness.","The influence of an ill-placed Mars can bring conflict, aggression, accidents, and impulsiveness to the areas of life it touches.",doshas,other_malefic_influences,2f11afa7130b5993,Gemini,AI,Page 29,CLEANED,0.75,,[],,v2.0,NO_CONFLICT,2025-09-02T10:30:47.426010,JSON refined and scored by AI.
9c6e14c9601e518a,"{""calculation_context"": {""type"": ""planet_significance"", ""domain"": ""general_interpretation""}, ""components"": [{""type"": ""planet"", ""name"": ""jupiter"", ""significance"": [""wisdom"", ""guidance""]}]}","Key Planets: Jupiter (Guru) as the significator of wisdom and guidance, and Ketu (MokshaKaraka) as the significator of spiritual liberation.","Jupiter, also known as Guru, signifies wisdom and guidance in one's life.",Jupiter (Guru) is the significator of wisdom and guidance.,core_self_vitality,life_path_purpose,2fc0e9015be99b36,Gemini,AI,Page 5,CLEANED,0.75,,[],,v2.0,NO_CONFLICT,2025-09-02T10:34:55.102878,JSON refined and scored by AI.
8f4cfe828ace9f31,"{""calculation_context"": {""type"": ""aspect"", ""aspect_type"": [""conjunction"", ""square"", ""opposition""], ""orb"": {""max_degrees"": 8}}, ""components"": [{""planet"": ""Saturn""}, {""planet"": ""Venus""}]}","Saturn Affliction: Saturn is the great taskmaster. Wherever it casts its influence, it brings lessons of patience, discipline, and perseverance through delay, obstruction, and responsibility. An affliction from Saturn to the Moon can cause pessimism; to Venus, it can bring dissatisfaction in relationships; to the 10th house, it demands immense hard work for career success. Its lessons are slow and profound.",Saturn afflicting Venus can cause dissatisfaction in relationships.,"Saturn Affliction: to Venus, it can bring dissatisfaction in relationships",relationships,love_relationships,2fc26bfaabc896e6,Gemini,AI,Page 29,CLEANED,0.75,,[],,v2.0,NO_CONFLICT,2025-09-02T10:58:50.080252,JSON refined and scored by AI.
4135db66c36da699,"{""calculation_context"": {""type"": ""strength""}, ""components"": [{""planet"": ""mercury"", ""dignity"": null, ""strength_type"": ""shadbala""}]}",,,"Academic success hinges on the strength of the two key planets: Mercury, which provides the intellectual acuity and learning ability",learning_education_creativity,intellectual_skills,305ff84617bd6f3a,Gemini,AI,Page 12,CLEANED,0.75,,[],,v2.0,NO_CONFLICT,2025-09-02T10:37:27.582461,JSON refined and scored by AI.
5b09e60f3f55251b,"{""calculation_context"": {""type"": ""static_placement""}, ""components"": [{""house"": ""9"", ""significator_of"": ""father"", ""relationship"": ""general""}, {""planet"": ""sun"", ""karaka"": ""father"", ""relationship"": ""general""}]}","Paternal Influence: The 9th House (father, guru) and the Sun (Surya) as the Pitru Karaka (significator of father).",The 9th house and the Sun (Pitru Karaka) represent paternal influence.,"Paternal Influence: The 9th House (father, guru) and the Sun (Surya) as the Pitru Karaka (significator of father).",family_lineage,father_status_influence,30beb7832aa91f3a,Gemini,AI,Page 16,CLEANED,0.75,,[],,v2.0,NO_CONFLICT,2025-09-02T10:53:34.423313,JSON refined and scored by AI.
a1052c17347c6278,"{""calculation_context"": {""type"": ""dosha_check"", ""parameters"": {""dosha_type"": ""pitru_dosha""}}, ""components"": [{""type"": ""impact_area"", ""parameters"": {""area"": ""professional_life"", ""nature"": ""negative"", ""description"": ""blocks""}}]}",Ancestral karma (Pitru Dosha) can create professional blocks.,Pitru Dosha (ancestral karma) can cause unexplained obstacles in one's career.,Ancestral karma (Pitru Dosha) can create inexplicable blocks in your professional life.,doshas,pitru_dosha,30e68849a64eab70,Gemini,AI,Page 32,CLEANED,0.75,,[],,v2.0,NO_CONFLICT,2025-09-02T10:46:24.476291,JSON refined and scored by AI.
fa9e430fcbbb0b03,"{""calculation_context"": {""type"": ""eclipse""}, ""components"": [{""planet"": [""sun"", ""moon""], ""aspect"": [{""with"": [""sun"", ""moon""], ""type"": ""conjunction"", ""orb"": 0.0}], ""house"": ""any""}]}","Eclipses are wild cards. They act as powerful catalysts in the houses they occur, often bringing sudden, fated events that can rapidly change the course of your life.","Eclipses are unpredictable and act as powerful catalysts in the houses they fall in, often bringing sudden, destined events that can quickly change the course of life.","Eclipses are wild cards. They act as powerful catalysts in the houses they occur, often bringing sudden, fated events that can rapidly change the course of your life.",timing_windows,eclipses_periods,31440c0c606c9b92,Gemini,AI,Page 31,CLEANED,0.75,,[],,v2.0,NO_CONFLICT,2025-09-02T10:31:49.610151,JSON refined and scored by AI.
0336c938f1a1a4f4,"{""calculation_context"": {""type"": ""static_placement""}, ""components"": [{""type"": ""cusp"", ""index"": 10}, {""type"": ""sign_of_cusp"", ""cusp_index"": 10, ""sign"": [""Taurus"", ""Virgo"", ""Capricorn""]}]}","Earthy Signs (Taurus, Virgo, Capricorn): Point towards practical, stable professions in finance, business, engineering, or service.","If the 10th house cusp falls in an earthy sign (Taurus, Virgo, Capricorn), it indicates a career in practical fields like finance, business, engineering, or service.","Earthy signs on the 10th house cusp suggest careers in finance, business, engineering, or service.",career_public_life,"finance_trade_commerce,service_employment,tech_science_engineering",31edf845456a8d07,Gemini,AI,Page 2,CLEANED,0.75,,[],,v2.0,NO_CONFLICT,2025-09-02T10:47:37.010866,JSON refined and scored by AI.
4e26afece061af74,"{""calculation_context"": {""type"": ""static_placement""}, ""components"": [{""planet"": {""any"": [""mars"", ""mercury"", ""jupiter"", ""venus"", ""saturn""]}, ""placement"": {""sign_house_equal"": true, ""sign"": {""any"": []}, ""house"": {""specific"": [1, 4, 7, 10]}, ""degree_range"": {""min"": 0, ""max"": 30}}, ""condition"": {""dignity"": {""exalted_or_own_sign"": true}}}]}",It creates a person of great virtue and achievement corresponding to the planet's nature.,Pancha Mahapurusha Yogas create a person of great virtue and achievement based on the planet involved.,Pancha Mahapurusha Yogas create a person of great virtue and achievement corresponding to the planet's nature.,core_self_vitality,self_identity_character,32099730808d6508,Gemini,AI,Page 26,CLEANED,0.9,,[],,v2.0,NO_CONFLICT,2025-09-02T10:43:25.981213,JSON refined and scored by AI.
12692e6734ff4afc,"{""calculation_context"": {""type"": ""transit_period""}, ""components"": [{""transit"": ""sade_sati"", ""potential_effects"": [{""planet"": ""saturn"", ""aspect"": ""transit"", ""affected_house"": ""natal_moon"", ""nature"": ""challenging"", ""domain"": ""career"", ""effect"": ""re-evaluation""}]}]}",Sade Sati is famous for forcing a complete re-evaluation of one's career path.,Sade Sati often leads to a reevaluation of career path.,Sade Sati is famous for forcing a complete re-evaluation of one's career path.,timing_windows,sade_sati,3231db047af1fe09,Gemini,AI,Page 33,CLEANED,0.75,,[],,v2.0,NO_CONFLICT,2025-09-02T11:01:01.358394,JSON refined and scored by AI.
f4cb0b8be8fb569b,"{""calculation_context"": {""type"": ""static_placement""}, ""components"": [{""planet"": ""Saturn"", ""domain"": ""career_and_profession"", ""significance"": [""karaka"", ""influence""], ""nature"": [""construction"", ""large_structures""]}]}",,"Saturn (Shani) influences construction and large structures, emphasizing foundations, durability, and long-term stability.","Saturn, often referred to as Shani in Vedic astrology, holds significance in the realm of construction and large-scale structures. Its influence relates to the planning, development, and material manifestation of substantial projects, emphasizing the importance of foundations, durability, and long-term stability.",home_property_vehicles,property_acquisition,323ad9dd4ce85b56,Gemini,AI,Page 9,CLEANED,0.75,f4cb0b8be8fb569b,[],,v2.0,NO_CONFLICT,2025-09-02T10:22:47.297281,"Consolidated from 2 facts. Original IDs: ['f4cb0b8be8fb569b', '16ff1f5fc5f6da27']"
fc9285936f96bb07,"{""calculation_context"": {""type"": ""static_placement""}, ""components"": [{""planet"": ""jupiter"", ""significator_type"": [""knowledge"", ""higher_learning""]}]}",Jupiter (Guru) as the significator of knowledge and higher learning.,Jupiter signifies knowledge and higher learning.,Jupiter (Guru) as the significator of knowledge and higher learning.,learning_education_creativity,higher_education,32c10d4c4b3de348,Gemini,AI,Page 11,CLEANED,0.75,,[],,v2.0,NO_CONFLICT,2025-09-02T10:23:37.203942,JSON refined and scored by AI.
e71f528a4371a7ed,"{""calculation_context"": {""type"": ""strength""}, ""components"": [{""planet"": ""ascendant_lord"", ""strength"": ""strong"", ""strength_type"": [""shadbala"", ""vimsopaka_bala"", ""istha_phala"", ""kastha_phala""], ""dignity"": ""exalted, own_sign, moolatrikona, friend_sign""}, {""house"": 1, ""strength"": ""strong"", ""strength_type"": [""no_malefic_influence"", ""aspected_by_benefics""]}]}","A powerful Lagna and Lagna Lord are essential, as they provide the personal drive and charisma to achieve high status.","A strong Lagna and Lagna Lord are crucial for prominence, providing drive and charisma for achieving high status.","A powerful Lagna and Lagna Lord are essential for prominence, providing the personal drive and charisma to achieve high status.",career_public_life,authority_leadership,337ea77978b2f22a,Gemini,AI,Page 1,CLEANED,0.75,,[],,v2.0,NO_CONFLICT,2025-09-02T10:47:15.467079,JSON refined and scored by AI.
abc1dc2e9e97dfd0,"{""calculation_context"": {""type"": ""static_placement""}, ""components"": [{""planet"": null, ""sign"": null, ""house"": ""10""}]}",The family reputation is often seen from the 10th house,Family reputation is analyzed through the 10th house.,The family reputation is often seen from the 10th house.,family_lineage,family_reputation,33e8d47472a9172e,Gemini,AI,Page 17,CLEANED,0.75,,[],,v2.0,NO_CONFLICT,2025-09-02T10:26:04.946046,JSON refined and scored by AI.
2e0eb3c073bf85ce,"{""calculation_context"": {""type"": ""static_placement""}, ""components"": [{""planet"": null, ""sign"": null, ""house"": 5, ""influence"": [""creativity"", ""intellect"", ""self-expression""]}]}","The 3rd House (skills of the hand, writing, performance) and the 5th House (creativity, intellect, self-expression).","The 5th house represents creativity, intellect, and self-expression.","The 5th house governs creativity, intellect, and self-expression.",learning_education_creativity,"intellectual_skills,arts_performance",34528eae00347bb4,Gemini,AI,Page 12,CLEANED,0.75,,[],,v2.0,NO_CONFLICT,2025-09-02T10:24:10.499341,JSON refined and scored by AI.
5354c601cfca45b8,"{""calculation_context"": {""type"": ""static_placement""}, ""components"": [{""planet"": ""mars"", ""house"": 2, ""sign"": null, ""condition"": {""malefic"": true}}, {""planet"": ""saturn"", ""house"": 2, ""sign"": null, ""condition"": {""malefic"": true}}]}","Malefic planets like Mars or Saturn here can create tension, disagreements over finances, or a sense of distance within the family unit.","Mars or Saturn in the 2nd house can lead to tension, financial disagreements, or distance within the family.","Malefic planets like Mars or Saturn in the 2nd house can create tension, disagreements over finances, or a sense of distance within the family unit.",family_lineage,family_support_conflicts,34bfdcbe02ff4f4e,Gemini,AI,Page 18,CLEANED,0.75,,[],,v2.0,NO_CONFLICT,2025-09-02T10:26:27.152084,JSON refined and scored by AI.
ec700c7a5da22b80,"{""calculation_context"": {""type"": ""dynamic_combination"", ""description"": ""Check for specific placements, conjunctions, or relationships between planets and houses.""}, ""components"": [{""type"": ""planetary_placement"", ""description"": ""Specific placements of planets in houses.""}, {""type"": ""planetary_conjunction"", ""description"": ""Conjunctions between planets.""}, {""type"": ""planetary_relationship"", ""description"": ""Relationships between planets, such as aspects (e.g., trine, square, opposition).""}, {""type"": ""house_relationship"", ""description"": ""Relationships between houses, potentially involving planetary placements within them.""}]}","Yogas are formed by specific placements, conjunctions, or relationships between planets and houses, and they produce specific, often profound, results.","Yogas are formed by planetary placements, conjunctions, or house relationships, producing specific results.","Yogas are formed by specific placements, conjunctions, or relationships between planets and houses, and they produce specific, often profound, results.",yogas,other_yogas_related,358972e12e8406d6,Gemini,AI,Page 26,CLEANED,0.75,,[],,v2.0,NO_CONFLICT,2025-09-02T10:43:25.981213,JSON refined and scored by AI.
b73eeb1c1c5b58d1,"{""calculation_context"": {""type"": ""dasha_system"", ""system"": ""vimshottari_dasha""}, ""components"": [{""type"": ""planetary_period_cycle"", ""duration_years"": 120, ""basis"": ""birth_nakshatra""}]}",Vimshottari Dasha is the most widely used dasha system.,"The Vimshottari Dasha system is the most commonly used method for timing events in Vedic astrology, based on a 120-year cycle linked to the individual's birth Nakshatra.","Vimshottari Dasha: The most widely used system, a 120-year cycle of planetary periods based on the birth Nakshatra.",timing_windows,vimshottari_dasha,35bcdbf2c91aa509,Gemini,AI,Page 30,CLEANED,0.9,,[],,v2.0,NO_CONFLICT,2025-09-02T10:59:24.708002,JSON refined and scored by AI.
276b8a8dfe3fdfae,"{""calculation_context"": {""type"": ""static_placement""}, ""components"": [{""type"": ""planet"", ""planet"": ""Moon"", ""house"": 1}, {""type"": ""planet"", ""planet"": ""Sun"", ""house"": 1}, {""type"": ""house_lord"", ""planet"": null, ""house_ruled"": 1, ""house"": 1}]}","Your identity is a dynamic interplay between your outer persona and your inner self. Your Ascendant, or Lagna, defines your physical characteristics and the personality you project, while the condition of its ruling planet determines your overall strength of character. Your Moon sign reveals your inner emotional world and mindset. Finally, the strength of the Sun in your chart is the core driver of your vitality, confidence, and the radiant charisma you possess.",,,core_self_vitality,"self_identity_character,physical_appearance,vitality_energy_levels,confidence_charisma",363106dd9f83b612,Gemini,AI,Page 4,CLEANED,0.9,,[],,v2.0,NO_CONFLICT,2025-09-02T10:48:18.737199,JSON refined and scored by AI.
b3ef8788ec479890,"{""calculation_context"": {""type"": ""static_placement""}, ""components"": [{""house"": 9, ""significator_of"": ""father"", ""role"": ""house_of""}, {""planet"": ""sun"", ""karaka"": ""father"", ""role"": ""significator""}]}","Paternal Influence: The 9th House (father, guru) and the Sun (Surya) as the Pitru Karaka (significator of father).",The 9th house and the Sun (Pitru Karaka) represent paternal influence.,"Paternal Influence: The 9th House (father, guru) and the Sun (Surya) as the Pitru Karaka (significator of father).",family_lineage,father_status_influence,365e32424ad56df7,Gemini,AI,Page 16,CLEANED,0.75,,[],,v2.0,NO_CONFLICT,2025-09-02T10:25:40.675856,JSON refined and scored by AI.
5c6a4096f82195ee,"{""calculation_context"": {""type"": ""dasha_lord_analysis"", ""sub_type"": ""planetary_period_activation""}, ""components"": [{""type"": ""planet"", ""attribute"": ""rulership"", ""condition"": ""is"", ""value"": ""dasha_lord""}, {""type"": ""all_chart_placements"", ""attribute"": ""significance"", ""condition"": ""activated_by"", ""value"": {""type"": ""reference"", ""target"": ""dasha_lord""}}]}",The ruling planet of a dasha period activates its promises in the birth chart.,The planet governing a specific dasha period activates the potential indicated by its placement and influences in the birth chart.,"The planet ruling the period (e.g., the Dasha lord) activates all of its promises in the birth chart.",timing_windows,other_dashas,36d8977880831ef1,Gemini,AI,Page 30,CLEANED,0.75,,[],,v2.0,NO_CONFLICT,2025-09-02T10:31:21.014498,JSON refined and scored by AI.
039833b072a76aad,"{""calculation_context"": {""type"": ""influence"", ""target"": ""moksha"", ""influence_type"": ""obstacle""}, ""components"": [{""planet"": ""rahu"", ""significance"": ""karaka"", ""domain"": ""worldly_attachment""}]}","The primary obstacle to moksha is worldly attachment, represented by Rahu.","Worldly attachment, represented by Rahu, is the main obstacle to moksha.","The primary obstacle to moksha is worldly attachment, represented by Rahu.",karma_past_life,obstacles_to_moksha,36f542a3875962b9,Gemini,AI,Page 25,CLEANED,0.75,,[],,v2.0,NO_CONFLICT,2025-09-02T10:28:58.530413,JSON refined and scored by AI.
71f4addbf6fb0463,"{""calculation_context"": {""type"": ""static_placement""}, ""components"": [{""planet"": null, ""sign"": null, ""house"": 7}, {""planet"": null, ""sign"": null, ""house"": 5}, {""planet"": null, ""sign"": null, ""house"": 8}], ""relationship"": {""type"": ""aspect"", ""aspect_type"": null}}","The 7th House (marriage, partnerships), 5th House (romance, love affairs), and 8th House (intimacy, longevity of the bond).","The 7th, 5th, and 8th houses are primary indicators for marriage, partnerships, romance, love affairs, intimacy, and the longevity of the bond.",,relationships,"marriage_spouse,love_relationships",37da487d890c5bd8,Gemini,AI,Page 6,CLEANED,0.6,,[],,v2.0,NO_CONFLICT,2025-09-02T10:49:17.428578,JSON refined and scored by AI.
aa9d20f2b774a881,"{""calculation_context"": {""type"": ""static_placement"", ""domain"": ""house_significance""}, ""components"": [{""house"": 11, ""significance"": [{""domain"": ""relationships"", ""subject"": ""elder_siblings"", ""nature"": ""general""}]}]}",The 11th House similarly governs the relationship with elder siblings.,The 11th house signifies the relationship with elder siblings.,The 11th House governs the relationship with elder siblings.,relationships,siblings_relations,3811a20a5bf7b52e,Gemini,AI,Page 18,CLEANED,0.75,,[],,v2.0,NO_CONFLICT,2025-09-02T10:26:27.152084,JSON refined and scored by AI.
8425c6c0310fdce5,"{""calculation_context"": {""type"": ""static_placement""}, ""components"": [{""planet"": {""type"": ""lagna_lord""}, ""house"": {""sign_num"": 10}}, {""planet"": {""type"": ""lagna_lord""}, ""conjunction_with"": {""type"": ""lord_of_house"", ""house"": {""sign_num"": 10}}}]}","When the Lagna Lord is placed in the 10th house, or conjunct the 10th lord, the individual's identity becomes synonymous with their public role and authority.","Lagna Lord in the 10th house, or conjunct the 10th lord, merges the individual's identity with their public role and authority.","When the Lagna Lord is placed in the 10th house, or conjunct the 10th lord, the individual's entire identity becomes synonymous with their public role and authority.",career_public_life,authority_leadership,3867e1b57123c7aa,Gemini,AI,Page 1,CLEANED,0.9,,[],,v2.0,NO_CONFLICT,2025-09-02T10:33:24.389045,JSON refined and scored by AI.
de9ec7f91dba6d57,"{""calculation_context"": {""type"": ""static_placement""}, ""components"": [{""planet"": ""lagna"", ""strength"": {""type"": ""shadbala"", ""condition"": ""strong""}}, {""planet"": ""lagna_lord"", ""strength"": {""type"": ""shadbala"", ""condition"": ""strong""}}]}",,A strong Lagna and Lagna Lord provide drive and charisma for achieving high status.,"A powerful Lagna and Lagna Lord are essential, as they provide the personal drive and charisma to achieve high status.",career_public_life,authority_leadership,38bd5d7c70f27d4e,Gemini,AI,Page 1,CLEANED,0.75,,[],,v2.0,NO_CONFLICT,2025-09-02T10:19:54.272290,JSON refined and scored by AI.
330000c5b247fd5c,"{""calculation_context"": {""type"": ""house_affliction""}, ""components"": [{""house"": 5, ""affliction"": true}]}",,,"Conversely, afflictions here warn against gambling.",wealth_assets_resources,"speculative_gains_losses,financial_risks",3994aec23875000c,Gemini,AI,Page 9,CLEANED,0.75,,[],,v2.0,NO_CONFLICT,2025-09-02T10:36:22.633128,JSON refinement AI call failed; using original raw JSON.
635e8c2b397fb9eb,"{""calculation_context"": {""type"": ""static_placement""}, ""components"": [{""planet"": ""venus"", ""sign"": null, ""house"": null, ""connection_with"": {""type"": ""planet_lord"", ""planet_lord"": 4}, ""connection_strength"": ""strong"", ""connection_type"": [""conjunction"", ""aspect""]}]}","A strong connection between the 4th lord and Venus, or a powerful Venus influencing the 4th or 1st house, is a strong indicator of owning vehicles.",A strong connection between the 4th lord and Venus indicates vehicle ownership.,A strong connection between the 4th lord and Venus is a strong indicator of owning vehicles.,home_property_vehicles,vehicle_ownership,39dfa7d2ac6cf039,Gemini,AI,Page 19,CLEANED,0.75,,[],,v2.0,NO_CONFLICT,2025-09-02T10:40:43.297256,JSON refined and scored by AI.
0fe5b165f00fa4b8,"{""calculation_context"": {""type"": ""static_placement""}, ""components"": [{""planet"": null, ""sign"": null, ""house"": null, ""nakshatra"": null, ""aspect"": null, ""conjunction"": null, ""yoga"": {""name"": ""Pitru Dosha"", ""strength"": null}}]}",A significant family lineage debt is indicated by Pitru Dosha.,Pitru Dosha indicates significant ancestral karmic debt.,A significant family lineage debt is indicated by Pitru Dosha.,karma_past_life,"family_lineage_debts,pitru_dosha",39e564ea5078f171,Gemini,AI,Page 26,CLEANED,0.75,,[],,v2.0,NO_CONFLICT,2025-09-02T10:43:25.981213,JSON refined and scored by AI.
58760704fd99fe4e,"{""calculation_context"": {""type"": ""static_placement""}, ""components"": [{""planet"": ""all"", ""house"": 6}, {""planet"": ""all"", ""aspect_to_house"": 6}, {""planet"": ""lord_of_house_6"", ""condition"": ""all""}]}","Planets occupying or aspecting the 6th house, and the condition of its lord, can indicate specific vulnerabilities.","Planets in or aspecting the 6th house, along with its ruler's condition, can reveal health weaknesses.","Planets occupying or aspecting the 6th house, and the condition of its lord, can indicate specific vulnerabilities.",health_risks_longevity,accidents_injuries,3a33c71008c5cf25,Gemini,AI,Page 21,CLEANED,0.75,,[],,v2.0,NO_CONFLICT,2025-09-02T10:27:25.745289,JSON refined and scored by AI.
2d4f19758da1c960,"{""calculation_context"": {""type"": ""yoga"", ""yoga_type"": ""dhana_yoga""}, ""components"": [{""planet_combinations"": {""description"": ""Specific planetary combinations indicative of Dhana Yogas"", ""specific_combinations"": []}}]}",,,"Dhana Yogas, which are specific planetary combinations that promise significant wealth.",wealth_assets_resources,other_wealth_related,3a934f049de741be,Gemini,AI,Page 9,CLEANED,0.75,,[],,v2.0,NO_CONFLICT,2025-09-02T10:22:47.297281,JSON refined and scored by AI.
e0dcff2f60293659,"{""calculation_context"": {""type"": ""static_placement""}, ""components"": [{""planet"": ""saturn"", ""influence_type"": ""general""}]}","Its influence teaches the lessons of reality, creating a grounded and resilient understanding of the world.",Saturn's influence provides grounding and resilience through real-world experiences.,"Its influence teaches the lessons of reality, creating a grounded and resilient understanding of the world.",core_self_vitality,resilience_adaptability,3b62ce472d24d433,Gemini,AI,Page 16,CLEANED,0.75,,[],,v2.0,NO_CONFLICT,2025-09-02T10:25:40.675856,JSON refined and scored by AI.
c98e65c4ebd516fa,"{""calculation_context"": {""type"": ""static_placement""}, ""components"": [{""planet"": ""Mars"", ""influence"": [""strong""]}]}",,"Mars can bring sharp, intense conflicts.","The influence of Mars can bring sharp, intense conflicts",relationships,disputes_conflicts,3be3a4440077722a,Gemini,AI,Page 8,CLEANED,0.75,,[],,v2.0,NO_CONFLICT,2025-09-02T10:22:15.769979,JSON refined and scored by AI.
81753079bb96021e,"{""calculation_context"": {""type"": ""transit""}, ""components"": [{""planet"": ""Saturn"", ""planet_sign_longitude_degrees"": {""condition"": {""operator"": "">="", ""operand"": {""relative_to"": ""moon"", ""offset"": -30}}}}, {""planet"": ""Saturn"", ""planet_sign_longitude_degrees"": {""condition"": {""operator"": ""<"", ""operand"": {""relative_to"": ""moon"", ""offset"": 30}}}}]}","Sade Sati (Saturn's transit over the 12th, 1st, and 2nd houses from your natal Moon) is a particularly transformative period of karmic cleansing and maturation.","Sade Sati, Saturn's transit over the 12th, 1st, and 2nd houses from the natal Moon, is a highly transformative phase involving karmic cleansing and maturation.","Sade Sati (Saturn's transit over the 12th, 1st, and 2nd houses from your natal Moon) is a particularly transformative period of karmic cleansing and maturation.",timing_windows,"saturn_transits,sade_sati",3be874db218c244a,Gemini,AI,Page 31,CLEANED,0.9,,[],,v2.0,NO_CONFLICT,2025-09-02T10:31:49.610151,JSON refined and scored by AI.
8b0e64cf7007d5d5,"{""calculation_context"": {""type"": ""static_placement""}, ""components"": [{""planet"": ""moon"", ""dignity"": ""exalted_or_own_sign_or_moolatrikona_or_friendly_sign"", ""strength"": ""strong"", ""house"": null, ""in_house_with"": []}, {""aspect"": ""positive"", ""planets"": [""jupiter""], ""target_planets"": [""moon""]}]}","A bright, well-placed Moon, especially if aspected by Jupiter, grants emotional resilience, optimism, and a stable mind.","A strong, well-placed Moon, especially if aspected by Jupiter, promotes emotional resilience, optimism, and mental stability.","A bright, well-placed Moon, especially if aspected by Jupiter, grants emotional resilience, optimism, and a stable mind.",health_risks_longevity,"psychological_balance,emotional_resilience",3d00d56234deaa75,Gemini,AI,Page 21,CLEANED,0.9,,[],,v2.0,NO_CONFLICT,2025-09-02T10:41:19.961308,JSON refined and scored by AI.
e9dca4c18bd55464,"{""calculation_context"": {""type"": ""static_placement""}, ""components"": [{""house_lords"": [{""house"": {""sign_number"": null, ""house_number"": 2}}, {""house"": {""sign_number"": null, ""house_number"": 11}}], ""relationship"": [""conjunction"", ""aspect""], ""with_house_lords"": [{""house"": {""sign_number"": null, ""house_number"": 1}}, {""house"": {""sign_number"": null, ""house_number"": 5}}, {""house"": {""sign_number"": null, ""house_number"": 9}}]}]}","Dhana Yogas (Wealth Yogas): These combinations specifically bestow wealth. They are formed by connections between the lords of wealth houses (2nd, 11th) and the lords of fortune (1st, 5th, 9th).","Dhana Yogas are formed by connections between 2nd/11th house lords and 1st/5th/9th house lords, bestowing wealth.","Dhana Yogas (Wealth Yogas) specifically bestow wealth. They are formed by connections between the lords of wealth houses (2nd, 11th) and the lords of fortune houses (1st, 5th, 9th).",yogas,dhana_yogas,3e222ede62c58e8d,Gemini,AI,Page 26,CLEANED,0.9,,[],,v2.0,NO_CONFLICT,2025-09-02T10:43:25.981213,JSON refined and scored by AI.
9089b32d852a4f22,"{""calculation_context"": {""type"": ""eclipse""}, ""components"": [{""type"": ""aspect"", ""aspect"": {""degree"": 0, ""orb"": 0, ""application"": ""exact""}, ""planets"": [{""planet"": ""Sun""}, {""planet"": ""Moon""}]}]}",Eclipses are potent activators of change.,Eclipses are powerful catalysts for change.,Eclipses: Potent activators of change.,timing_windows,eclipses_periods,3e7783c9f494bfca,Gemini,AI,Page 30,CLEANED,0.75,,[],,v2.0,NO_CONFLICT,2025-09-02T10:31:21.014498,JSON refined and scored by AI.
91749b3d957617fd,"{""calculation_context"": {""type"": ""strength_assessment""}, ""components"": [{""planet"": ""lagna"", ""strength"": {""condition"": ""strong""}}, {""planet"": ""lagna_lord"", ""strength"": {""condition"": ""strong""}}]}",General health and constitution are determined by the strength of the Lagna and the Lagna Lord.,Overall health and physical constitution are determined by the strength of the Ascendant (Lagna) and its ruling planet.,General health and constitution are determined by the strength of the Lagna and the Lagna Lord.,health_risks_longevity,general_health,3e92623f93322142,Gemini,AI,Page 21,CLEANED,0.75,,[],,v2.0,NO_CONFLICT,2025-09-02T10:41:19.960183,JSON refined and scored by AI.
d83f7faac0908484,"{""calculation_context"": {""type"": ""static_placement"", ""relative_to"": ""lagna""}, ""components"": [{""planet"": ""mars"", ""house"": 1}, {""planet"": ""mars"", ""house"": 4}, {""planet"": ""mars"", ""house"": 7}, {""planet"": ""mars"", ""house"": 8}, {""planet"": ""mars"", ""house"": 12}]}","Mangal Dosha: Mars in the 1st, 4th, 7th, 8th, or 12th house.","Mars positioned in the 1st, 4th, 7th, 8th, or 12th house creates Mangal Dosha.","Mangal Dosha: Mars (Mangala) in the 1st, 4th, 7th, 8th, or 12th house.",doshas,mangal_dosha,3e98c76bc95c4fc9,Gemini,AI,Page 28,CLEANED,0.9,,[],,v2.0,NO_CONFLICT,2025-09-02T10:44:22.251029,JSON refined and scored by AI.
3eb99006350fa8da,"{""calculation_context"": {""type"": ""static_placement""}, ""components"": []}","Your educational journey is mapped across four key houses, representing the stages from early learning to higher education at the university level.",,,learning_education_creativity,"other_formal_education,higher_education",3eb99006350fa8da,Gemini,AI,Page 12,CLEANED,0.6,,[],,v2.0,NO_CONFLICT,2025-09-02T10:37:27.582461,JSON refined and scored by AI.
0f04106e3586be4f,"{""calculation_context"": {""type"": ""static_placement""}, ""components"": [{""planet"": ""Moon"", ""nature"": ""negative"", ""domain"": ""mother_relationship""}]}","Moon can lead to mental anxiety, emotional turmoil, and a difficult relationship with the mother.",A challenging relationship with the mother may be indicated by the Moon's placement.,Moon can lead to a difficult relationship with the mother.,family_lineage,mother_status_influence,3ef12a1efd91278f,Gemini,AI,Page 29,CLEANED,0.75,,[],,v2.0,NO_CONFLICT,2025-09-02T10:58:50.077150,JSON refined and scored by AI.
1758595de20c511c,"{""calculation_context"": {""type"": ""planetary_influence_on_house"", ""house"": 9, ""domain"": ""philosophy_and_worldview""}, ""components"": [{""planet"": ""Jupiter"", ""influence_type"": ""positive"", ""aspect_nature"": ""general"", ""influence_description"": ""promotes traditional wisdom""}, {""planet"": ""Rahu"", ""influence_type"": ""neutral"", ""aspect_nature"": ""general"", ""influence_description"": ""indicates an unconventional spiritual path""}]}","The planets influencing it shape your worldview—Jupiter promotes traditional wisdom, while Rahu might indicate an unconventional spiritual path.","Planets influencing the 9th house shape one's worldview: Jupiter promotes traditional wisdom, while Rahu suggests an unconventional spiritual path.","The planets influencing it shape your worldview—Jupiter promotes traditional wisdom, while Rahu might indicate an unconventional spiritual path.",travel_dharma_spirituality,philosophical_beliefs,3ef69a09a0ed1f9f,Gemini,AI,Page 23,CLEANED,0.75,,[],,v2.0,NO_CONFLICT,2025-09-02T10:28:21.808976,JSON refined and scored by AI.
e77425ceda0f8580,"{""calculation_context"": {""type"": ""static_placement""}, ""components"": [{""house"": 9, ""strength"": ""strong""}, {""house"": 9, ""planet"": ""lagna_lord""}, {""house"": 9, ""sign"": {""element"": ""water""}}], ""logic"": ""OR""}",Long-distance and foreign travel are governed by the 9th House.,The 9th house governs long-distance and foreign travel.,"Long-distance and foreign travel are governed by the 9th House. A powerful 9th house, or the Lagna lord's placement there, indicates a life with significant long journeys. Watery signs associated with the 9th house strongly suggest travel over seas.",travel_dharma_spirituality,long_travel_foreign,3f000800efeb302d,Gemini,AI,Page 23,CLEANED,0.75,,[],,v2.0,NO_CONFLICT,2025-09-02T10:42:04.545684,JSON refined and scored by AI.
734478b2b199cb4e,"{""calculation_context"": {""type"": ""divisional_chart_analysis"", ""divisional_chart"": ""D9""}, ""components"": [{""domain"": ""marriage""}]}",,,The Navamsa (D-9) chart reveals the deeper karmic reality of the marriage.,relationships,marriage_spouse,3f49e68979d1fc21,Gemini,AI,Page 6,CLEANED,0.75,,[],,v2.0,NO_CONFLICT,2025-09-02T10:35:17.317273,JSON refined and scored by AI.
a0f6c5278a9d1b9c,"{""calculation_context"": {""type"": ""static_placement""}, ""components"": [{""planet"": ""mars"", ""house"": 1, ""significance"": [{""aspect"": ""marital_life"", ""nature"": ""negative"", ""details"": ""conflict, arguments""}]}, {""planet"": ""mars"", ""house"": 4, ""significance"": [{""aspect"": ""marital_life"", ""nature"": ""negative"", ""details"": ""conflict, arguments""}]}, {""planet"": ""mars"", ""house"": 7, ""significance"": [{""aspect"": ""marital_life"", ""nature"": ""negative"", ""details"": ""conflict, arguments, separation""}]}, {""planet"": ""mars"", ""house"": 8, ""significance"": [{""aspect"": ""marital_life"", ""nature"": ""negative"", ""details"": ""health issues for the partner, separation""}]}, {""planet"": ""mars"", ""house"": 12, ""significance"": [{""aspect"": ""marital_life"", ""nature"": ""negative"", ""details"": ""conflict, arguments""}]}]}","Mangal Dosha (...) primarily affecting marital life. (...) its energy can create conflict, arguments, separation, or health issues for the partner.","Mangal Dosha significantly impacts marriage and can lead to conflict, arguments, separation, or health problems for the spouse.","Mangal Dosha (Kuja Dosha): This is one of the most famous doshas, primarily affecting marital life. Mars is a fiery, aggressive planet. When placed in these sensitive houses related to self (1st), happiness (4th), partnership (7th), intimacy/longevity (8th), and bed pleasures (12th), its energy can create conflict, arguments, separation, or health issues for the partner.",relationships,marriage_spouse,3fa36db14de0fac4,Gemini,AI,Page 28,CLEANED,0.9,,[],,v2.0,NO_CONFLICT,2025-09-02T10:44:22.251029,JSON refined and scored by AI.
ece44b611968db9c,"{""calculation_context"": {""type"": ""static_placement""}, ""components"": [{""planet"": ""venus"", ""sign"": null, ""house"": 4, ""placement_strength"": ""strong""}, {""planet"": null, ""sign"": null, ""house"": 4, ""house_strength"": ""strong""}]}",The quality of the vehicle (whether it's functional or a luxury model) depends on the dignity and strength of Venus. Travel comforts are also seen from this combination. A strong 4th house and Venus ensure pleasurable and comfortable journeys.,A strong 4th house and Venus ensure pleasurable and comfortable journeys.,Travel comforts are also seen from this combination (4th house and Venus). A strong 4th house and Venus ensure pleasurable and comfortable journeys.,home_property_vehicles,travel_comforts,3fe7ffba7a009b17,Gemini,AI,Page 19,CLEANED,0.9,,[],,v2.0,NO_CONFLICT,2025-09-02T10:40:43.298257,JSON refined and scored by AI.
e26df7ce9243ad83,"{""calculation_context"": {""type"": ""dosha_impact_on_career""}, ""components"": [{""type"": ""dosha"", ""target"": ""general""}, {""type"": ""impact_area"", ""target"": [""relationships"", ""authority_figures"", ""follow_through""]}, {""type"": ""outcome"", ""target"": ""professional_potential_realization"", ""condition"": ""challenged""}]}","Doshas create the specific challenges (e.g., in relationships, with authority, in follow-through) that must be overcome to realize your full professional potential.","Doshas present challenges (e.g., relationships, authority, follow-through) that must be overcome for career success.","Doshas create the specific challenges (e.g., in relationships, with authority, in follow-through) that must be overcome to realize your full professional potential.",doshas,,40bf1bc8a6ffd8c4,Gemini,AI,Page 33,CLEANED,0.75,,[],,v2.0,NO_CONFLICT,2025-09-02T11:01:01.358394,JSON refined and scored by AI.
fb035f0ab88e52ff,"{""calculation_context"": {""type"": ""muhurta"", ""domain"": ""event_timing""}, ""components"": [{""tithi"": {""status"": ""favorable""}}, {""vara"": {""status"": ""favorable""}}, {""nakshatra"": {""status"": ""favorable""}}, {""yoga"": {""status"": ""favorable""}}, {""karana"": {""status"": ""favorable""}}], ""description"": ""Favorable combination of Panchang elements (Tithi, Vara, Nakshatra, Yoga, Karana) for Muhurta, specifically for events like marriage, business, or journey.""}","While less used for broad natal prediction, these lunar windows are the cornerstone of Muhurta, the art of choosing a ""good time."" By starting an endeavor (like a marriage, business, or journey) during a favorable Panchang window, one aligns the action with supportive celestial energies, enhancing the probability of success.","Although less commonly used for general natal predictions, these lunar windows are fundamental to Muhurta, the practice of selecting an auspicious time. Initiating an activity (such as marriage, business, or travel) during a favorable Panchang period aligns the action with supportive celestial energies, increasing the likelihood of success.","While less used for broad natal prediction, these lunar windows are the cornerstone of Muhurta, the art of choosing a ""good time."" By starting an endeavor (like a marriage, business, or journey) during a favorable Panchang window, one aligns the action with supportive celestial energies, enhancing the probability of success.",timing_windows,tithi_yoga_karana,410cb49fd152f378,Gemini,AI,Page 31,CLEANED,0.75,,[],,v2.0,NO_CONFLICT,2025-09-02T10:31:49.610151,JSON refined and scored by AI.
9895ff5d391dc002,"{""calculation_context"": {""type"": ""dosha""}, ""components"": [{""type"": ""potential_challenge"", ""domain"": ""professional"", ""nature"": [""relationship_challenges"", ""authority_challenges"", ""follow_through_challenges""]}]}","Doshas create the specific challenges (e.g., in relationships, with authority, in follow-through) that must be overcome to realize your full professional potential.","Doshas present challenges (e.g., relationships, authority, follow-through) that must be overcome for career success.","Doshas create the specific challenges (e.g., in relationships, with authority, in follow-through) that must be overcome to realize your full professional potential.",doshas,,414c8130257ccc3e,Gemini,AI,Page 33,CLEANED,0.75,,[],,v2.0,NO_CONFLICT,2025-09-02T10:32:51.795484,JSON refined and scored by AI.
f33c5272ac92b523,"{""calculation_context"": {""type"": ""static_placement""}, ""components"": [{""house"": 5}]}",Key Houses: the 5th House (innate wisdom from past lives),5th house signifies innate wisdom from past lives.,the 5th House (innate wisdom from past lives),karma_past_life,karmic_blessings,41b94dd72c4d4865,Gemini,AI,Page 13,CLEANED,0.75,,[],,v2.0,NO_CONFLICT,2025-09-02T10:24:35.699149,JSON refined and scored by AI.
23cb871127357e67,"{""calculation_context"": {""type"": ""karaka""}, ""components"": [{""planet"": ""mars"", ""karaka"": {""type"": ""natural"", ""name"": ""bhoomi_karaka""}}]}",Mars (Mangala) as the significator of land and property (Bhoomi Karaka),Mars (Mangala) is the significator of land and property (Bhoomi Karaka).,Mars (Mangala) as the significator of land and property (Bhoomi Karaka),home_property_vehicles,property_acquisition,41e0de66e2381db9,Gemini,AI,Page 18,CLEANED,0.9,,[],,v2.0,NO_CONFLICT,2025-09-02T10:40:00.948055,JSON refined and scored by AI.
1885f761929a4763,"{""calculation_context"": {""type"": ""static_placement""}, ""components"": [{""planet"": ""sun"", ""afflicted_by"": [{""planet"": ""rahu"", ""aspect_type"": [""conjunction"", ""aspect""]}, {""planet"": ""ketu"", ""aspect_type"": [""conjunction"", ""aspect""]}]}]}","An afflicted Sun can cause low self-confidence, issues with authority figures, and poor vitality.","An afflicted Sun can lead to low self-esteem, problems with authority, and reduced vitality.","An afflicted Sun can cause low self-confidence, issues with authority figures, and poor vitality.",core_self_vitality,"confidence_charisma,vitality_energy_levels",42374b12f6e97742,Gemini,AI,Page 28,CLEANED,0.75,,[],,v2.0,NO_CONFLICT,2025-09-02T10:44:22.252041,JSON refined and scored by AI.
57a83bae5b35e083,"{""calculation_context"": {""type"": ""karaka""}, ""components"": [{""planet"": ""venus"", ""karaka"": ""vehicles""}]}","Venus, the planet of luxury, is the significator for vehicles.",Venus signifies vehicles and luxury.,"Venus, the planet of luxury, is the significator for vehicles.",home_property_vehicles,vehicle_ownership,4295b56777931faa,Gemini,AI,Page 10,CLEANED,0.75,,[],,v2.0,NO_CONFLICT,2025-09-02T10:36:38.493081,JSON refined and scored by AI.
d26727dc7d20b89a,"{""calculation_context"": {""type"": ""karaka"", ""karaka"": ""buddhi""}, ""components"": [{""planet"": ""mercury"", ""significance"": [""intellect"", ""analytical_skill""]}]}","Foundation Points: 2. Key Planets (Karakas): Mercury (Budha) as the significator of intellect (buddhi) and analytical skill, and Jupiter (Guru) as the significator of knowledge and higher learning.",Mercury signifies intellect and analytical skills.,Mercury (Budha) as the significator of intellect (buddhi) and analytical skill,learning_education_creativity,"primary_education,higher_education,intellectual_skills",42e6d1bd8ffafdff,Gemini,AI,Page 14,CLEANED,0.75,,[],,v2.0,NO_CONFLICT,2025-09-02T10:24:58.733931,JSON refined and scored by AI.
c0f5bcb04996be1f,"{""calculation_context"": {""type"": ""static_placement""}, ""components"": [{""planet"": null, ""sign"": null, ""house"": ""7"", ""influence_type"": [""rulership"", ""occupation""]}], ""semantic_meaning"": [""marriage"", ""formal_partnerships"", ""business_ventures""]}",,"The 7th House governs all formal partnerships, including business ventures.","The 7th House extends beyond marriage to govern all formal partnerships, including business ventures.",relationships,partnerships_collaborations,42feb990b60690d6,Gemini,AI,Page 8,CLEANED,0.75,,[],,v2.0,NO_CONFLICT,2025-09-02T10:22:15.769979,JSON refined and scored by AI.
64b4cdaee36b05e4,"{""calculation_context"": {""type"": ""static_placement""}, ""components"": [{""yoga_name"": ""Saraswati Yoga"", ""type"": ""yoga_present""}, {""yoga_name"": ""Budha-Aditya Yoga"", ""type"": ""yoga_present""}]}","Saraswati Yoga and Budha-Aditya Yoga, which indicate high intelligence and scholastic achievement",Saraswati Yoga and Budha-Aditya Yoga indicate high intelligence and scholastic achievement.,"Saraswati Yoga and Budha-Aditya Yoga, which indicate high intelligence and scholastic achievement",learning_education_creativity,"intellectual_skills,higher_education",43062701b59f74fa,Gemini,AI,Page 14,CLEANED,0.9,,[],,v2.0,NO_CONFLICT,2025-09-02T10:38:24.928471,JSON refined and scored by AI.
2c210c8e014ba7c2,"{""calculation_context"": {""type"": ""static_placement""}, ""components"": [{""planet"": null, ""sign"": null, ""house"": 3}, {""planet"": null, ""sign"": null, ""house"": 5}]}","Your unique skills and creative talents are revealed through the 3rd and 5th houses of your chart. The 3rd house governs practiced abilities like writing and manual arts, while the 5th house is the wellspring of your innate creativity and expressive power. The specific nature of your talent is colored by key planets—Venus for artistic pursuits, Mercury for intellectual skills, and Rahu for a gift of innovation.",The 3rd and 5th houses reveal unique skills and creative talents.,Your unique skills and creative talents are revealed through the 3rd and 5th houses of your chart.,learning_education_creativity,"philosophical_understanding,spiritual_learning",431af59d6f25e2d7,Gemini,AI,Page 13,CLEANED,0.75,,[],,v2.0,NO_CONFLICT,2025-09-02T10:24:35.698023,JSON refinement AI call failed; using original raw JSON.
13d81e5d85aefd8c,"{""calculation_context"": {""type"": ""static_placement""}, ""components"": [{""type"": ""planet_lord"", ""house_ruled"": 1, ""strength"": {""type"": ""qualitative"", ""value"": ""strong""}, ""placement"": {""type"": ""qualitative"", ""value"": ""well-placed""}}], ""interpretation_context"": {""lagna_lord_significance"": ""captain of the ship"", ""effects_of_strong_well_placed_lagna_lord"": [""robust character"", ""good health"", ""effective self-assertion""], ""house_occupied_significance"": ""direction of life force""}}",,,"The Lagna Lord is the ""captain of the ship,"" and its condition reveals the strength and coherence of one's self-identity. A strong, well-placed Lagna Lord grants a robust character, good health, and the ability to assert oneself effectively. The house it occupies shows where the individual's life force is naturally directed.",core_self_vitality,self_identity_character,434e8b22f8869ace,Gemini,AI,Page 4,CLEANED,0.75,,[],,v2.0,NO_CONFLICT,2025-09-02T10:48:18.736189,JSON refined and scored by AI.
3c3969beafc604fe,"{""calculation_context"": {""type"": ""static_placement""}, ""components"": [{""planet"": null, ""sign"": null, ""house"": 5, ""specific_house_meaning"": ""creativity_and_self_expression""}]}","Your unique skills and creative talents are revealed through the 3rd and 5th houses of your chart. The 3rd house governs practiced abilities like writing and manual arts, while the 5th house is the wellspring of your innate creativity and expressive power. The specific nature of your talent is colored by key planets—Venus for artistic pursuits, Mercury for intellectual skills, and Rahu for a gift of innovation.",The 5th house represents innate creativity and expressive power.,the 5th house is the wellspring of your innate creativity and expressive power.,learning_education_creativity,other_skills_creativity,442d4c9ee99e8761,Gemini,AI,Page 13,CLEANED,0.75,,[],,v2.0,NO_CONFLICT,2025-09-02T10:24:35.699149,JSON refined and scored by AI.
1a2061b7c9c4c984,"{""calculation_context"": {""type"": ""static_placement""}, ""components"": [{""house"": ""10th"", ""sign"": [""aries"", ""cancer"", ""libra"", ""capricorn""]}, {""house"": ""10th"", ""planet"": ""rahu"", ""relationship"": {""type"": ""aspect"", ""target"": {""house"": ""10th""}}}]}",,A movable sign on the 10th cusp or Rahu's influence on the 10th house suggests a career with frequent changes and mobility.,"Conversely, a 10th house in a Movable sign (Aries, Cancer, Libra, Capricorn) or under the influence of Rahu indicates a career with frequent changes, mobility, and dynamism.",career_public_life,career_mobility_changes,44990bda9f4cf8b7,Gemini,AI,Page 3,CLEANED,0.9,,[],,v2.0,NO_CONFLICT,2025-09-02T10:20:35.565199,JSON refined and scored by AI.
db2f2344c1f4419c,"{""calculation_context"": {""type"": ""dignity""}, ""components"": [{""planet"": ""Mercury"", ""dignity"": ""strong"", ""strength_type"": [""exaltation"", ""own_sign"", ""moolatrikona"", ""friendly_sign""]}]}","Academic success hinges on the strength of the two key planets: Mercury, which provides the intellectual acuity and learning ability, and Jupiter, which bestows the wisdom to synthesize and expand upon that learning.","Strong Mercury provides intellectual acuity and learning ability, contributing to academic success.","Academic success hinges on the strength of the two key planets: Mercury, which provides the intellectual acuity and learning ability",learning_education_creativity,"intellectual_skills,research_academic_success",450725c85b6ef02c,Gemini,AI,Page 14,CLEANED,0.75,,[],,v2.0,NO_CONFLICT,2025-09-02T10:52:51.930853,JSON refined and scored by AI.
4c5ecc4abadef78b,"{""calculation_context"": {""type"": ""divisional_chart"", ""divisional_chart_name"": ""saptamsa"", ""purpose"": ""analyzing_children""}, ""components"": [{""house"": {""house_number"": 5, ""strength"": ""strong"", ""relationship_with"": [{""planet"": ""jupiter"", ""aspect_type"": ""beneficial""}]}}, {""planet"": ""jupiter""}]}",Children: The 5th House is the primary indicator. Jupiter (Guru) is the significator of children. The Saptamsa (D-7) is the specific divisional chart.,"The Saptamsa (D-7) chart is used to analyze the happiness, success, and nature of one's children.","The potential for and relationship with children are analyzed through the 5th House and Jupiter. A strong 5th house blessed by benefics is favorable for progeny. For a microscopic view, the Saptamsa (D-7) chart is examined to understand the happiness, success, and nature of one's children.",relationships,children_relations,45433ee3d29cba56,Gemini,AI,Page 7,CLEANED,0.75,,[],,v2.0,NO_CONFLICT,2025-09-02T10:35:34.359319,JSON refined and scored by AI.
c7717d519d2d4141,"{""calculation_context"": {""type"": ""planetary_influence"", ""subtype"": ""general_significance""}, ""components"": [{""planet"": ""Saturn"", ""influence_type"": ""indicative"", ""domain"": ""property"", ""property_characteristics"": [""large"", ""long-lasting""], ""event"": ""acquisition""}]}",,,"The influence of Saturn can indicate the acquisition of large, long-lasting properties.",home_property_vehicles,property_acquisition,4592228017340959,Gemini,AI,Page 9,CLEANED,0.75,,[],,v2.0,NO_CONFLICT,2025-09-02T10:22:47.297281,JSON refined and scored by AI.
c267a0357fd1ebf6,"{""calculation_context"": {""type"": ""static_placement""}, ""components"": [{""planet"": ""venus"", ""sign"": null, ""house"": null}, {""planet"": null, ""sign"": null, ""house"": 4}], ""relationship"": ""joint_consideration""}",Vehicle ownership is a joint consideration of the 4th House and the planet Venus.,The 4th house and Venus govern vehicle ownership.,Vehicle ownership is a joint consideration of the 4th House and the planet Venus.,home_property_vehicles,vehicle_ownership,46324c4aed14d66a,Gemini,AI,Page 19,CLEANED,0.75,,[],,v2.0,NO_CONFLICT,2025-09-02T10:40:43.297256,JSON refined and scored by AI.
ef013567cabe7ac5,"{""calculation_context"": {""type"": ""static_placement""}, ""components"": [{""planet"": ""Jupiter"", ""aspect"": {""type"": ""aspect"", ""target"": ""Moon"", ""degrees"": 0}}]}","It blesses the native with intelligence, fame, wealth, and a noble character.","Gajakesari Yoga grants intelligence, fame, wealth, and noble character.","Gajakesari Yoga blesses the native with intelligence, fame, wealth, and a noble character.",core_self_vitality,self_identity_character,46952288c6cc2bfc,Gemini,AI,Page 26,CLEANED,0.9,,[],,v2.0,NO_CONFLICT,2025-09-02T10:43:25.981213,JSON refined and scored by AI.
142f5178ca1df3f5,"{""calculation_context"": {""type"": ""relationship_compatibility"", ""dosha_type"": ""mangal_dosha""}, ""components"": [{""planet"": ""mars"", ""house"": 1, ""person"": ""person_1""}, {""planet"": ""mars"", ""house"": 4, ""person"": ""person_1""}, {""planet"": ""mars"", ""house"": 7, ""person"": ""person_1""}, {""planet"": ""mars"", ""house"": 8, ""person"": ""person_1""}, {""planet"": ""mars"", ""house"": 12, ""person"": ""person_1""}, {""planet"": ""mars"", ""house"": 1, ""person"": ""person_2""}, {""planet"": ""mars"", ""house"": 4, ""person"": ""person_2""}, {""planet"": ""mars"", ""house"": 7, ""person"": ""person_2""}, {""planet"": ""mars"", ""house"": 8, ""person"": ""person_2""}, {""planet"": ""mars"", ""house"": 12, ""person"": ""person_2""}]}","The dosha is considered ""cancelled"" or balanced if both partners have it.",The negative effects of Mangal Dosha are mitigated if both partners have the dosha.,"The dosha is considered ""cancelled"" or balanced if both partners have it.",doshas,mangal_dosha,469ef44c22118dd1,Gemini,AI,Page 28,CLEANED,0.9,,[],,v2.0,NO_CONFLICT,2025-09-02T10:58:19.256785,JSON refined and scored by AI.
aa03c46884e6e271,"{""calculation_context"": {""type"": ""timing_window"", ""parameters"": {""event_type"": ""career""}}, ""components"": []}",This determines when career events happen.,Dashas and transits indicate the timing of career events.,This determines when career events happen.,timing_windows,other_timing_related,46a093ae70ef03c1,Gemini,AI,Page 33,CLEANED,0.75,,[],,v2.0,NO_CONFLICT,2025-09-02T10:46:50.790277,JSON refined and scored by AI.
cd3282a6c24d1328,"{""calculation_context"": {""type"": ""highest_degree"", ""target"": ""planet""}, ""components"": [{""type"": ""planet"", ""attribute"": ""degree"", ""condition"": ""highest""}]}","The Atmakaraka (AK): The planet with the highest degree in the chart, representing the soul's primary desire.","The planet with the highest degree, known as the Atmakaraka, signifies the soul's main desire and is a key indicator of life purpose.","The Atmakaraka (AK) is the planet with the highest degree in the chart, representing the soul's primary desire.",core_self_vitality,life_path_purpose,477c827396cad182,Gemini,AI,Page 5,CLEANED,0.9,,[],,v2.0,NO_CONFLICT,2025-09-02T10:34:55.102878,JSON refined and scored by AI.
48cd9ad701b9ca83,"{""calculation_context"": {""type"": ""navamsa_chart_planet_placement""}, ""components"": [{""planet"": ""atmakaraka""}]}",The placement of the AK in the Navamsa (D-9) chart gives even deeper clues about this purpose.,The Atmakaraka's placement in the Navamsa chart provides further insights into life purpose.,The placement of the AK in the Navamsa (D-9) chart gives even deeper clues about this purpose.,core_self_vitality,life_path_purpose,47c40f4b84c52d74,Gemini,AI,Page 5,CLEANED,0.75,,[],,v2.0,NO_CONFLICT,2025-09-02T10:21:16.849317,JSON refined and scored by AI.
b5e6fe78de7a310a,"{""calculation_context"": {""type"": ""house_significance""}, ""components"": [{""house"": 11, ""significance"": [""income"", ""gains"", {""income_type"": ""salary""}, {""gains_type"": ""business_profits""}]}]}",,,"The 11th House represents the inflow—your salary, profits from business, and all manner of incoming gains.",wealth_assets_resources,"income_primary,income_secondary_sources",485a10e4373877e9,Gemini,AI,Page 9,CLEANED,0.75,,[],,v2.0,NO_CONFLICT,2025-09-02T10:22:47.297281,JSON refined and scored by AI.
721c4a4ffb3ce2e8,"{""calculation_context"": {""type"": ""yoga_presence"", ""yoga_name"": ""Saraswati Yoga""}, ""components"": [{""type"": ""planetary_combination"", ""planets"": [{""planet"": ""Jupiter"", ""position"": {""sign_occupation"": {""sign"": null, ""specified"": false}, ""house_occupation"": {""house"": null, ""specified"": false}}, ""condition"": {""strength"": {""specified"": false}, ""dignity"": {""specified"": false}}}, {""planet"": ""Venus"", ""position"": {""sign_occupation"": {""sign"": null, ""specified"": false}, ""house_occupation"": {""house"": null, ""specified"": false}}, ""condition"": {""strength"": {""specified"": false}, ""dignity"": {""specified"": false}}}, {""planet"": ""Mercury"", ""position"": {""sign_occupation"": {""sign"": null, ""specified"": false}, ""house_occupation"": {""house"": null, ""specified"": false}}, ""condition"": {""strength"": {""specified"": false}, ""dignity"": {""specified"": false}}}], ""relationship"": {""type"": ""conjunction_or_mutual_aspect"", ""specified"": false}}]}","Saraswati Yoga: Formed when Jupiter, Venus, and Mercury are all strongly placed in auspicious houses. This is the hallmark of a highly intelligent, learned, eloquent, and respected individual, blessed by the goddess of knowledge.","Individuals with Saraswati Yoga are often characterized by high intelligence, extensive knowledge, eloquence, and respected social standing.","This is the hallmark of a highly intelligent, learned, eloquent, and respected individual, blessed by the goddess of knowledge.",yogas,saraswati_yoga,4889d23bd9d659f8,Gemini,AI,Page 27,CLEANED,0.75,,[],,v2.0,NO_CONFLICT,2025-09-02T10:29:56.716151,JSON refined and scored by AI.
7261b07506ee5f6f,"{""calculation_context"": {""type"": ""GeneralInterpretation""}, ""components"": [{""type"": ""AstrologicalConcept"", ""concept"": ""Home"", ""aspects"": []}, {""type"": ""AstrologicalConcept"", ""concept"": ""Property"", ""aspects"": []}, {""type"": ""AstrologicalConcept"", ""concept"": ""Vehicles"", ""aspects"": []}, {""type"": ""AstrologicalConcept"", ""concept"": ""CareerStability"", ""aspects"": []}, {""type"": ""AstrologicalConcept"", ""concept"": ""StatusSymbols"", ""aspects"": []}, {""type"": ""Relationship"", ""relationship"": ""Represent"", ""from"": [{""type"": ""AstrologicalConcept"", ""concept"": ""Home"", ""aspects"": []}, {""type"": ""AstrologicalConcept"", ""concept"": ""Property"", ""aspects"": []}, {""type"": ""AstrologicalConcept"", ""concept"": ""Vehicles"", ""aspects"": []}], ""to"": [{""type"": ""AstrologicalConcept"", ""concept"": ""CareerStability"", ""aspects"": []}, {""type"": ""AstrologicalConcept"", ""concept"": ""StatusSymbols"", ""aspects"": []}]}]}","Home, Property & Vehicles represent career stability and status symbols.","Home, property, and vehicles symbolize career stability and status.","Home, Property & Vehicles represent career stability and status symbols.",home_property_vehicles,other_home_related,49663dce6ccec765,Gemini,AI,Page 32,CLEANED,0.75,,[],,v2.0,NO_CONFLICT,2025-09-02T10:32:26.167798,JSON refined and scored by AI.
789de6f4d5db38a1,"{""calculation_context"": {""type"": ""static_placement""}, ""components"": [{""house"": 12}, {""planet"": ""saturn""}]}",Charitable service is often seen through a strong 12th house (giving) and the influence of Saturn (service to humanity).,"Charitable service is indicated by a strong 12th house, representing giving, and the influence of Saturn, symbolizing service to humanity.",Charitable service is often seen through a strong 12th house (giving) and the influence of Saturn (service to humanity).,travel_dharma_spirituality,charitable_service,49a7a5c66084d7a7,Gemini,AI,Page 24,CLEANED,0.75,,[],,v2.0,NO_CONFLICT,2025-09-02T10:28:40.725019,JSON refinement AI call failed; using original raw JSON.
6e5058895140a7c2,"{""calculation_context"": {""type"": ""lordship_relationship"", ""relationship"": ""any""}, ""components"": [{""planet"": {""is_sign_lord"": true, ""sign_lordship"": {""sign"": ""any""}}, ""house"": 5}, {""planet"": {""is_sign_lord"": true, ""sign_lordship"": {""sign"": ""any""}}, ""house"": 7}]}",A strong connection between the 5th and 7th lords is a classic indicator of a love marriage.,A strong connection between the 5th and 7th lords indicates a love marriage.,,relationships,"love_relationships,marriage_spouse",4a102339765fe9d1,Gemini,AI,Page 6,CLEANED,0.9,,[],,v2.0,NO_CONFLICT,2025-09-02T10:49:17.428578,JSON refined and scored by AI.
903e3bf494d89ef2,"{""calculation_context"": {""type"": ""static_placement""}, ""components"": [{""type"": ""planetary_combination"", ""description"": ""Pitru Dosha"", ""details"": {""combination_type"": ""generic"", ""planets"": []}}]}","This dosha can manifest as persistent obstacles in life—such as issues with career, finances, or having children—and suggests a karmic blockage from the ancestors that may need to be acknowledged or remediated through specific spiritual practices.","Pitru Dosha can create obstacles in career, finances, and childbearing, suggesting an ancestral karmic blockage requiring spiritual remedies.","Pitru Dosha can manifest as persistent obstacles in life, such as issues with career, finances, or having children. It suggests a karmic blockage from the ancestors that may need to be acknowledged or remediated through specific spiritual practices.",karma_past_life,"karmic_debts_lessons,pitru_dosha",4a13318550874303,Gemini,AI,Page 26,CLEANED,0.75,,[],,v2.0,NO_CONFLICT,2025-09-02T10:43:25.981213,JSON refined and scored by AI.
cd190d8e26311773,"{""calculation_context"": {""type"": ""static_placement""}, ""components"": [{""planet"": null, ""sign"": null, ""house"": 2, ""interpretation_context"": ""income_and_assets""}, {""planet"": null, ""sign"": null, ""house"": 11, ""interpretation_context"": ""income_and_assets""}, {""planet"": null, ""sign"": null, ""house"": 4, ""interpretation_context"": ""income_and_assets""}]}","Income & Assets (2nd, 11th, 4th Houses) are a primary career motivator. Financial stability enables risk-taking and pursuing fulfilling paths.","Income and assets (2nd, 11th, and 4th houses) are key motivators for many careers. Financial stability allows for professional risk-taking and pursuing more fulfilling, even if less lucrative, career paths.","Income & Assets (2nd, 11th, 4th Houses): The primary motivation for many careers. Financial stability allows you to take professional risks, start a business, or pursue a less lucrative but more fulfilling path.",wealth_assets_resources,income_primary,4a431c5a72ba3248,Gemini,AI,Page 32,CLEANED,0.75,,[],,v2.0,NO_CONFLICT,2025-09-02T10:46:24.476291,JSON refined and scored by AI.
e492d06fc209b4ca,"{""calculation_context"": {""type"": ""house_significance"", ""domain"": ""spiritual_life""}, ""components"": [{""house"": 9, ""significance"": [""beliefs"", ""philosophy"", ""higher_purpose""]}]}","Your spiritual compass is defined by the 9th house, which governs your beliefs, philosophy, and higher purpose. Your potential for deep spiritual growth and liberation is seen in the 12th house, guided by planets like Jupiter and Ketu.","The 9th house defines an individual's spiritual compass, governing beliefs, philosophy, and higher purpose.","Your spiritual compass is defined by the 9th house, which governs your beliefs, philosophy, and higher purpose.",travel_dharma_spirituality,"philosophical_beliefs,spiritual_growth",4a5c66c87d9ffbeb,Gemini,AI,Page 24,CLEANED,0.75,,[],,v2.0,NO_CONFLICT,2025-09-02T10:56:42.959012,JSON refined and scored by AI.
898525a32c0ea42f,"{""calculation_context"": {""type"": ""planetary_relationship""}, ""components"": [{""house"": 4, ""strength"": ""strong"", ""strength_condition"": {""type"": ""above_average""}}, {""planet"": ""lord_4"", ""strength"": ""strong"", ""strength_condition"": {""type"": ""above_average""}}, {""planet"": ""Mars"", ""disposition"": ""well_placed"", ""relationship"": {""type"": ""support"", ""target"": ""lord_4""}}]}",,,"A strong 4th house and its lord, especially when supported by a well-placed Mars, is the classic combination for owning land and a comfortable home.",home_property_vehicles,"property_acquisition,home_comforts",4b26d7be2d080038,Gemini,AI,Page 9,CLEANED,0.75,,[],,v2.0,NO_CONFLICT,2025-09-02T10:50:33.154605,JSON refined and scored by AI.
f3d2373306e4ebe2,"{""calculation_context"": {""type"": ""dosha_check"", ""dosha_type"": ""pitru_dosha"", ""potential_manifestations"": [""obstacles_in_life"", ""career_issues"", ""financial_issues"", ""childbirth_issues""]}, ""components"": [{""dosha_name"": ""pitru_dosha"", ""description"": ""Karmic blockage from ancestors"", ""remediation"": ""Specific spiritual practices""}]}","This dosha can manifest as persistent obstacles in life—such as issues with career, finances, or having children—and suggests a karmic blockage from the ancestors that may need to be acknowledged or remediated through specific spiritual practices.","Pitru Dosha manifests as life obstacles (career, finances, children) due to ancestral karmic blockage, requiring spiritual remedies.","Pitru Dosha can manifest as persistent obstacles in life, such as issues with career, finances, or having children. It suggests a karmic blockage from the ancestors that may need to be acknowledged or remediated through specific spiritual practices.",karma_past_life,"karmic_debts_lessons,pitru_dosha",4b3cc6693d890ea9,Gemini,AI,Page 26,CLEANED,0.75,,[],,v2.0,NO_CONFLICT,2025-09-02T10:57:39.627964,JSON refined and scored by AI.
86e92779231cad17,"{""calculation_context"": {""type"": ""planet_strength_and_affliction"", ""target_planet"": ""rahu"", ""strength"": ""strong"", ""affliction"": true, ""comparison_planet"": ""ketu"", ""comparison_type"": ""overshadows""}, ""components"": [{""planet"": ""rahu"", ""strength"": ""strong"", ""affliction"": true}, {""planet"": ""ketu""}]}",,"A strong or afflicted Rahu, especially if dominant over Ketu, suggests material desires hindering spiritual growth.","An overly strong or afflicted Rahu, especially if it overshadows Ketu, indicates that material desires may impede spiritual progress.",karma_past_life,obstacles_to_moksha,4bcf06da3e45183f,Gemini,AI,Page 25,CLEANED,0.75,,[],,v2.0,NO_CONFLICT,2025-09-02T10:57:00.657532,JSON refined and scored by AI.
c839b7f315b41d78,"{""calculation_context"": {""type"": ""dosha_check"", ""target"": ""pitru_dosha"", ""considerations"": [""sun_condition"", ""moon_condition"", ""house_9_condition""]}, ""components"": [{""dosha"": ""pitru_dosha"", ""check"": ""presence""}, {""planet"": ""sun"", ""check"": ""condition""}, {""planet"": ""moon"", ""check"": ""condition""}, {""house"": 9, ""check"": ""condition""}]}","Ancestral Karma: The condition of the Sun, Moon, and 9th House, and the presence of Pitru Dosha.",Pitru Dosha is related to ancestral karma.,"Ancestral Karma: The condition of the Sun, Moon, and 9th House, and the presence of Pitru Dosha.",doshas,pitru_dosha,4bfd53e7b756bb00,Gemini,AI,Page 16,CLEANED,0.75,,[],,v2.0,NO_CONFLICT,2025-09-02T10:39:10.085025,JSON refined and scored by AI.
9bffec619f8775d5,"{""calculation_context"": {""type"": ""static_placement""}, ""components"": [{""planet"": {""relationship_type"": ""lordship"", ""house"": [1, 4, 10]}, ""aspect"": {""target_house"": 12, ""type"": [""conjunction"", ""aspect""]}}, {""house"": 12, ""strength"": ""strong""}]}",Relocation abroad is primarily seen from the 12th House (foreign lands).,Relocation abroad is primarily indicated by the 12th House (foreign lands).,"Relocation abroad is primarily seen from the 12th House (foreign lands). A strong connection between the lord of the 1st house (self), 4th house (home), or 10th house (career) with the 12th house is a classic combination for settling in a foreign country.",travel_dharma_spirituality,relocation_abroad,4c1357fd65d71fcf,Gemini,AI,Page 23,CLEANED,0.9,,[],,v2.0,NO_CONFLICT,2025-09-02T10:28:21.808976,JSON refined and scored by AI.
655301b2858e9e79,"{""calculation_context"": {""type"": ""strength""}, ""components"": [{""planet"": ""jupiter"", ""strength"": {""type"": ""general"", ""description"": ""strong""}}]}",,,"and Jupiter, which bestows the wisdom to synthesize and expand upon that learning.",learning_education_creativity,philosophical_understanding,4cbaa3385dc33a6e,Gemini,AI,Page 12,CLEANED,0.75,,[],,v2.0,NO_CONFLICT,2025-09-02T10:37:27.582461,JSON refined and scored by AI.
f7d4fc3c239459ef,"{""calculation_context"": {""type"": ""strength_and_influence""}, ""components"": [{""house"": ""7"", ""strength"": ""strong""}, {""planet"": ""lord of 7th house"", ""strength"": ""strong""}, {""aspect"": ""support"", ""planets"": [{""planet_nature"": ""benefic""}], ""target_house"": ""7""}]}",,"A strong 7th house and lord, supported by benefic planets, leads to fruitful and trustworthy collaborations.","A strong 7th house and lord, supported by benefic planets, indicate fruitful and trustworthy collaborations.",relationships,partnerships_collaborations,4d251e5b79407120,Gemini,AI,Page 8,CLEANED,0.75,,[],,v2.0,NO_CONFLICT,2025-09-02T10:35:55.234893,JSON refined and scored by AI.
7f22713e7189d105,"{""calculation_context"": {""type"": ""transit""}, ""components"": []}","While Dashas set the stage, the actual timing of events is often triggered by transits.","While Dashas lay the groundwork, the precise timing of events is often activated by transits.","While Dashas set the stage, the actual timing of events is often triggered by transits.",timing_windows,other_transits_periods,4d56cf58a3c056e2,Gemini,AI,Page 31,CLEANED,0.75,,[],,v2.0,NO_CONFLICT,2025-09-02T10:31:49.610151,JSON refined and scored by AI.
d23128f14c891fa5,"{""calculation_context"": {""type"": ""general_interpretation""}, ""components"": [{""type"": ""astrological_concept"", ""concept"": ""home_property_vehicles""}, {""type"": ""astrological_concept"", ""concept"": ""career"", ""qualifiers"": [{""type"": ""meaning"", ""value"": ""stability""}, {""type"": ""meaning"", ""value"": ""status_symbols""}]}, {""type"": ""relationship"", ""relationship"": ""represents"", ""from"": ""home_property_vehicles"", ""to"": ""career""}]}","Home, Property & Vehicles represent career stability and status symbols.","Home, property, and vehicles symbolize career stability and status.","Home, Property & Vehicles represent the stability and status symbols of your career.",home_property_vehicles,other_home_related,4d6ca0e751eb105c,Gemini,AI,Page 32,CLEANED,0.75,,[],,v2.0,NO_CONFLICT,2025-09-02T10:46:24.476291,JSON refined and scored by AI.
9e467fbee30a2b95,"{""calculation_context"": {""type"": ""static_placement""}, ""components"": [{""house"": 4, ""significance"": ""mother, home""}, {""planet"": ""moon"", ""karaka"": ""mother""}]}","Maternal Influence: The 4th House (mother, home) and the Moon (Chandra) as the Matru Karaka (significator of mother).","The 4th house and the Moon (Matru Karaka) signify maternal influence, home environment, and emotional foundations.","The 4th house in astrology, traditionally associated with home, family roots, and the mother figure, is deeply connected to the Moon (Chandra), which acts as the Matru Karaka, or significator of the mother. This emphasizes the maternal influence on an individual's life, highlighting the impact of the mother's personality, nurturing style, and the overall home environment on their emotional development and sense of security.",family_lineage,mother_status_influence,4e24b60d60c51f74,Gemini,AI,Page 16,CLEANED,0.75,9e467fbee30a2b95,[],,v2.0,NO_CONFLICT,2025-09-02T10:25:40.675856,"Consolidated from 2 facts. Original IDs: ['9e467fbee30a2b95', '1cf58b93b8876a3a']"
09332643bf291dd4,"{""calculation_context"": {""type"": ""interplanetary_relationship_and_strength""}, ""components"": [{""planet"": ""rahu"", ""strength"": ""strong"", ""affliction"": true}, {""planet1"": ""rahu"", ""planet2"": ""ketu"", ""relationship"": ""overshadows""}]}","An overly strong or afflicted Rahu, especially if it overshadows Ketu, indicates that material desires may impede spiritual progress.",Rahu overshadowing Ketu indicates material desires hindering spiritual progress.,"An overly strong or afflicted Rahu, especially if it overshadows Ketu, indicates that material desires may impede spiritual progress.",karma_past_life,obstacles_to_moksha,4e9930acb6a5e46e,Gemini,AI,Page 25,CLEANED,0.75,,[],,v2.0,NO_CONFLICT,2025-09-02T10:42:46.799387,JSON refined and scored by AI.
e449998f67a27b10,"{""calculation_context"": {""type"": ""static_placement""}, ""components"": [{""house"": ""4"", ""significance"": ""represents mother's influence, comfort, nurturing, and home environment""}, {""planet"": ""moon"", ""significance"": ""reveals emotional bond with mother and her overall well-being"", ""condition"": ""bright, well-placed""}, {""house_lord"": ""4"", ""strength"": ""strong"", ""significance"": ""indicates a supportive and positive maternal figure""}]}","The mother's influence is seen through the 4th House, which represents the comfort, nurturing, and home environment she provides. The Moon's condition reveals the emotional bond with her and her overall well-being. A strong 4th lord and a bright, well-placed Moon indicate a supportive and positive maternal figure.","The 4th house represents the mother's influence, comfort, and nurturing. The Moon's condition reflects the emotional bond and her well-being. A strong 4th lord and a well-placed Moon indicate a supportive and positive mother.","The mother's influence is seen through the 4th House, which represents the comfort, nurturing, and home environment she provides. The Moon's condition reveals the emotional bond with her and her overall well-being. A strong 4th lord and a bright, well-placed Moon indicate a supportive and positive maternal figure.",family_lineage,mother_status_influence,4ea3ceee2b3cc7bb,Gemini,AI,Page 16,CLEANED,0.75,,[],,v2.0,NO_CONFLICT,2025-09-02T10:39:10.085025,JSON refined and scored by AI.
97ac693206e2a177,"{""calculation_context"": {""type"": ""logical_or""}, ""components"": [{""calculation_context"": {""type"": ""house_affliction"", ""parameters"": {""affliction_level"": ""heavy""}}, ""components"": []}, {""calculation_context"": {""type"": ""planet_state"", ""parameters"": {""state"": ""retrograde""}}, ""components"": []}]}","Karmic debts and lessons can be indicated by heavily afflicted houses or the presence of retrograde planets, which suggest a need to revisit and resolve issues related to that planet's significance.",Heavily afflicted houses or retrograde planets can indicate karmic debts and lessons that need to be addressed.,"Karmic debts and lessons can be indicated by heavily afflicted houses or the presence of retrograde planets, which suggest a need to revisit and resolve issues related to that planet's significance.",karma_past_life,karmic_debts_lessons,4eb9db0e4b821d13,Gemini,AI,Page 24,CLEANED,0.75,,[],,v2.0,NO_CONFLICT,2025-09-02T10:56:42.959012,JSON refined and scored by AI.
e07b9d1b268d534c,"{""calculation_context"": {""type"": ""house_significance""}, ""components"": [{""house"": 4, ""significance"": [""property"", ""home""]}]}",,,"The 4th House (property, home)",home_property_vehicles,property_acquisition,4ed1d9be671d4d5f,Gemini,AI,Page 9,CLEANED,0.9,,[],,v2.0,NO_CONFLICT,2025-09-02T10:22:47.297281,JSON refined and scored by AI.
3ffbc259173f015f,"{""calculation_context"": {""type"": ""static_placement""}, ""components"": [{""planet"": ""mars"", ""aspect_to"": [{""house"": 1}, {""house"": 8}], ""influence"": ""affliction""}, {""planet"": ""rahu"", ""aspect_to"": [{""house"": 1}, {""house"": 8}], ""influence"": ""affliction""}]}","The potential for accidents and injuries is primarily seen through afflictions from Mars (cuts, burns, surgery) and Rahu (sudden events) to the Lagna or the 8th house.",Afflictions from Mars and Rahu to the Ascendant or 8th house indicate potential for accidents and injuries.,"The potential for accidents and injuries is primarily seen through afflictions from Mars (cuts, burns, surgery) and Rahu (sudden events) to the Lagna or the 8th house.",health_risks_longevity,accidents_injuries,4f1344d76f7163bc,Gemini,AI,Page 21,CLEANED,0.75,,[],,v2.0,NO_CONFLICT,2025-09-02T10:55:36.322463,JSON refined and scored by AI.
646af1416e54359f,"{""calculation_context"": {""type"": ""lordship_placement""}, ""components"": [{""planet"": {""is_sign_lord"": true, ""sign_lordship"": {""sign"": 7}}, ""placement"": {""house"": {""sign_num"": null, ""house_num"": null}}}]}","The planet ruling the 7th house, its strength, and placement.","The ruler of the 7th house, its strength, and placement are important factors.",,relationships,marriage_spouse,4f7bfc1448270f47,Gemini,AI,Page 6,CLEANED,0.6,,[],,v2.0,NO_CONFLICT,2025-09-02T10:49:17.428578,JSON refined and scored by AI.
dfe55fd8088ff127,"{""calculation_context"": {""type"": ""static_placement""}, ""components"": [{""type"": ""cusp"", ""house_index"": 10, ""sign"": [{""sign"": ""Aries""}, {""sign"": ""Leo""}, {""sign"": ""Sagittarius""}]}]}","Fiery Signs (Aries, Leo, Sagittarius): Indicate dynamic, enterprising fields like entrepreneurship, sports, or leadership roles.","10th house in Aries, Leo, or Sagittarius indicates dynamic careers such as entrepreneurship, sports, or leadership.","Fiery signs on the 10th house cusp suggest careers in dynamic fields like entrepreneurship, sports, or leadership.",career_public_life,other_career_related,4fb33b52c10bf37c,Gemini,AI,Page 2,CLEANED,0.75,,[],,v2.0,NO_CONFLICT,2025-09-02T10:20:14.037622,JSON refined and scored by AI.
a6069bd39faed202,"{""calculation_context"": {""type"": ""static_placement""}, ""components"": [{""planet"": null, ""sign"": null, ""house"": 5, ""interpretation_context"": {""house_context"": ""purva_punya""}}]}","While education deals with information, wisdom deals with truth. The quest for philosophical understanding and higher knowledge is the domain of the 9th House and Jupiter. A strong 9th house and a powerful Jupiter create a natural philosopher, a teacher, or a lifelong student of life, always seeking a deeper meaning. The 5th house, as the house of purva punya (past life credit), can also bestow innate wisdom that doesn't come from books. Spiritual learning is primarily seen through the 12th House (the house of liberation) and the influence of Ketu. As the significator for moksha (enlightenment), Ketu provides profound intuitive insights and a natural detachment from worldly matters, guiding the soul towards introspection and self-realization. A prominent connection between Jupiter and Ketu often produces a powerful spiritual seeker or guide. Finally, practical, hard-earned wisdom is the gift of Saturn. Saturn gives knowledge not from theory but from experience, discipline, and time. Its influence teaches the lessons of reality, creating a grounded and resilient understanding of the world.",,"The 5th house, as the house of purva punya (past life credit), can also bestow innate wisdom that doesn't come from books.",karma_past_life,karmic_blessings,4fc3118b1cd28eb8,Gemini,AI,Page 13,CLEANED,0.75,,[],,v2.0,NO_CONFLICT,2025-09-02T10:52:33.273007,JSON refined and scored by AI.
874801e743ae3393,"{""calculation_context"": {""type"": ""dosha_check"", ""dosha_type"": ""pitru_dosha""}, ""components"": [{""dosha_name"": ""pitru_dosha"", ""description"": ""Presence of Pitru Dosha"", ""details"": ""Specific combinations indicating Pitru Dosha""}]}",Specific combinations like 'Pitru Dosha' indicate inherited karmic debts from your ancestors that can influence your life's path.,Combinations like Pitru Dosha indicate inherited karmic debts influencing life.,Specific combinations like 'Pitru Dosha' indicate inherited karmic debts from your ancestors that can influence your life's path.,karma_past_life,family_lineage_debts,5040c9937bec24b9,Gemini,AI,Page 26,CLEANED,0.75,,[],,v2.0,NO_CONFLICT,2025-09-02T10:57:39.627964,JSON refined and scored by AI.
2d2ab62df7bc8398,"{""calculation_context"": {""type"": ""house_strength_comparison"", ""target_property"": ""prosperity"", ""comparison_type"": ""and""}, ""components"": [{""house"": 11, ""strength_indicator"": ""strength"", ""strength"": ""strong""}, {""house"": 2, ""strength_indicator"": ""strength"", ""strength"": ""strong""}]}",,,True prosperity requires strength in both.,wealth_assets_resources,"income_primary,savings_investments",50d39a20cf99594d,Gemini,AI,Page 9,CLEANED,0.75,,[],,v2.0,NO_CONFLICT,2025-09-02T10:22:47.297281,JSON refined and scored by AI.
9355119a55d404df,"{""calculation_context"": {""type"": ""divisional_chart_placement""}, ""components"": [{""divisional_chart"": ""d9"", ""planet"": ""venus"", ""sign"": null, ""house"": 7}]}","A strong, unafflicted 7th house and Venus in the D-9 can overcome challenges seen in the main chart, signifying a relationship with a strong soul-level connection.","A strong 7th house and Venus in the D-9 can overcome challenges, signifying a strong soul connection.",,relationships,marriage_spouse,50edd96f69808819,Gemini,AI,Page 6,CLEANED,0.9,,[],,v2.0,NO_CONFLICT,2025-09-02T10:49:17.430023,JSON refined and scored by AI.
b587eb74135a618c,"{""calculation_context"": {""type"": ""static_placement""}, ""components"": [{""type"": ""planet_lord"", ""house_ruled"": 1}, {""type"": ""dignity"", ""planet"": {""type"": ""planet_lord"", ""house_ruled"": 1}}, {""type"": ""house_placement"", ""planet"": {""type"": ""planet_lord"", ""house_ruled"": 1}}, {""type"": ""aspect_received"", ""planet_receiving_aspect"": {""type"": ""planet_lord"", ""house_ruled"": 1}}]}",,,"The Lagna Lord: The planet that rules the Ascendant sign, its dignity, house placement, and the aspects it receives.",core_self_vitality,self_identity_character,50f91c0c8e1c3301,Gemini,AI,Page 4,CLEANED,0.75,,[],,v2.0,NO_CONFLICT,2025-09-02T10:48:18.736189,JSON refined and scored by AI.
03a6c28a8f5122ed,"{""calculation_context"": {""type"": ""static_placement""}, ""components"": [{""planet"": ""all"", ""sign"": ""all"", ""house"": ""all"", ""aspect"": ""all"", ""dignity"": ""all"", ""strength"": ""all"", ""motion"": ""all"", ""nakshatra"": ""all"", ""sub"": ""all"", ""sub_sub"": ""all"", ""yoga"": ""all"", ""dasha"": ""all"", ""transit"": ""all"", ""varga"": ""all"", ""special_lagna"": ""all""}]}","You are a part of a long ancestral story, and its karma is reflected in your chart.",An individual's chart reflects their ancestral karma.,"You are a part of a long ancestral story, and its karma is reflected in your chart.",family_lineage,ancestral_heritage,5178fdd5f99ba93a,Gemini,AI,Page 26,CLEANED,0.6,,[],,v2.0,NO_CONFLICT,2025-09-02T10:43:25.981213,JSON refined and scored by AI.
5b4ef2a6035804ef,"{""calculation_context"": {""type"": ""static_placement""}, ""components"": [{""planet"": ""Mars"", ""condition"": {""type"": ""ill_placed""}}, {""planet"": {""type"": ""functional_malefic""}, ""condition"": {""type"": ""any""}}], ""logic"": ""or""}",Other Malefic Influences: The impact of an ill-placed Mars or a functionally malefic planet.,An ill-placed Mars or a functionally malefic planet can create challenges.,Other Malefic Influences: The impact of an ill-placed Mars or a functionally malefic planet.,doshas,other_malefic_influences,5187567c11ff671e,Gemini,AI,Page 29,CLEANED,0.75,,[],,v2.0,NO_CONFLICT,2025-09-02T10:58:50.080252,JSON refined and scored by AI.
b24a47633f68a2ca,"{""calculation_context"": {""type"": ""static_placement""}, ""components"": [{""planet"": [""Moon"", ""Rahu""], ""sign"": null, ""house"": 4, ""aspect"": null, ""relationship"": ""occupies""}, {""planet"": [""Moon"", ""Rahu""], ""sign"": null, ""house"": null, ""aspect"": null, ""relationship"": ""aspects"", ""aspect_target"": {""planet"": null, ""sign"": null, ""house"": 4}}, {""planet"": [""Moon"", ""Rahu""], ""sign"": null, ""house"": null, ""aspect"": null, ""relationship"": ""occupies"", ""influence_target"": {""planet"": null, ""sign"": null, ""house"": null, ""lordship"": [4]}}, {""planet"": [""Moon"", ""Rahu""], ""sign"": null, ""house"": null, ""aspect"": null, ""relationship"": ""aspects"", ""aspect_target"": {""planet"": null, ""sign"": null, ""house"": null, ""lordship"": [4]}}]}","Relocation and changes in residence are indicated by the 4th house falling in a Movable sign (Aries, Cancer, Libra, Capricorn) or by the influence of mobile planets like the Moon or Rahu on the 4th house or its lord.",Moon or Rahu influencing the 4th house or its lord indicates relocation and changes of residence.,Relocation and changes in residence are indicated by the influence of mobile planets like the Moon or Rahu on the 4th house or its lord.,home_property_vehicles,relocation_residence_changes,51daa6202f612bd6,Gemini,AI,Page 19,CLEANED,0.75,,[],,v2.0,NO_CONFLICT,2025-09-02T10:26:47.407289,JSON refined and scored by AI.
8ec0c739de52f1fc,"{""calculation_context"": {""type"": ""house_significance""}, ""components"": [{""house"": 8, ""significance"": [""inheritance"", ""unearned_income"", {""unearned_income_type"": [""insurance_payouts"", ""lottery_winnings""]}]}]}",,,"Inheritance and other unearned income, such as insurance payouts or lotteries, are governed by the 8th House.",wealth_assets_resources,inheritance_unearned_income,51e2c3ae940d3912,Gemini,AI,Page 9,CLEANED,0.75,,[],,v2.0,NO_CONFLICT,2025-09-02T10:22:47.297281,JSON refined and scored by AI.
d17845567fc418dd,"{""calculation_context"": {""type"": ""transit""}, ""components"": [{""planet"": ""jupiter"", ""sign"": null, ""house"": null, ""relationship"": null, ""aspect"": null, ""nak\u1e63atra"": null, ""motion"": null}]}",,,Transits of Jupiter bring opportunities for expansion,career_public_life,career_peak_timing,51f3487493fb91c8,Gemini,AI,Page 3,CLEANED,0.75,,[],,v2.0,NO_CONFLICT,2025-09-02T10:47:58.913394,JSON refined and scored by AI.
c9ad4520ba7597d3,"{""calculation_context"": {""type"": ""static_placement""}, ""components"": [{""planet"": ""Sun"", ""house"": 9, ""significance"": [{""domain"": ""lineage"", ""relationship"": ""paternal""}]}, {""planet"": ""Moon"", ""house"": 4, ""significance"": [{""domain"": ""lineage"", ""relationship"": ""maternal""}]}]}","paternal lineage, while the Moon and the 4th House reflect the maternal side.","The Sun (9th House) signifies paternal lineage, while the Moon (4th House) represents maternal lineage.","The Sun and the 9th House represent the paternal lineage, while the Moon and the 4th House reflect the maternal side.",family_lineage,ancestral_heritage,52a2f269d0425d18,Gemini,AI,Page 26,CLEANED,0.75,,[],,v2.0,NO_CONFLICT,2025-09-02T10:57:39.627964,JSON refined and scored by AI.
fb34a140741242bb,"{""calculation_context"": {""type"": ""yoga"", ""domain"": ""career""}, ""components"": []}",These are the amplifiers of your career.,Yogas enhance career prospects.,These are the amplifiers of your career.,yogas,,52d0708904ad80e2,Gemini,AI,Page 33,CLEANED,0.75,,[],,v2.0,NO_CONFLICT,2025-09-02T10:32:51.795484,JSON refined and scored by AI.
01cfa721d0190c65,"{""calculation_context"": {""type"": ""general_significator""}, ""components"": [{""planet"": ""jupiter"", ""significator_type"": [""karaka""], ""karaka"": [""wisdom"", ""philosophy""]}]}",Key Planets (Karakas): Jupiter (Guru) for wisdom and philosophy,Jupiter signifies wisdom and philosophy.,Jupiter (Guru) for wisdom and philosophy,learning_education_creativity,philosophical_understanding,52e448ac4935836a,Gemini,AI,Page 13,CLEANED,0.75,,[],,v2.0,NO_CONFLICT,2025-09-02T10:24:35.699149,JSON refined and scored by AI.
1f6d4d0e9449051a,"{""calculation_context"": {""type"": ""karaka"", ""karaka"": ""knowledge_and_higher_learning""}, ""components"": [{""planet"": ""jupiter""}]}","Foundation Points: 2. Key Planets (Karakas): Mercury (Budha) as the significator of intellect (buddhi) and analytical skill, and Jupiter (Guru) as the significator of knowledge and higher learning.",Jupiter signifies knowledge and higher learning.,Jupiter (Guru) as the significator of knowledge and higher learning.,learning_education_creativity,higher_education,52ec3d169eafd0e4,Gemini,AI,Page 14,CLEANED,0.75,,[],,v2.0,NO_CONFLICT,2025-09-02T10:24:58.733931,JSON refined and scored by AI.
c0ad16766fbb49a9,"{""calculation_context"": {""type"": ""static_placement""}, ""components"": [{""planet"": {""any"": true}, ""house"": 2}]}",Extended Family: The 2nd House signifies the immediate family and its values.,The 2nd house signifies the immediate family and its values.,,family_lineage,family_support_conflicts,533fff76d7e1019c,Gemini,AI,Page 7,CLEANED,0.75,,[],,v2.0,NO_CONFLICT,2025-09-02T10:21:50.343130,JSON refined and scored by AI.
c6c84eff5b99da49,"{""calculation_context"": {""type"": ""static_placement""}, ""components"": [{""planet"": ""moon"", ""dignity"": null, ""strength"": null, ""house"": null, ""sign"": null, ""nak\u1e63atra"": null, ""aspect"": null, ""conjunction"": null, ""yoga"": null, ""functional_nature"": null}], ""general_rule"": {""condition"": ""condition"", ""target"": ""psychological balance"", ""relationship"": ""overwhelmingly dependent on""}}",Psychological balance is overwhelmingly dependent on the condition of the Moon.,Mental well-being is primarily determined by the Moon's condition.,Psychological balance is overwhelmingly dependent on the condition of the Moon.,health_risks_longevity,psychological_balance,539badc73099db12,Gemini,AI,Page 21,CLEANED,0.75,,[],,v2.0,NO_CONFLICT,2025-09-02T10:27:25.745289,JSON refined and scored by AI.
3e8ede4ff94ab667,"{""calculation_context"": {""type"": ""static_placement""}, ""components"": [{""planet"": {""nature"": ""benefic"", ""condition"": ""in_house"", ""target"": 11}}, {""planet"": {""nature"": ""malefic"", ""condition"": ""in_house"", ""target"": 11}}]}","Friendships: The 11th House governs friends, networks, and social groups.","The 11th house governs friendships and social circles. Benefics in the 11th house indicate a supportive network, while malefics suggest unreliable friends or difficulties within groups.","Finally, your friendships and social circle are the domain of the 11th House. Benefic planets here grant a wide and supportive network, while malefics can indicate unreliable friends or difficulties within groups.",relationships,friendships_social_circle,5541c9f3c04db74b,Gemini,AI,Page 7,CLEANED,0.75,,[],,v2.0,NO_CONFLICT,2025-09-02T10:21:50.343130,JSON refined and scored by AI.
9d794cebf8c85090,"{""calculation_context"": {""type"": ""static_placement""}, ""components"": [{""planet"": null, ""sign"": null, ""house"": 3, ""influence"": [{""aspect"": null, ""conjunction"": null}]}]}","Your unique skills and creative talents are revealed through the 3rd and 5th houses of your chart. The 3rd house governs practiced abilities like writing and manual arts, while the 5th house is the wellspring of your innate creativity and expressive power. The specific nature of your talent is colored by key planets—Venus for artistic pursuits, Mercury for intellectual skills, and Rahu for a gift of innovation.",The 3rd house governs practiced abilities such as writing and manual arts.,The 3rd house governs practiced abilities like writing and manual arts.,learning_education_creativity,"practical_skills,writing_expression",5563aa82ab29fd3d,Gemini,AI,Page 13,CLEANED,0.75,,[],,v2.0,NO_CONFLICT,2025-09-02T10:24:35.698023,JSON refined and scored by AI.
5f33e151ac3af817,"{""calculation_context"": {""type"": ""house_strength_comparison"", ""target_houses"": [11, 2]}, ""components"": [{""house"": 11, ""strength"": ""strong"", ""strength_indicator"": ""high_income""}, {""house"": 2, ""strength"": ""weak"", ""strength_indicator"": ""poor_savings""}]}",,,It's possible to have a strong 11th house (high income) but a weak 2nd house (poor savings).,wealth_assets_resources,"income_primary,savings_investments",557e3a9a74f9e1f6,Gemini,AI,Page 9,CLEANED,0.75,,[],,v2.0,NO_CONFLICT,2025-09-02T10:22:47.297281,JSON refined and scored by AI.
35b175a829f6dbf8,"{""calculation_context"": {""type"": ""atmakaraka"", ""method"": ""highest_degree""}, ""components"": [{""planet"": ""any"", ""condition"": {""type"": ""highest_degree_among_all_planets""}}]}",,The Atmakaraka represents the soul's desire for authority or recognition.,"The Atmakaraka (AK): The planet at the highest degree, signifying the soul's desire for authority or recognition.",career_public_life,authority_leadership,55c701f630f66e19,Gemini,AI,Page 1,CLEANED,0.9,,[],,v2.0,NO_CONFLICT,2025-09-02T10:19:54.272290,JSON refined and scored by AI.
4975ce222de50e90,"{""calculation_context"": {""type"": ""dosha_check"", ""target_area"": ""marriage""}, ""components"": [{""dosha_type"": ""mangal_dosha"", ""impact"": ""negative""}]}","Your chart may contain specific karmic patterns known as Doshas, which highlight areas of life requiring special attention. Mangal Dosha primarily impacts marital harmony, Kaal Sarpa Dosha can create a feeling of destiny being blocked, Pitru Dosha points to ancestral debts, and Grahan Dosha can affect your confidence or emotional peace. Recognizing these patterns is the first step toward consciously navigating their challenges.",The presence of Mangal Dosha can negatively affect marriage and create disharmony.,Mangal Dosha primarily impacts marital harmony.,doshas,"mangal_dosha,kaal_sarpa_dosha,pitru_dosha,grahan_dosha",55e5e048049792d6,Gemini,AI,Page 29,CLEANED,0.75,,[],,v2.0,NO_CONFLICT,2025-09-02T10:44:49.297269,JSON refined and scored by AI.
9d1599e206f9ef7a,"{""calculation_context"": {""type"": ""static_placement""}, ""components"": [{""planet"": null, ""sign"": {""mode"": {""any_of"": [""movable"", ""fixed"", ""dual""]}}, ""house"": 4, ""sign_lordship"": null, ""house_lordship"": null, ""nak\u1e63atra"": null, ""nak\u1e63atra_p\u0101da"": null, ""degree"": null, ""conjunction"": null, ""aspect"": null, ""yoga"": null, ""special_lagna"": null}]}","The modality (Fixed, Movable, Dual) of the sign on the 4th house cusp.","The modality (Fixed, Movable, Dual) of the sign on the 4th house cusp is significant.","The modality (Fixed, Movable, Dual) of the sign on the 4th house cusp.",home_property_vehicles,relocation_residence_changes,55f611c15892cee7,Gemini,AI,Page 18,CLEANED,0.9,,[],,v2.0,NO_CONFLICT,2025-09-02T10:40:00.948055,JSON refined and scored by AI.
1cde0db068685170,"{""calculation_context"": {""type"": ""dasha_system"", ""sub_type"": ""planetary_period""}, ""components"": [{""type"": ""planet"", ""attribute"": ""rulership"", ""condition"": {""type"": ""equals"", ""value"": ""dasha_lord""}}, {""type"": ""all_planetary_promises"", ""from"": ""birth_chart"", ""attribute"": ""activation_status"", ""condition"": {""type"": ""equals"", ""value"": ""active""}}]}",The ruling planet of a period activates its promises in the birth chart.,The planet governing a specific period (Dasha lord) brings to fruition the potential indicated by its position and aspects in the birth chart.,"The planet ruling the period (e.g., the Dasha lord) activates all of its promises in the birth chart.",timing_windows,other_dashas,5626f179d6f60278,Gemini,AI,Page 30,CLEANED,0.75,,[],,v2.0,NO_CONFLICT,2025-09-02T10:59:24.708002,JSON refined and scored by AI.
2a0582c409ab7251,"{""calculation_context"": {""type"": ""static_placement""}, ""components"": [{""planets"": [""Sun"", ""Moon"", ""Mars"", ""Mercury"", ""Jupiter"", ""Venus"", ""Saturn""], ""condition"": ""all_within_hemisphere_defined_by"", ""reference_points"": [""Rahu"", ""Ketu""]}]}","Kaal Sarpa Dosha (...) creates a feeling of being fated or restricted. Individuals may feel that their efforts are not rewarded, or they experience sudden and dramatic reversals of fortune.","Kaal Sarpa Dosha can lead to feelings of being fated, restricted, unrewarded efforts, and sudden reversals of fortune.","Kaal Sarpa Dosha (Serpent of Time): When all planets are hemmed on one side of the Rahu-Ketu axis, it creates a feeling of being fated or restricted. Individuals may feel that their efforts are not rewarded, or they experience sudden and dramatic reversals of fortune.",karma_past_life,karmic_debts_lessons,56300aeaa2e4b7e4,Gemini,AI,Page 28,CLEANED,0.9,,[],,v2.0,NO_CONFLICT,2025-09-02T10:44:22.252041,JSON refined and scored by AI.
c2de24cc117fbc15,"{""calculation_context"": {""type"": ""relationship""}, ""components"": [{""house"": 9, ""relationship"": ""aspect"", ""with"": {""house"": 12}}, {""house"": 9, ""relationship"": ""sign_lordship_exchange"", ""with"": {""house"": 12}}, {""house"": 9, ""relationship"": ""conjunction"", ""with"": {""house"": 12}}, {""planet"": ""Jupiter"", ""relationship"": ""occupies"", ""with"": {""house"": 9}}, {""planet"": ""Jupiter"", ""relationship"": ""occupies"", ""with"": {""house"": 12}}, {""planet"": ""Jupiter"", ""relationship"": ""aspects"", ""with"": {""house"": 12}}, {""planet"": ""Jupiter"", ""relationship"": ""aspects"", ""with"": {""house"": 9}}, {""planet"": ""Ketu"", ""relationship"": ""occupies"", ""with"": {""house"": 9}}, {""planet"": ""Ketu"", ""relationship"": ""occupies"", ""with"": {""house"": 12}}, {""planet"": ""Ketu"", ""relationship"": ""aspects"", ""with"": {""house"": 12}}, {""planet"": ""Ketu"", ""relationship"": ""aspects"", ""with"": {""house"": 9}}]}","Pilgrimage and spiritual travel are indicated by a connection between the 9th house (dharma) and the 12th house (spirituality), especially involving planets like Jupiter or Ketu.","A connection between the 9th and 12th houses, particularly involving Jupiter or Ketu, indicates pilgrimage and spiritual travel.","Pilgrimage and spiritual travel are indicated by a connection between the 9th house (dharma) and the 12th house (spirituality), especially involving planets like Jupiter or Ketu.",travel_dharma_spirituality,pilgrimage_spiritual_travel,564ce97c283b20da,Gemini,AI,Page 23,CLEANED,0.75,,[],,v2.0,NO_CONFLICT,2025-09-02T10:28:21.808976,JSON refined and scored by AI.
07c74795712c0f78,"{""calculation_context"": {""type"": ""yoga_presence"", ""yoga_type"": ""raja_yoga""}, ""components"": [{""type"": ""raja_yoga"", ""strength_requirement"": {""operator"": ""exists""}}]}","Your chart may contain powerful combinations called 'Yogas' that indicate a high potential for success. Raja Yogas promise status and leadership, Dhana Yogas indicate wealth",Presence of Raja Yogas suggests potential for elevated social standing and leadership qualities.,Raja Yogas promise status and leadership,yogas,"raja_yogas,dhana_yogas",56515dd9d917ce0a,Gemini,AI,Page 27,CLEANED,0.75,,[],,v2.0,NO_CONFLICT,2025-09-02T10:29:56.716151,JSON refined and scored by AI.
bc14129c215b992f,"{""calculation_context"": {""type"": ""panchang""}, ""components"": [{""tithi"": {""any"": true, ""specific_examples"": [{""name"": ""Purnima"", ""interpretation"": ""good for culmination""}, {""name"": ""Amavasya"", ""interpretation"": ""good for beginnings or introspection""}]}}, {""nakshatra"": {""any"": true, ""moon_transit"": true, ""interpretation"": ""sets the day's dominant theme and emotional tone""}}]}","The Panchang provides the energetic texture of any given day. Each Tithi has a quality; for example, a Full Moon (Purnima) is good for culmination, while a New Moon (Amavasya) is good for beginnings or introspection. The Nakshatra in which the Moon is transiting (~1 day) sets the day's dominant theme and emotional tone.","The Panchang describes the energetic quality of each day. Each Tithi has specific characteristics; for instance, a Full Moon (Purnima) is favorable for culmination, while a New Moon (Amavasya) is good for new beginnings or introspection. The transiting Nakshatra of the Moon (approximately 1 day) sets the day's main theme and emotional tone.","The Panchang provides the energetic texture of any given day. Each Tithi has a quality; for example, a Full Moon (Purnima) is good for culmination, while a New Moon (Amavasya) is good for beginnings or introspection. The Nakshatra in which the Moon is transiting (~1 day) sets the day's dominant theme and emotional tone.",timing_windows,tithi_yoga_karana,568a1189996cb921,Gemini,AI,Page 31,CLEANED,0.75,,[],,v2.0,NO_CONFLICT,2025-09-02T10:31:49.610151,JSON refined and scored by AI.
5b9118f0768dd49f,"{""calculation_context"": {""type"": ""static_placement""}, ""components"": [{""type"": ""house_cusp"", ""index"": 10, ""sign"": [{""sign"": ""Cancer""}, {""sign"": ""Scorpio""}, {""sign"": ""Pisces""}]}]}","Watery Signs (Cancer, Scorpio, Pisces): Indicate compassionate, intuitive, or research-based fields like healing arts, creative arts, or psychology.","10th house in a watery sign suggests compassionate or intuitive careers such as healing arts, creative arts, or psychology.","Watery signs (Cancer, Scorpio, Pisces) on the 10th house cusp suggest compassionate or intuitive careers in healing arts, creative arts, or psychology.",career_public_life,other_career_related,577053f65905a553,Gemini,AI,Page 2,CLEANED,0.75,,[],,v2.0,NO_CONFLICT,2025-09-02T10:33:43.669108,JSON refined and scored by AI.
e25f70fc7f06862e,"{""calculation_context"": {""type"": ""yoga_presence"", ""yoga_type"": ""moksha_yoga""}, ""components"": [{""type"": ""moksha_yoga"", ""description"": ""Presence of one or more Moksha Yogas""}]}","Moksha Yogas: These combinations facilitate spiritual liberation. The most potent is having a spiritual planet like Ketu or Jupiter in the 12th house, free from malefic influence, indicating a soul in its final stages of the karmic cycle.",Moksha Yogas are believed to aid in achieving spiritual liberation.,Moksha Yogas facilitate spiritual liberation.,yogas,moksha_yogas,57aea2c1a9ea9cdd,Gemini,AI,Page 27,CLEANED,0.75,,[],,v2.0,NO_CONFLICT,2025-09-02T10:43:51.137128,JSON refined and scored by AI.
e17ee6f74993bee3,"{""calculation_context"": {""type"": ""transit_and_eclipse""}, ""components"": [{""sade_sati"": true}, {""eclipse"": ""any""}]}",Especially significant periods like Sade Sati and eclipses serve as powerful windows for profound life changes.,Significant periods like Sade Sati and eclipses act as powerful windows for profound life changes.,Especially significant periods like Sade Sati and eclipses serve as powerful windows for profound life changes.,timing_windows,"sade_sati,eclipses_periods",588336541ca8260e,Gemini,AI,Page 31,CLEANED,0.9,,[],,v2.0,NO_CONFLICT,2025-09-02T10:45:47.501157,JSON refined and scored by AI.
52e89b0b5fa12d9f,"{""calculation_context"": {""type"": ""planetary_placement_and_aspect""}, ""components"": [{""planet"": ""Ketu"", ""house"": 12}, {""planet"": ""Jupiter"", ""house"": 12}, {""aspect_from"": {""planets"": [""Mars"", ""Saturn"", ""Sun"", ""Rahu""]}, ""aspect_to"": {""house"": 12}, ""aspect_type"": ""no_aspect""}]}","Moksha Yogas: ... The most potent is having a spiritual planet like Ketu or Jupiter in the 12th house, free from malefic influence, indicating a soul in its final stages of the karmic cycle.",A powerful Moksha Yoga is formed when Jupiter or Ketu are placed in the 12th house without any negative planetary influence.,"A potent Moksha Yoga is formed by having Ketu or Jupiter in the 12th house, free from malefic influence.",yogas,moksha_yogas,5887b27495fee7ac,Gemini,AI,Page 27,CLEANED,0.9,,[],,v2.0,NO_CONFLICT,2025-09-02T10:43:51.137128,JSON refined and scored by AI.
52abe26fcccb4d0c,"{""calculation_context"": {""type"": ""static_placement""}, ""components"": [{""planet"": null, ""sign"": null, ""house"": null, ""nakshatra"": null, ""aspect"": null, ""yoga"": null, ""dasha"": null, ""varga"": null, ""strength"": null, ""dignity"": null, ""movement"": null, ""relationship"": null, ""specific_aspect"": null, ""sign_lord"": null, ""house_lord"": null, ""nakshatra_lord"": null, ""sub_nakshatra_lord"": null, ""interpretation_context"": ""education"", ""interpretation_specifics"": ""college-level""}]}",,,college-level education.,learning_education_creativity,higher_education,5896f7496203fbfe,Gemini,AI,Page 12,CLEANED,0.75,,[],,v2.0,NO_CONFLICT,2025-09-02T10:37:27.582461,JSON refined and scored by AI.
f20c78f402e5ff3b,"{""calculation_context"": {""type"": ""dosha_check""}, ""components"": [{""dosha_name"": ""pitru_dosha"", ""causing_planets"": [""Rahu"", ""Ketu""], ""afflicted_planets_or_houses"": [{""planet"": ""Sun"", ""relationship"": [""conjunction"", ""aspect""]}, {""house"": 9, ""relationship"": [""conjunction"", ""aspect""]}, {""house_lord_of"": 9, ""relationship"": [""conjunction"", ""aspect""]}]}]}","This is a specific affliction, most commonly caused by Rahu or Ketu conjoining or aspecting the Sun and the 9th house or its lord.",Rahu or Ketu afflicting the Sun or 9th house/lord causes Pitru Dosha.,Pitru Dosha is most commonly caused by Rahu or Ketu conjoining or aspecting the Sun and the 9th house or its lord.,karma_past_life,"family_lineage_debts,pitru_dosha,rahu_ketu_affliction",58d33b51d2657011,Gemini,AI,Page 26,CLEANED,0.9,,[],,v2.0,NO_CONFLICT,2025-09-02T10:57:39.627964,JSON refined and scored by AI.
9a4745d78a01844d,"{""calculation_context"": {""type"": ""static_placement""}, ""components"": [{""planet"": ""jupiter"", ""sign"": null, ""house"": 4, ""condition"": {""nature"": ""benefic""}}, {""planet"": ""venus"", ""sign"": null, ""house"": 4, ""condition"": {""nature"": ""benefic""}}]}","A strong 4th lord, benefic planets (like Jupiter or Venus) in the 4th house, and a well-placed Mars are classic combinations for owning property.",Jupiter or Venus in the 4th house indicates property ownership.,Benefic planets (like Jupiter or Venus) in the 4th house are classic combinations for owning property.,home_property_vehicles,property_acquisition,5942a37fd19f191b,Gemini,AI,Page 19,CLEANED,0.9,,[],,v2.0,NO_CONFLICT,2025-09-02T10:40:43.297256,JSON refined and scored by AI.
66c58b84a31b504f,"{""calculation_context"": {""type"": ""static_placement""}, ""components"": [{""planet"": ""saturn"", ""influence_type"": ""general""}, {""house"": 12, ""strength"": ""strong""}]}",Charitable service is often seen through a strong 12th house (giving) and the influence of Saturn (service to humanity).,"Charitable service is indicated by a strong 12th house, representing giving, and the influence of Saturn, symbolizing service to humanity.",Charitable service is often seen through a strong 12th house (giving) and the influence of Saturn (service to humanity).,travel_dharma_spirituality,charitable_service,594a6192d67c6270,Gemini,AI,Page 24,CLEANED,0.75,,[],,v2.0,NO_CONFLICT,2025-09-02T10:56:42.959012,JSON refined and scored by AI.
becb213bd5d4bb82,"{""calculation_context"": {""type"": ""dasha_period""}, ""components"": [{""planet"": {""type"": ""functional_planet"", ""function"": ""lord_of_house"", ""house"": 10}}, {""planet"": {""type"": ""raja_yoga_planet""}}, {""planet"": ""atmakaraka""}], ""logic"": ""OR""}","The Dasha of the 10th lord, a Raja Yoga planet, or the Atmakaraka will bring your most significant professional periods.","Dashas of the 10th lord, Raja Yoga planets, or the Atmakaraka signify important career periods.","The Dasha of the 10th lord, a Raja Yoga planet, or the Atmakaraka will bring your most significant professional periods.",timing_windows,"chara_dasha,vimshottari_dasha,other_dashas",59bb8ede52db268f,Gemini,AI,Page 33,CLEANED,0.75,,[],,v2.0,NO_CONFLICT,2025-09-02T11:01:01.358394,JSON refined and scored by AI.
01abcefabe7acdb2,"{""calculation_context"": {""type"": ""static_placement""}, ""components"": [{""planet"": null, ""sign"": null, ""house"": 7, ""strength"": null, ""aspects"": []}], ""semantic_meaning"": [""marriage"", ""business_partnerships"", ""collaborations"", ""contracts""]}","A stable marriage provides emotional foundation for ambitious goals. The 7th house rules business partnerships, collaborations, and contracts.","Marital stability offers emotional support for pursuing ambitious career goals. The 7th house governs business partnerships, collaborations, and contracts.","A stable marriage provides the emotional foundation to pursue ambitious goals. The 7th house also directly rules business partnerships, collaborations, and contracts.",relationships,marriage_spouse,59bc8d25f9089bf4,Gemini,AI,Page 32,CLEANED,0.75,,[],,v2.0,NO_CONFLICT,2025-09-02T11:00:35.612319,JSON refined and scored by AI.
6262e1a06ead56c9,"{""calculation_context"": {""type"": ""dosha_check"", ""dosha_type"": ""Pitru Dosha""}, ""components"": [{""potential_manifestations"": [{""area_of_life"": ""career"", ""nature_of_issue"": ""obstacles""}, {""area_of_life"": ""finances"", ""nature_of_issue"": ""obstacles""}, {""area_of_life"": ""children"", ""nature_of_issue"": ""obstacles/difficulties""}], ""karmic_implications"": {""source"": ""ancestors"", ""nature"": ""blockage"", ""remediation"": ""spiritual practices""}}]}","This dosha can manifest as persistent obstacles in life—such as issues with career, finances, or having children—and suggests a karmic blockage from the ancestors that may need to be acknowledged or remediated through specific spiritual practices.","Pitru Dosha can cause obstacles in career, finances, and childbearing, indicating ancestral karmic blockage requiring spiritual remedies.","Pitru Dosha can manifest as persistent obstacles in life, such as issues with career, finances, or having children, and suggests a karmic blockage from the ancestors that may need to be acknowledged or remediated through specific spiritual practices.",karma_past_life,"family_lineage_debts,karmic_debts_lessons",5a07f11a4c8133b1,Gemini,AI,Page 26,CLEANED,0.75,,[],,v2.0,NO_CONFLICT,2025-09-02T10:29:36.834662,JSON refined and scored by AI.
4bc7b28271f393bd,"{""calculation_context"": {""type"": ""general_principles"", ""domain"": ""karma_and_past_lives""}, ""components"": [{""type"": ""concept"", ""concept"": ""ancestral_influence"", ""description"": ""The influence of past generations and their actions on the native's life and chart.""}, {""type"": ""concept"", ""concept"": ""karmic_reflection"", ""description"": ""The manifestation of past life karma in the current birth chart.""}]}","You are a part of a long ancestral story, and its karma is reflected in your chart.",An individual's chart reflects their ancestral karma.,"You are a part of a long ancestral story, and its karma is reflected in your chart.",family_lineage,ancestral_heritage,5a31c60963e51f76,Gemini,AI,Page 26,CLEANED,0.75,,[],,v2.0,NO_CONFLICT,2025-09-02T10:57:39.627964,JSON refined and scored by AI.
f149364ed2c13abc,"{""calculation_context"": {""type"": ""sign_association""}, ""components"": [{""planet_sign_aspect_house_relationship"": {""house"": {""house_number"": 9}, ""sign"": {""sign_element"": ""water""}, ""relationship_type"": ""sign_in_house""}}]}",Watery signs associated with the 9th house strongly suggest travel over seas.,Watery signs connected to the 9th house strongly indicate overseas travel.,Watery signs associated with the 9th house strongly suggest travel over seas.,travel_dharma_spirituality,long_travel_foreign,5a37df6627771a03,Gemini,AI,Page 23,CLEANED,0.75,,[],,v2.0,NO_CONFLICT,2025-09-02T10:28:21.808976,JSON refined and scored by AI.
37eae7a2054cb7e6,"{""calculation_context"": {""type"": ""affliction"", ""target"": ""house"", ""target_id"": ""7""}, ""components"": [{""planet"": null, ""sign"": null, ""house"": ""7""}]}",,Afflictions to the 7th house can indicate betrayal or losses through partners.,Afflictions here can warn of betrayal or losses through partners.,relationships,partnerships_collaborations,5a3a6d749c5963f8,Gemini,AI,Page 8,CLEANED,0.75,,[],,v2.0,NO_CONFLICT,2025-09-02T10:22:15.769979,JSON refined and scored by AI.
5cca2bc0b34ef3fe,"{""calculation_context"": {""type"": ""dignity_strength""}, ""components"": [{""planet"": ""jupiter"", ""dignity"": [""exalted"", ""own_sign"", ""moolatrikona"", ""own_navamsa"", ""exalted_navamsa""], ""strength_condition"": {""type"": ""or""}}]}","Academic success hinges on the strength of the two key planets: Mercury, which provides the intellectual acuity and learning ability, and Jupiter, which bestows the wisdom to synthesize and expand upon that learning.","Strong Jupiter grants wisdom and the ability to synthesize knowledge, contributing to academic success.","Academic success hinges on the strength of Jupiter, which bestows the wisdom to synthesize and expand upon that learning.",learning_education_creativity,"intellectual_skills,philosophical_understanding",5a3de2d0702a5ca7,Gemini,AI,Page 12,CLEANED,0.75,,[],,v2.0,NO_CONFLICT,2025-09-02T10:52:00.662882,JSON refined and scored by AI.
3244df67e9e3db6b,"{""calculation_context"": {""type"": ""static_placement""}, ""components"": [{""planet"": ""Saturn"", ""aspects"": [{""planet"": ""ANY"", ""degree"": {""min"": 120, ""max"": 120}}, {""planet"": ""ANY"", ""degree"": {""min"": 180, ""max"": 180}}, {""planet"": ""ANY"", ""degree"": {""min"": 300, ""max"": 300}}], ""conjunctions"": [{""planet"": ""ANY"", ""degree"": {""min"": 0, ""max"": 0}}]}]}","Saturn Affliction: The influence of Saturn (Shani) by conjunction or aspect (3rd, 7th, 10th).","Saturn afflicts a planet or house when it is placed in conjunction or aspects it from the 3rd, 7th, or 10th house.","The influence of Saturn (Shani) by conjunction or aspect (3rd, 7th, 10th).",doshas,saturn_affliction,5aad6e80030ebfa9,Gemini,AI,Page 29,CLEANED,0.9,,[],,v2.0,NO_CONFLICT,2025-09-02T10:44:49.297269,JSON refined and scored by AI.
7e21f3399f369fa0,"{""calculation_context"": {""type"": ""dasha""}, ""components"": [{""planet"": {""connected_to_house"": [4, 12]}, ""sign"": null, ""house"": null}]}",The Dasha (planetary period) of planets connected to the 4th and 12th (foreign lands) houses often triggers relocations.,The dasha of planets connected to the 4th and 12th houses often triggers relocations.,The Dasha (planetary period) of planets connected to the 4th and 12th (foreign lands) houses often triggers relocations.,home_property_vehicles,relocation_residence_changes,5aada23ce4bbcd93,Gemini,AI,Page 19,CLEANED,0.75,,[],,v2.0,NO_CONFLICT,2025-09-02T10:26:47.407289,JSON refined and scored by AI.
aeb200bbb3db860c,"{""calculation_context"": {""type"": ""static_placement"", ""target_chart"": ""navamsa""}, ""components"": [{""type"": ""planet_placement"", ""planet"": ""atmakaraka"", ""sign_house_mode"": ""sign""}, {""type"": ""karakamsha"", ""source_planet"": ""atmakaraka"", ""source_chart"": ""navamsa"", ""target_chart"": ""rasi""}]}",The Karakamsha: The sign occupied by the Atmakaraka in the Navamsa (D-9) chart.,"The sign occupied by the Atmakaraka in the Navamsa chart, known as Karakamsha, is significant for career.","The Karakamsha, where the Atmakaraka is in the Navamsa chart, is important for career.",career_public_life,other_career_related,5b97017abd1a5f1a,Gemini,AI,Page 2,CLEANED,0.9,,[],,v2.0,NO_CONFLICT,2025-09-02T10:47:37.010866,JSON refined and scored by AI.
21924ce951eaf80a,"{""calculation_context"": {""type"": ""planet_significance"", ""subtype"": ""karmic_axis_and_soul_purpose""}, ""components"": [{""planet"": ""rahu"", ""aspect"": ""lessons"", ""relationship"": ""alignment_with""}, {""planet"": ""ketu"", ""aspect"": ""wisdom"", ""qualifier"": ""detached"", ""relationship"": ""embracing""}, {""planet"": ""atmakaraka"", ""aspect"": ""nature"", ""relationship"": ""guidance""}]}",,"Soul purpose alignment comes from balancing Rahu's lessons with Ketu's wisdom, guided by the Atmakaraka.","Soul purpose alignment is achieved when one lives according to the lessons of Rahu while embracing the detached wisdom of Ketu, a journey guided by the nature of the Atmakaraka.",karma_past_life,soul_purpose_alignment,5bcf4bc8af983dae,Gemini,AI,Page 25,CLEANED,0.75,,[],,v2.0,NO_CONFLICT,2025-09-02T10:57:00.657532,JSON refined and scored by AI.
a7f2bda87771b80b,"{""calculation_context"": {""type"": ""static_placement""}, ""components"": [{""planet"": null, ""sign"": null, ""house"": 4, ""lordship_strength"": {""strength_type"": ""shadbala"", ""comparison_type"": ""absolute"", ""comparison_value"": ""strong""}}]}","A strong 4th lord, benefic planets (like Jupiter or Venus) in the 4th house, and a well-placed Mars are classic combinations for owning property.",A strong 4th lord indicates property ownership.,A strong 4th lord is a classic combination for owning property.,home_property_vehicles,property_acquisition,5bdc85e544c62c01,Gemini,AI,Page 19,CLEANED,0.75,,[],,v2.0,NO_CONFLICT,2025-09-02T10:40:43.297256,JSON refined and scored by AI.
01675d0ee57e76eb,"{""calculation_context"": {""type"": ""static_placement""}, ""components"": [{""planet"": [""jupiter""], ""sign"": null, ""house"": 7}, {""planet"": [""venus""], ""sign"": null, ""house"": 7}, {""planet"": [""mars""], ""sign"": null, ""house"": 7}, {""planet"": [""saturn""], ""sign"": null, ""house"": 7}]}","Benefic planets like Jupiter or Venus here promise harmony, while malefics like Mars or Saturn can indicate conflict or delays.","Benefic planets (Jupiter, Venus) in the 7th house promise harmony, while malefics (Mars, Saturn) can indicate conflict or delays.",,relationships,marriage_spouse,5c2b89101c11acf9,Gemini,AI,Page 6,CLEANED,0.9,,[],,v2.0,NO_CONFLICT,2025-09-02T10:49:17.428578,JSON refined and scored by AI.
48482043f3e5cf73,"{""calculation_context"": {""type"": ""static_placement""}, ""components"": [{""type"": ""planet_in_house"", ""planet"": ""Jupiter"", ""house"": 1, ""interpretation"": {""disposition"": [""cheerful"", ""philosophical""]}}, {""type"": ""planet_in_house"", ""planet"": ""Saturn"", ""house"": 1, ""interpretation"": {""disposition"": [""serious"", ""disciplined""]}}]}",,,"Planets in the Lagna merge their qualities directly with the personality; for instance, Jupiter in the Lagna gives a cheerful and philosophical disposition, while Saturn lends a serious and disciplined air.",core_self_vitality,self_identity_character,5c35b94c822c4ba3,Gemini,AI,Page 4,CLEANED,0.75,,[],,v2.0,NO_CONFLICT,2025-09-02T10:20:52.860140,JSON refined and scored by AI.
20f87f80c62dfbaf,"{""calculation_context"": {""type"": ""static_placement""}, ""components"": [{""planet"": ""jupiter"", ""strength"": {""dignity"": ""exalted_or_own_sign_or_moolatrikona"", ""shadbala_above_average"": true}, ""house_quality"": {""type"": ""positive"", ""houses"": [1, 2, 4, 5, 7, 9, 10, 11]}}, {""planet"": ""venus"", ""strength"": {""dignity"": ""exalted_or_own_sign_or_moolatrikona"", ""shadbala_above_average"": true}, ""house_quality"": {""type"": ""positive"", ""houses"": [1, 2, 4, 5, 7, 9, 10, 11]}}, {""planet"": ""mercury"", ""strength"": {""dignity"": ""exalted_or_own_sign_or_moolatrikona"", ""shadbala_above_average"": true}, ""house_quality"": {""type"": ""positive"", ""houses"": [1, 2, 4, 5, 7, 9, 10, 11]}}]}","Saraswati Yoga: Formed when Jupiter, Venus, and Mercury are all strongly placed in auspicious houses. This is the hallmark of a highly intelligent, learned, eloquent, and respected individual, blessed by the goddess of knowledge.","Saraswati Yoga is formed by the strong placement of Jupiter, Venus, and Mercury in favorable houses.","Saraswati Yoga: Formed when Jupiter, Venus, and Mercury are all strongly placed in auspicious houses.",yogas,saraswati_yoga,5c3c2dcdc1184d67,Gemini,AI,Page 27,CLEANED,0.9,,[],,v2.0,NO_CONFLICT,2025-09-02T10:29:56.716151,JSON refined and scored by AI.
3c03867e7c9c5621,"{""calculation_context"": {""type"": ""static_placement""}, ""components"": [{""planet"": ""moon"", ""afflictions"": [{""type"": ""any""}]}]}","Conversely, afflictions to the Moon can indicate a predisposition to stress and anxiety.",Afflictions to the Moon can indicate a tendency towards stress and anxiety.,"Conversely, afflictions to the Moon can indicate a predisposition to stress and anxiety.",health_risks_longevity,stress_anxiety,5cc0fa7d7d2da7a3,Gemini,AI,Page 21,CLEANED,0.75,,[],,v2.0,NO_CONFLICT,2025-09-02T10:27:25.745289,JSON refined and scored by AI.
e36ef8ee6acaa510,"{""calculation_context"": {""type"": ""planetary_combination"", ""yoga_name"": ""Saraswati Yoga""}, ""components"": [{""planet"": ""Jupiter"", ""strength"": {""type"": ""strong""}, ""placement"": {""house_type"": ""auspicious""}}, {""planet"": ""Venus"", ""strength"": {""type"": ""strong""}, ""placement"": {""house_type"": ""auspicious""}}, {""planet"": ""Mercury"", ""strength"": {""type"": ""strong""}, ""placement"": {""house_type"": ""auspicious""}}]}","Saraswati Yoga: Formed when Jupiter, Venus, and Mercury are all strongly placed in auspicious houses. This is the hallmark of a highly intelligent, learned, eloquent, and respected individual, blessed by the goddess of knowledge.","Saraswati Yoga is formed by the strong placement of Jupiter, Venus, and Mercury in favorable houses.","Saraswati Yoga is formed when Jupiter, Venus, and Mercury are all strongly placed in auspicious houses.",yogas,saraswati_yoga,5cc3b74aa5248a3c,Gemini,AI,Page 27,CLEANED,0.9,,[],,v2.0,NO_CONFLICT,2025-09-02T10:43:51.137128,JSON refined and scored by AI.
4ba21ce7189a292a,"{""calculation_context"": {""type"": ""static_placement""}, ""components"": [{""planet"": null, ""sign"": null, ""house"": 4}], ""interpretation_context"": {""domain"": ""residence_and_property"", ""aspects"": [""stability"", ""operational_base"", ""seat_of_power"", ""public_authority""]}}","Residence & Property (4th House): A stable home is an operational base. The 4th house signifies ""throne""/seat of power, impacting public authority.","Residence and property (4th house): A stable home provides a base of operations. The 4th house also represents one's ""throne"" or seat of power, influencing their sense of authority in public life.","Residence & Property (4th House): A stable home is an operational base. The 4th house signifies ""throne""/seat of power, impacting public authority.",home_property_vehicles,"home_comforts,property_acquisition",5cc4c56780666978,Gemini,AI,Page 32,CLEANED,0.75,,[],,v2.0,NO_CONFLICT,2025-09-02T10:32:26.167798,JSON refined and scored by AI.
cd580fbf7a3e5145,"{""calculation_context"": {""type"": ""static_placement""}, ""components"": [{""house"": 4, ""sign"": {""sign"": [""taurus"", ""leo"", ""scorpio"", ""aquarius""]}, ""planet"": [], ""aspect"": [{""from"": ""saturn"", ""type"": ""any""}]}]}","Conversely, a 4th house in a Fixed sign (Taurus, Leo, Scorpio, Aquarius) with the influence of Saturn suggests stability and fewer changes in residence.","A fixed sign (Taurus, Leo, Scorpio, Aquarius) on the 4th house cusp with Saturn's influence suggests stability and fewer changes of residence.","A 4th house in a Fixed sign (Taurus, Leo, Scorpio, Aquarius) with the influence of Saturn suggests stability and fewer changes in residence.",home_property_vehicles,relocation_residence_changes,5cd3691c75d5b12c,Gemini,AI,Page 19,CLEANED,0.9,,[],,v2.0,NO_CONFLICT,2025-09-02T10:40:43.297256,JSON refined and scored by AI.
4c4e952409d77286,"{""calculation_context"": {""type"": ""dynamic_placement""}, ""components"": [{""type"": ""planet_position_by_sign_house"", ""planet"": {""type"": ""lord_of_house"", ""house"": 10}}, {""type"": ""aspect"", ""planet1"": {""type"": ""lord_of_house"", ""house"": 10}, ""planet2"": {""type"": ""any_planet""}}, {""type"": ""conjunction"", ""planet1"": {""type"": ""lord_of_house"", ""house"": 10}, ""planet2"": {""type"": ""any_planet""}}, {""type"": ""dignity_debility"", ""planet"": {""type"": ""lord_of_house"", ""house"": 10}}]}","The 10th Lord: Its nature, house placement, and planetary conjunctions/aspects.","The characteristics, house placement, and planetary interactions of the 10th lord are crucial for career.","The nature, placement, and aspects/conjunctions of the 10th lord influence career.",career_public_life,other_career_related,5d270b0b013ca6ba,Gemini,AI,Page 2,CLEANED,0.75,,[],,v2.0,NO_CONFLICT,2025-09-02T10:47:37.010866,JSON refined and scored by AI.
94b5da5da602f49c,"{""calculation_context"": {""type"": ""dignity_strength""}, ""components"": [{""planet"": ""jupiter"", ""strength"": ""strong"", ""strength_type"": [""shadbala"", ""vimsopaka_bala"", ""istha_phala"", ""kastha_phala""], ""condition"": {""type"": ""comparison"", ""comparison_type"": ""greater_than"", ""value"": 6}}]}","Academic success hinges on the strength of the two key planets: Mercury, which provides the intellectual acuity and learning ability, and Jupiter, which bestows the wisdom to synthesize and expand upon that learning.","A strong Jupiter grants wisdom and the ability to integrate and expand knowledge, leading to academic achievements.","Strong Jupiter bestows the wisdom to synthesize and expand upon learning, contributing to academic success.",learning_education_creativity,"intellectual_skills,philosophical_understanding",5dbc87988d178005,Gemini,AI,Page 12,CLEANED,0.75,,[],,v2.0,NO_CONFLICT,2025-09-02T10:24:10.499341,JSON refined and scored by AI.
f72db406983f993a,"{""calculation_context"": {""type"": ""static_placement""}, ""components"": [{""planet"": null, ""sign"": null, ""house"": 2, ""sub_house"": null, ""degree"": null, ""nakshatra"": null, ""nakshatra_pada"": null, ""house_strength"": null, ""sign_strength"": null, ""planet_strength"": null, ""aspect"": null, ""conjunction"": null, ""yoga"": null, ""dasha"": null, ""transit"": null}]}",,The 2nd house is associated with early learning.,Key Houses: The 2nd House (early learning),learning_education_creativity,primary_education,5dc8f27ffe02bf2e,Gemini,AI,Page 11,CLEANED,0.9,,[],,v2.0,NO_CONFLICT,2025-09-02T10:36:59.267468,JSON refined and scored by AI.
dcd60539162f3a7b,"{""calculation_context"": {""type"": ""dasha""}, ""components"": [{""planet"": {""relationship_to_house"": [{""house"": 4, ""relationship_type"": [""ownership"", ""aspect"", ""placement""]}, {""house"": 12, ""relationship_type"": [""ownership"", ""aspect"", ""placement""]}]}}]}",The Dasha (planetary period) of planets connected to the 4th and 12th (foreign lands) houses often triggers relocations.,The dasha of planets connected to the 4th and 12th houses often triggers relocations.,The Dasha (planetary period) of planets connected to the 4th and 12th (foreign lands) houses often triggers relocations.,home_property_vehicles,relocation_residence_changes,5ddc2cea0dcf8098,Gemini,AI,Page 19,CLEANED,0.75,,[],,v2.0,NO_CONFLICT,2025-09-02T10:40:43.297256,JSON refined and scored by AI.
7ecbef018e58a7fd,"{""calculation_context"": {""type"": ""dosha_check"", ""subtype"": ""pitru_dosha""}, ""components"": [{""dosha"": ""pitru_dosha"", ""status"": ""present""}]}","Afflictions to the Sun and 9th house, particularly by Rahu or Ketu, can indicate Pitru Dosha, suggesting unresolved ancestral karma",Pitru Dosha indicates unresolved ancestral karma.,Pitru Dosha suggests unresolved ancestral karma.,karma_past_life,ancestral_karmas,5e2fa4ab78add969,Gemini,AI,Page 17,CLEANED,0.75,,[],,v2.0,NO_CONFLICT,2025-09-02T10:53:52.795280,JSON refined and scored by AI.
2fc9e3f98dd05de3,"{""calculation_context"": {""type"": ""static_placement""}, ""components"": [{""type"": ""house_cusp"", ""house_index"": 10}, {""type"": ""planets_in_house"", ""house_index"": 10}]}",The 10th House: The sign on its cusp and planets located within it.,"The 10th house, its cusp, and its planetary occupants are key indicators of career.",The 10th house cusp and the planets within it are foundational to career analysis.,career_public_life,other_career_related,5e3c60ffc52baff0,Gemini,AI,Page 2,CLEANED,0.75,,[],,v2.0,NO_CONFLICT,2025-09-02T10:20:14.037622,JSON refined and scored by AI.
40f959f30c74ac1c,"{""calculation_context"": {""type"": ""transit""}, ""components"": [{""planet"": ""rahu"", ""aspect"": {""target"": ""all"", ""type"": ""transit""}}, {""planet"": ""ketu"", ""aspect"": {""target"": ""all"", ""type"": ""transit""}}]}",Rahu-Ketu transits bring sudden and fated events.,Rahu-Ketu transits are known to bring about sudden and destined events.,Rahu-Ketu Transits: Bringing sudden and fated events.,timing_windows,other_transits_periods,5eaafc0f66852a89,Gemini,AI,Page 30,CLEANED,0.75,,[],,v2.0,NO_CONFLICT,2025-09-02T10:31:21.014498,JSON refined and scored by AI.
9e43191ae232ec86,"{""calculation_context"": {""type"": ""karaka""}, ""components"": [{""planet"": ""rahu"", ""strength"": {""type"": ""general"", ""description"": ""presence of Rahu is considered""}, ""influence"": {""type"": ""positive"", ""description"": ""for innovation""}}]}",,,and Rahu for innovation.,learning_education_creativity,innovation_invention,5ec3aa737a80d45c,Gemini,AI,Page 12,CLEANED,0.75,,[],,v2.0,NO_CONFLICT,2025-09-02T10:37:27.582461,JSON refined and scored by AI.
f4e41de4537cf484,"{""calculation_context"": {""type"": ""static_placement""}, ""components"": [{""type"": ""planet_sign_house_strength"", ""planet"": ""Sun""}]}",,,"The Sun (Surya): Its strength, sign, and house placement as the significator of the soul and ego.",core_self_vitality,"self_identity_character,confidence_charisma",5ed9492a0fafe52a,Gemini,AI,Page 4,CLEANED,0.75,,[],,v2.0,NO_CONFLICT,2025-09-02T10:48:18.736189,JSON refined and scored by AI.
3789a777074f67a3,"{""calculation_context"": {""type"": ""static_placement""}, ""components"": [{""planet"": ""Saturn"", ""aspect"": {""target"": ""house"", ""house_number"": 10}}]}","Saturn Affliction: Saturn is the great taskmaster. Wherever it casts its influence, it brings lessons of patience, discipline, and perseverance through delay, obstruction, and responsibility. An affliction from Saturn to the Moon can cause pessimism; to Venus, it can bring dissatisfaction in relationships; to the 10th house, it demands immense hard work for career success. Its lessons are slow and profound.",Saturn influencing the 10th house requires significant effort for career success.,"to the 10th house, it demands immense hard work for career success",career_public_life,career_stability_longevity,5f0ecbd3fd43fbb4,Gemini,AI,Page 29,CLEANED,0.75,,[],,v2.0,NO_CONFLICT,2025-09-02T10:44:49.297269,JSON refined and scored by AI.
5cc381ba71c2b89e,"{""calculation_context"": {""type"": ""static_placement""}, ""components"": [{""planet"": null, ""sign"": null, ""house"": 5}, {""planet"": null, ""sign"": null, ""house"": 9}]}","Formal Education (5th, 9th Houses) determines eligibility for certain professions.","Formal education, indicated by the 5th and 9th houses, determines eligibility for specific professions.","Formal Education (5th, 9th Houses) determines eligibility for certain professions.",learning_education_creativity,"higher_education,primary_education",5f6569adcd5f41a9,Gemini,AI,Page 32,CLEANED,0.75,,[],,v2.0,NO_CONFLICT,2025-09-02T10:32:26.167798,JSON refinement AI call failed; using original raw JSON.
f13b853a4bb561f6,"{""calculation_context"": {""type"": ""house_placement""}, ""components"": [{""house"": 7, ""planets"": [], ""sign_on_cusp"": true}]}",The analysis of marriage begins with the 7th House. The sign on its cusp and any planets within it describe the characteristics of the spouse and the general environment of the partnership.,Analysis of marriage starts with the 7th house. The sign on its cusp and planets within describe the spouse's characteristics and the partnership's environment.,The analysis of marriage begins with the 7th House. The sign on its cusp and any planets within it describe the characteristics of the spouse and the general environment of the partnership.,relationships,marriage_spouse,5f75bfc0dbdf4a05,Gemini,AI,Page 6,CLEANED,0.75,,[],,v2.0,NO_CONFLICT,2025-09-02T10:21:35.664680,JSON refined and scored by AI.
33b68433454509c3,"{""calculation_context"": {""type"": ""strength_dignity""}, ""components"": [{""planet"": null, ""house"": 3}, {""planet"": ""mars""}]}","Relationships with siblings are clearly delineated. The 3rd House governs younger siblings, courage, and communication. A strong 3rd house and its lord, along with a well-placed Mars, indicate supportive and strong relationships with younger siblings.","A strong 3rd house and its ruler, combined with a well-placed Mars, suggest positive and supportive relationships with younger siblings.","A strong 3rd house and its lord, along with a well-placed Mars, indicate supportive and strong relationships with younger siblings.",relationships,siblings_relations,5fcf5dd72bd43834,Gemini,AI,Page 18,CLEANED,0.75,,[],,v2.0,NO_CONFLICT,2025-09-02T10:54:19.945730,JSON refinement AI call failed; using original raw JSON.
d599ffd00e773c60,"{""calculation_context"": {""type"": ""yoga_check"", ""yoga_name"": ""Pancha Mahapurusha Yoga""}, ""components"": [{""planet"": ""Mars"", ""dignity"": [{""type"": ""own_sign""}, {""type"": ""exalted""}], ""house_group"": [{""group"": ""kendra""}]}, {""planet"": ""Mercury"", ""dignity"": [{""type"": ""own_sign""}, {""type"": ""exalted""}], ""house_group"": [{""group"": ""kendra""}]}, {""planet"": ""Jupiter"", ""dignity"": [{""type"": ""own_sign""}, {""type"": ""exalted""}], ""house_group"": [{""group"": ""kendra""}]}, {""planet"": ""Venus"", ""dignity"": [{""type"": ""own_sign""}, {""type"": ""exalted""}], ""house_group"": [{""group"": ""kendra""}]}, {""planet"": ""Saturn"", ""dignity"": [{""type"": ""own_sign""}, {""type"": ""exalted""}], ""house_group"": [{""group"": ""kendra""}]}]}","Pancha Mahapurusha Yogas (Five Great Person Yogas): Formed when one of the five planets—Mars, Mercury, Jupiter, Venus, or Saturn—is in its own sign or exalted, and located in a Kendra.","Pancha Mahapurusha Yogas are formed when Mars, Mercury, Jupiter, Venus, or Saturn is in own sign/exaltation and in a Kendra.","Pancha Mahapurusha Yogas (Five Great Person Yogas) are formed when one of the five planets—Mars, Mercury, Jupiter, Venus, or Saturn—is in its own sign or exalted, and located in a Kendra.",yogas,pancha_mahapurusha_yogas,602969839f7e161a,Gemini,AI,Page 26,CLEANED,0.9,,[],,v2.0,NO_CONFLICT,2025-09-02T10:29:36.834662,JSON refined and scored by AI.
bf10a43943a533d0,"{""calculation_context"": {""type"": ""static_placement""}, ""components"": [{""planet"": ""saturn"", ""sign"": null, ""house"": null, ""influence"": [{""aspect"": {""target"": null, ""type"": null}, ""dignity"": null, ""conjunction"": null}]}], ""interpretation_context"": {""domain"": ""wisdom"", ""source"": ""experience""}}","Key Planets (Karakas): Jupiter (Guru) for wisdom and philosophy, Ketu (MokshaKaraka) for spiritual insight and intuition, and Saturn (Shani) for wisdom gained through experience.",Saturn signifies wisdom gained through experience.,Saturn (Shani) for wisdom gained through experience.,learning_education_creativity,practical_skills,604e59675a543724,Gemini,AI,Page 13,CLEANED,0.75,,[],,v2.0,NO_CONFLICT,2025-09-02T10:37:54.308363,JSON refined and scored by AI.
8a9b367d7475e3ef,"{""calculation_context"": {""type"": ""house_significance_multiple""}, ""components"": [{""house"": 4, ""significance"": [""property"", ""home""]}, {""house"": 2, ""significance"": [""movable_assets""]}, {""house"": 6, ""significance"": [""debts""]}, {""house"": 12, ""significance"": [""expenses""]}]}",,,"The 4th House (property, home), 2nd House (movable assets), 6th House (debts), and 12th House (expenses).",home_property_vehicles,"property_acquisition,movable_assets,debts_liabilities",605cdfd41708150f,Gemini,AI,Page 9,CLEANED,0.75,,[],,v2.0,NO_CONFLICT,2025-09-02T10:36:22.635077,JSON refined and scored by AI.
291f823cad44751e,"{""calculation_context"": {""type"": ""divisional_chart"", ""purpose"": ""education_analysis""}, ""components"": [{""divisional_chart"": ""d24"", ""analysis_type"": ""granular"", ""focus"": [""promise"", ""potential_field_of_study""]}]}",,,"For a granular analysis, the D-24 chart is consulted to see the true promise and potential field of study.",learning_education_creativity,other_formal_education,6089c1c2a29aece7,Gemini,AI,Page 12,CLEANED,0.75,,[],,v2.0,NO_CONFLICT,2025-09-02T10:37:27.582461,JSON refined and scored by AI.
02d93a35fce10154,"{""calculation_context"": {""type"": ""static_placement""}, ""components"": [{""planet"": ""sun"", ""conjunction_with"": [""rahu"", ""ketu""]}, {""planet"": ""moon"", ""conjunction_with"": [""rahu"", ""ketu""]}]}",Grahan Dosha: The Sun or Moon is conjunct with Rahu or Ketu.,"Sun or Moon conjunct Rahu/Ketu creates an eclipse-like effect, potentially causing low self-esteem, authority issues, and reduced vitality or emotional instability.","When the Sun or Moon forms a conjunction with Rahu or Ketu, a condition similar to a perpetual eclipse affects the luminary. This can manifest as a distortion or obscuring of the natural energies of the Sun or Moon. Specifically, a Sun conjunct Rahu or Ketu can lead to diminished self-confidence, strained relationships with authority figures, and reduced vitality. While the original interpretations didn't elaborate on the effects of an afflicted Moon, it's generally understood that such a conjunction could create emotional instability, mental confusion, and difficulty connecting with one's intuitive nature.",doshas,grahan_dosha,60c7892e6e316a40,Gemini,AI,Page 28,CLEANED,0.9,02d93a35fce10154,[],,v2.0,NO_CONFLICT,2025-09-02T10:30:20.255727,"Consolidated from 2 facts. Original IDs: ['02d93a35fce10154', '190542995678054c']"
d95a05b54243a283,"{""calculation_context"": {""type"": ""divisional_chart"", ""divisional_chart_type"": ""d24""}, ""components"": [{""domain"": ""education"", ""aspect"": [""promise"", ""potential_field_of_study""]}]}","For a granular analysis, the D-24 chart is consulted to see the true promise and potential field of study.",The D-24 divisional chart provides detailed insights into educational prospects and potential areas of study.,"The D-24 chart is used for granular analysis of education, revealing the true promise and potential field of study.",learning_education_creativity,other_formal_education,60c994ab734b7bce,Gemini,AI,Page 12,CLEANED,0.75,,[],,v2.0,NO_CONFLICT,2025-09-02T10:24:10.499341,JSON refined and scored by AI.
ffd8b8ce5c4b24b1,"{""calculation_context"": {""type"": ""static_placement""}, ""components"": [{""planet"": null, ""sign"": [""aries"", ""cancer"", ""libra"", ""capricorn""], ""house"": 2}, {""planet"": null, ""sign"": [""aries"", ""cancer"", ""libra"", ""capricorn""], ""house"": 11}]}","Conversely, placement in Movable signs (Aries, Cancer, Libra, Capricorn) suggests more fluctuation in financial matters.",Movable signs in the 2nd and 11th houses indicate potential income variability and financial fluctuations.,"Having both the 2nd and 11th houses in movable signs (Aries, Cancer, Libra, and Capricorn) indicates a likelihood of experiencing financial fluctuations. This suggests that income and gains may be variable and subject to change, potentially due to the shifting nature of movable signs.",wealth_assets_resources,"financial_risks,wealth_stability",60d06da2b26bf2a2,Gemini,AI,Page 10,CLEANED,0.9,ffd8b8ce5c4b24b1,[],,v2.0,NO_CONFLICT,2025-09-02T10:23:17.585684,"Consolidated from 2 facts. Original IDs: ['ffd8b8ce5c4b24b1', '71fde44bb2ddaccc']"
8cdcdcb6cb6fb84a,"{""calculation_context"": {""type"": ""static_placement""}, ""components"": [{""planet"": [{""name"": ""ketu"", ""condition"": {""malefic_influence"": {""relationship"": ""none""}}}, {""name"": ""jupiter"", ""condition"": {""malefic_influence"": {""relationship"": ""none""}}}], ""house"": 12}]}","Moksha Yogas: ... The most potent is having a spiritual planet like Ketu or Jupiter in the 12th house, free from malefic influence, indicating a soul in its final stages of the karmic cycle.","A potent Moksha Yoga involves Ketu or Jupiter in the 12th house, free from malefic influence.","The most potent is having a spiritual planet like Ketu or Jupiter in the 12th house, free from malefic influence",yogas,moksha_yogas,618adb994da476b3,Gemini,AI,Page 27,CLEANED,0.9,,[],,v2.0,NO_CONFLICT,2025-09-02T10:58:00.637955,JSON refined and scored by AI.
b9c617d9cb491ce6,"{""calculation_context"": {""type"": ""static_placement""}, ""components"": [{""planet"": ""lagna"", ""strength"": {""type"": ""shadbala"", ""condition"": ""strong""}, ""afflictions"": []}, {""planet"": ""lagna_lord"", ""strength"": {""type"": ""shadbala"", ""condition"": ""strong""}, ""afflictions"": []}]}","A strong, unafflicted Ascendant and its ruler provide a robust physique and natural resilience.","A strong Ascendant and its ruler, free from negative influences, contribute to a strong physique and resilience.","A strong, unafflicted Ascendant and its ruler provide a robust physique and natural resilience.",health_risks_longevity,general_health,61c750e46d467312,Gemini,AI,Page 21,CLEANED,0.75,,[],,v2.0,NO_CONFLICT,2025-09-02T10:55:36.322463,JSON refined and scored by AI.
0d5337c685e036d4,"{""calculation_context"": {""type"": ""static_placement""}, ""components"": [{""planet"": null, ""sign"": null, ""house"": 4, ""sign_lord"": null, ""house_lord"": null, ""nakshatra"": null, ""nakshatra_lord"": null, ""sub"": null, ""sub_lord"": null, ""aspect"": null, ""conjunction"": null}]}","Primary House: The 4th House (Sukha Bhava), which governs home, land, and mother.","The 4th house signifies home, land, and the mother.","The 4th house governs home, land, and mother.",home_property_vehicles,"home_comforts,parental_care",61c7b132637dc831,Gemini,AI,Page 18,CLEANED,0.75,,[],,v2.0,NO_CONFLICT,2025-09-02T10:54:19.945730,JSON refined and scored by AI.
a4bd616e11bbc563,"{""calculation_context"": {""type"": ""house_significance""}, ""components"": [{""house"": 9, ""significance"": [""moral compass"", ""philosophical compass"", ""guidance""]}]}",The 9th House acts as the moral and philosophical compass that guides the individual along their path.,The 9th house acts as a moral and philosophical compass.,The 9th House acts as the moral and philosophical compass that guides the individual along their path.,travel_dharma_spirituality,philosophical_beliefs,620c5d7f6b8dd815,Gemini,AI,Page 5,CLEANED,0.75,,[],,v2.0,NO_CONFLICT,2025-09-02T10:21:16.849317,JSON refined and scored by AI.
9bf707b663498b87,"{""calculation_context"": {""type"": ""panchang_elements"", ""elements"": [""tithi"", ""vara"", ""nakshatra"", ""yoga"", ""karana""]}, ""components"": [{""type"": ""tithi"", ""value"": ""any""}, {""type"": ""vara"", ""value"": ""any""}, {""type"": ""nakshatra"", ""value"": ""any""}, {""type"": ""yoga"", ""value"": ""any""}, {""type"": ""karana"", ""value"": ""any""}]}","The Five Limbs (Panchang): Tithi (lunar day), Vara (weekday), Nakshatra (lunar mansion), Yoga (a specific celestial alignment), and Karana (half a Tithi).","The Panchang consists of five elements: Tithi (lunar day), Vara (weekday), Nakshatra (lunar mansion), Yoga (a specific celestial alignment), and Karana (half a Tithi).","The Five Limbs (Panchang): Tithi (lunar day), Vara (weekday), Nakshatra (lunar mansion), Yoga (a specific celestial alignment), and Karana (half a Tithi).",timing_windows,tithi_yoga_karana,6225a6a31a98203d,Gemini,AI,Page 31,CLEANED,0.9,,[],,v2.0,NO_CONFLICT,2025-09-02T10:31:49.610151,JSON refined and scored by AI.
b2daa3fa2b3ac649,"{""calculation_context"": {""type"": ""static_placement""}, ""components"": [{""planet"": null, ""sign"": null, ""house"": ""5""}, {""planet"": null, ""sign"": null, ""house_lord"": ""5""}]}","The sign, planets, and aspects on the 5th house and its lord reveal the ease or challenges related to progeny","The 5th house, its lord, the planets within it, and aspects to it influence ease or challenges related to having children.","The sign, planets, and aspects on the 5th house and its lord reveal the ease or challenges related to progeny.",family_lineage,childbearing_potential,62650d9ab59c8a49,Gemini,AI,Page 17,CLEANED,0.75,,[],,v2.0,NO_CONFLICT,2025-09-02T10:53:52.795280,JSON refinement AI call failed; using original raw JSON.
64dcc5167d233252,"{""calculation_context"": {""type"": ""dosha""}, ""components"": [{""dosha_type"": ""pitru_dosha"", ""impact"": ""professional_impediment""}]}","As mentioned, this can be a direct impediment to professional success until it is understood and addressed.",Pitru Dosha can hinder professional success until resolved.,"As mentioned, this can be a direct impediment to professional success until it is understood and addressed.",karma_past_life,"ancestral_karmas,pitru_dosha",637e408185fdc363,Gemini,AI,Page 33,CLEANED,0.75,,[],,v2.0,NO_CONFLICT,2025-09-02T10:32:51.795484,JSON refined and scored by AI.
699201a26d27a98e,"{""calculation_context"": {""type"": ""dasha_calculation"", ""parameters"": {""dasha_system"": ""vimshottari""}}, ""components"": [{""type"": ""dasha_period"", ""parameters"": {""current"": true}}]}",Understanding your current Dasha provides a roadmap to likely opportunities and challenges.,Comprehending your current Dasha offers a guide to the potential opportunities and challenges that may arise.,Understanding your current Dasha provides a roadmap to the opportunities and challenges you are likely to face.,timing_windows,other_dashas,638239f6b72340a7,Gemini,AI,Page 30,CLEANED,0.75,,[],,v2.0,NO_CONFLICT,2025-09-02T10:31:21.014498,JSON refined and scored by AI.
ecbb8c657b40d90f,"{""calculation_context"": {""type"": ""dasha_transition""}, ""components"": [{""type"": ""planet_sign_house"", ""planet"": ""all"", ""sign"": ""all"", ""house"": ""10""}, {""type"": ""planet_sign_house"", ""planet"": ""all"", ""sign"": ""all"", ""house"": ""6""}, {""type"": ""planet_sign_house"", ""planet"": ""all"", ""sign"": ""all"", ""house"": ""2""}, {""type"": ""planet_aspect"", ""planet1"": ""all"", ""aspect"": ""all"", ""planet2"": ""all""}, {""type"": ""transit"", ""planet"": ""all"", ""sign"": ""all"", ""house"": ""all""}]}",This determines when career events happen.,Dashas and transits indicate the timing of career events.,This determines when career events happen.,timing_windows,,6387b7080c39574c,Gemini,AI,Page 33,CLEANED,0.75,,[],,v2.0,NO_CONFLICT,2025-09-02T11:01:01.358394,JSON refined and scored by AI.
c88740ec181afb3d,"{""calculation_context"": {""type"": ""dasha_sequence""}, ""components"": [{""type"": ""planetary_period"", ""name"": ""dasha"", ""description"": ""A planetary period that activates specific themes in the birth chart.""}, {""type"": ""birth_chart"", ""description"": ""The natal chart containing inherent potential.""}, {""type"": ""life_stage"", ""description"": ""Different periods of life influenced by the active dasha.""}]}","Dashas are planetary periods that activate the potential in the birth chart, bringing specific themes to the forefront at different life stages.","Dashas are cycles of planetary periods that activate the inherent potential within your birth chart, bringing specific themes into focus at various life stages.","Your life story is timed by a system of planetary periods called Dashas. These cycles activate the potential inherent in your birth chart, bringing specific themes to the forefront at different stages of life.",timing_windows,other_dashas,6387c5f295a05f1a,Gemini,AI,Page 30,CLEANED,0.75,,[],,v2.0,NO_CONFLICT,2025-09-02T10:31:21.014498,JSON refined and scored by AI.
9c60090f1627bfbc,"{""calculation_context"": {""type"": ""static_placement""}, ""components"": [{""type"": ""house_cusp"", ""index"": 10, ""sign"": [{""sign"": ""Gemini""}, {""sign"": ""Libra""}, {""sign"": ""Aquarius""}]}]}","Airy Signs (Gemini, Libra, Aquarius): Suggest intellectual, communicative, or technological careers in media, science, tech, or consulting.","10th house in an airy sign suggests intellectual or communicative careers in fields like media, science, technology, or consulting.","Airy signs (Gemini, Libra, Aquarius) on the 10th house cusp suggest intellectual or communicative careers in media, science, tech, or consulting.",career_public_life,other_career_related,6403830573026af5,Gemini,AI,Page 2,CLEANED,0.75,,[],,v2.0,NO_CONFLICT,2025-09-02T10:33:43.669108,JSON refined and scored by AI.
29342153d31fa656,"{""calculation_context"": {""type"": ""karaka"", ""domain"": ""material_prosperity""}, ""components"": [{""planet"": ""saturn"", ""karaka"": {""significance"": [""construction"", ""long_term_assets""]}}]}",Saturn (Shani) for construction and long-term assets.,Saturn (Shani) signifies construction and long-term assets.,Saturn (Shani) for construction and long-term assets.,home_property_vehicles,property_acquisition,642ae4ef8a63c668,Gemini,AI,Page 18,CLEANED,0.75,,[],,v2.0,NO_CONFLICT,2025-09-02T10:40:00.948055,JSON refined and scored by AI.
a20bd5d058df8646,"{""calculation_context"": {""type"": ""dosha_check"", ""target"": ""general_wellbeing""}, ""components"": [{""dosha_type"": ""grahan_dosha"", ""potential_effects"": [{""aspect"": ""confidence"", ""nature"": ""negative""}, {""aspect"": ""emotional_peace"", ""nature"": ""negative""}]}]}","Your chart may contain specific karmic patterns known as Doshas, which highlight areas of life requiring special attention. Mangal Dosha primarily impacts marital harmony, Kaal Sarpa Dosha can create a feeling of destiny being blocked, Pitru Dosha points to ancestral debts, and Grahan Dosha can affect your confidence or emotional peace. Recognizing these patterns is the first step toward consciously navigating their challenges.",Grahan Dosha can negatively impact self-confidence and emotional well-being.,Grahan Dosha can affect your confidence or emotional peace.,doshas,grahan_dosha,648df4d61883bb1f,Gemini,AI,Page 29,CLEANED,0.75,,[],,v2.0,NO_CONFLICT,2025-09-02T10:44:49.297269,JSON refined and scored by AI.
fa92cc2f59f9c33b,"{""calculation_context"": {""type"": ""interpretation_of_relationship""}, ""components"": [{""type"": ""astrological_concept"", ""concept"": ""wealth_assets_resources""}, {""type"": ""relationship"", ""relationship"": ""results_in_and_fuels""}, {""type"": ""astrological_concept"", ""concept"": ""career""}]}","Wealth, Assets & Resources are the result and fuel for a career.","Wealth, assets, and resources are both the outcome and the driving force of a career.","Wealth, Assets & Resources are the result and fuel for a career.",wealth_assets_resources,other_wealth_related,649c1b4d2f7ea10e,Gemini,AI,Page 32,CLEANED,0.6,,[],,v2.0,NO_CONFLICT,2025-09-02T10:32:26.167798,JSON refined and scored by AI.
31d7d9af6bc701c9,"{""calculation_context"": {""type"": ""house_strength"", ""target"": ""house"", ""strength_type"": ""positive""}, ""components"": [{""house"": 9}]}","A strong 9th house and its lord bestow a clear sense of dharma (right action), strong principles, and the fortune to connect with teachers or guiding philosophies. This is the bedrock of spiritual self-alignment.","A strong 9th house provides a clear sense of dharma, strong principles, and connection to teachers/philosophies, fostering spiritual alignment.","A strong 9th house bestows a clear sense of dharma (right action), strong principles, and the fortune to connect with teachers or guiding philosophies. This is the bedrock of spiritual self-alignment.",travel_dharma_spirituality,"philosophical_beliefs,spiritual_growth",64af9d7a7b0202a2,Gemini,AI,Page 5,CLEANED,0.75,,[],,v2.0,NO_CONFLICT,2025-09-02T10:21:16.849317,JSON refined and scored by AI.
cf474d00a8e66aab,"{""calculation_context"": {""type"": ""planet_house_condition""}, ""components"": [{""planet"": ""Moon"", ""condition"": {""type"": ""affliction"", ""details"": {""any_affliction"": true}}}, {""house"": 4, ""condition"": {""type"": ""affliction"", ""details"": {""any_affliction"": true}}}]}",,An afflicted Moon or 4th house can suggest challenges in parental care.,An afflicted Moon or 4th house can suggest challenges in this area.,home_property_vehicles,parental_care,64bbcc27ef3c615f,Gemini,AI,Page 20,CLEANED,0.75,,[],,v2.0,NO_CONFLICT,2025-09-02T10:41:01.064020,JSON refined and scored by AI.
5c0b952994337c4a,"{""calculation_context"": {""type"": ""static_placement""}, ""components"": [{""type"": ""cusp"", ""house_index"": 10, ""sign"": [{""sign"": ""Gemini""}, {""sign"": ""Libra""}, {""sign"": ""Aquarius""}]}]}","Airy Signs (Gemini, Libra, Aquarius): Suggest intellectual, communicative, or technological careers in media, science, tech, or consulting.","10th house in Gemini, Libra, or Aquarius suggests intellectual or communicative careers in media, science, technology, or consulting.","Airy signs on the 10th house cusp suggest intellectual or communicative careers in fields like media, science, technology, or consulting.",career_public_life,other_career_related,64d62fdf64dad448,Gemini,AI,Page 2,CLEANED,0.75,,[],,v2.0,NO_CONFLICT,2025-09-02T10:20:14.037622,JSON refined and scored by AI.
40c4cbb101eca52a,"{""calculation_context"": {""type"": ""static_placement""}, ""components"": [{""planet"": ""ketu"", ""sign"": null, ""house"": null, ""influence"": [{""aspect"": {""target"": null, ""type"": null}, ""conjunction"": {""target"": null}}]}], ""interpretation_context"": {""karaka"": ""mokshakaraka"", ""domain"": [""spiritual"", ""intuition""]}}",Key Planets (Karakas): Ketu (MokshaKaraka) for spiritual insight and intuition,Ketu (MokshaKaraka) signifies spiritual insight and intuition.,Ketu (MokshaKaraka) for spiritual insight and intuition,karma_past_life,spiritual_progress,64f934f352308205,Gemini,AI,Page 13,CLEANED,0.75,,[],,v2.0,NO_CONFLICT,2025-09-02T10:24:35.699149,JSON refined and scored by AI.
fe5ad990b01596ab,"{""calculation_context"": {""type"": ""dosha_check""}, ""components"": [{""dosha_name"": ""mangal_dosha"", ""strength"": {""type"": ""any""}}]}",specific doshas like Mangal Dosha.,Mangal Dosha is a specific dosha to consider.,specific doshas like Mangal Dosha.,doshas,mangal_dosha,658ddf24b1b7effd,Gemini,AI,Page 6,CLEANED,0.9,,[],,v2.0,NO_CONFLICT,2025-09-02T10:21:35.664680,JSON refined and scored by AI.
f937078ce0a577cb,"{""calculation_context"": {""type"": ""static_placement""}, ""components"": [{""planet"": ""sun"", ""afflicted_by"": [""rahu"", ""ketu"", ""saturn""], ""aspect_type"": [""conjunction"", ""aspect""]}, {""house"": 9, ""afflicted_by"": [""rahu"", ""ketu"", ""saturn""], ""aspect_type"": [""conjunction"", ""aspect""]}]}","Pitru Dosha indicates a karmic debt to paternal ancestors, manifesting as obstacles in career, finances, health, or progeny.","Pitru Dosha represents a karmic debt to paternal ancestors and can cause obstacles in career, finances, health, and having children.","As covered previously, this dosha indicates a karmic debt to the paternal ancestors. It arises from afflictions to the Sun (father) and the 9th house (lineage). It can manifest as persistent obstacles in career, finances, health, or progeny, suggesting a need to honor the ancestors to clear the path forward.",doshas,pitru_dosha,6669b95639e64910,Gemini,AI,Page 28,CLEANED,0.75,,[],,v2.0,NO_CONFLICT,2025-09-02T10:30:20.255727,JSON refined and scored by AI.
c07af08503e01cea,"{""calculation_context"": {""type"": ""dosha_present"", ""domains"": [""professional_life""], ""challenge_areas"": [""relationships"", ""authority_figures"", ""follow_through""]}, ""components"": []}","Doshas create the specific challenges (e.g., in relationships, with authority, in follow-through) that must be overcome to realize your full professional potential.","Doshas present challenges (e.g., relationships, authority, follow-through) that must be overcome for career success.","Doshas create the specific challenges (e.g., in relationships, with authority, in follow-through) that must be overcome to realize your full professional potential.",doshas,other_doshas_related,66ef0edc675bbeff,Gemini,AI,Page 33,CLEANED,0.75,,[],,v2.0,NO_CONFLICT,2025-09-02T10:46:50.790277,JSON refined and scored by AI.
a9bc3c5de0710aa9,"{""calculation_context"": {""type"": ""planetary_relationship"", ""target_planet"": ""lord_8"", ""relationship_type"": ""disposition""}, ""components"": [{""planet"": ""lord_8"", ""relationship"": ""well_disposed"", ""with_respect_to"": ""ascendant""}]}",,,A well-disposed 8th lord can bring sudden windfalls.,wealth_assets_resources,inheritance_unearned_income,66ef24f6deafae99,Gemini,AI,Page 9,CLEANED,0.75,,[],,v2.0,NO_CONFLICT,2025-09-02T10:22:47.297281,JSON refined and scored by AI.
b8b690e88cab59df,"{""calculation_context"": {""type"": ""house_placement""}, ""components"": [{""planet"": ""Rahu"", ""influence"": [""insatiable desire"", ""ambition"", ""obsession"", ""sudden events"", ""unconventional events"", ""amplified worldly cravings""], ""domain"": ""worldly matters""}]}","Rahu-Ketu Affliction: The nodal axis brings intense and often disruptive karmic experiences. Rahu's influence creates insatiable desire, ambition, obsession, and sudden, unconventional events related to the house it occupies. It amplifies worldly cravings. Ketu's influence brings detachment, confusion, sudden breaks, loss, and spiritual insights. It is a force of dissolution and introspection.","Rahu intensifies desires, ambition, and brings sudden events related to the house it occupies.","Rahu's influence creates insatiable desire, ambition, obsession, and sudden, unconventional events related to the house it occupies. It amplifies worldly cravings.",doshas,rahu_ketu_affliction,670cede53c549ed5,Gemini,AI,Page 29,CLEANED,0.75,,[],,v2.0,NO_CONFLICT,2025-09-02T10:58:50.080252,JSON refined and scored by AI.
a6a624fedb18ccfd,"{""calculation_context"": {""type"": ""dasha_system"", ""sub_type"": ""vimshottari_dasha""}, ""components"": [{""type"": ""dasha_lord"", ""planet"": null, ""relationship"": {""type"": ""ownership"", ""house"": 7}}]}",The Dasha of the 7th lord can activate marriage.,"The Dasha period of the 7th lord (ruler of the 7th house, representing marriage and partnerships) can signify the timing of marriage or the activation of marriage-related themes.",The Dasha of the 7th lord can activate marriage.,relationships,marriage_spouse,6723af5ab89a182f,Gemini,AI,Page 30,CLEANED,0.75,,[],,v2.0,NO_CONFLICT,2025-09-02T10:59:24.708002,JSON refined and scored by AI.
ad301c5a0189c401,"{""calculation_context"": {""type"": ""static_placement""}, ""components"": [{""planet"": null, ""sign"": null, ""house"": 5}], ""interpretation_context"": {""domain"": ""children"", ""aspect"": ""motivational_influence"", ""target_domain"": ""career_and_priorities""}}",Children (5th House): Providing for them can motivate career and shift priorities.,Children (5th house) can be a powerful motivator for career pursuits and can shift professional priorities.,Children (5th House): Providing for them can motivate career and shift priorities.,family_lineage,child_success,67390212a0e394d6,Gemini,AI,Page 32,CLEANED,0.75,,[],,v2.0,NO_CONFLICT,2025-09-02T10:32:26.167798,JSON refined and scored by AI.
fce4cf1e6b98146d,"{""calculation_context"": {""type"": ""static_placement""}, ""components"": [{""house"": 8, ""planets"": [{""planet"": ""saturn"", ""influence"": ""malefic"", ""motion"": ""slow""}]}]}",Chronic diseases are often seen from the 8th House and the influence of slow-moving malefics like Saturn.,Chronic diseases are often associated with the 8th house and the influence of slow-moving malefics like Saturn.,Chronic diseases are often seen from the 8th House and the influence of slow-moving malefics like Saturn.,health_risks_longevity,chronic_diseases,6747847c9da764a5,Gemini,AI,Page 21,CLEANED,0.75,,[],,v2.0,NO_CONFLICT,2025-09-02T10:41:19.961308,JSON refined and scored by AI.
23df4d9810ef8ecc,"{""calculation_context"": {""type"": ""static_placement""}, ""components"": [{""type"": ""planet_lord_of"", ""house"": 1}, {""type"": ""strength"", ""target"": {""type"": ""planet_lord_of"", ""house"": 1}}]}",Strength of the Lagna Lord and the Moon: As indicators of personal resilience.,A strong Lagna lord indicates physical and characterological resilience.,The strength of the Lagna Lord is an indicator of personal resilience (physical and characterological).,core_self_vitality,resilience_adaptability,67786f6782be316c,Gemini,AI,Page 5,CLEANED,0.75,,[],,v2.0,NO_CONFLICT,2025-09-02T10:34:55.102878,JSON refined and scored by AI.
a7c9596f0fbe0461,"{""calculation_context"": {""type"": ""static_placement""}, ""components"": [{""planet"": null, ""sign"": null, ""house"": 3, ""sign_lord"": null, ""house_lord"": null, ""nakshatra"": null, ""nakshatra_lord"": null, ""sub"": null, ""sub_lord"": null, ""degree"": null}]}","Siblings: The 3rd House (younger siblings), the 11th House (elder siblings), and Mars (Mangala) as the Bhratru Karaka (significator of siblings).",The 3rd house represents younger siblings.,The 3rd house signifies younger siblings.,relationships,siblings_relations,678e44ff1a227994,Gemini,AI,Page 18,CLEANED,0.9,,[],,v2.0,NO_CONFLICT,2025-09-02T10:54:19.944731,JSON refined and scored by AI.
9f9567032dcd02c6,"{""calculation_context"": {""type"": ""static_placement""}, ""components"": [{""planet"": ""mars"", ""sign"": null, ""house"": 2, ""nature"": ""malefic""}, {""planet"": ""saturn"", ""sign"": null, ""house"": 2, ""nature"": ""malefic""}], ""logic"": ""or""}","Malefic planets like Mars or Saturn here can create tension, disagreements over finances, or a sense of distance within the family unit.","Malefic planets like Mars or Saturn in the 2nd house can lead to tension, financial disagreements, or emotional distance within the family.","Malefic planets like Mars or Saturn here can create tension, disagreements over finances, or a sense of distance within the family unit.",family_lineage,family_support_conflicts,681fe85746783df8,Gemini,AI,Page 18,CLEANED,0.9,,[],,v2.0,NO_CONFLICT,2025-09-02T10:40:00.948055,JSON refined and scored by AI.
b4a20783e4793689,"{""calculation_context"": {""type"": ""karma_inheritance""}, ""components"": [{""type"": ""planetary_influence"", ""planet"": null, ""sign"": null, ""house"": null, ""influence_type"": ""ancestral_karma"", ""source"": ""parental"", ""target"": ""individual""}, {""type"": ""lineage"", ""lineage_type"": ""both""}]}",,Ancestral karmas are inherited through both parents.,Ancestral karmas are passed down through both parental lines.,karma_past_life,ancestral_karmas,6866cb249175ea2e,Gemini,AI,Page 25,CLEANED,0.75,,[],,v2.0,NO_CONFLICT,2025-09-02T10:57:00.657532,JSON refined and scored by AI.
030dda756f8448fa,"{""calculation_context"": {""type"": ""yoga_check"", ""yoga_name"": ""Pancha Mahapurusha Yoga""}, ""components"": [{""planet"": [""Mars"", ""Mercury"", ""Jupiter"", ""Venus"", ""Saturn""], ""specific_positions"": [{""house_from_ascendant"": [1, 4, 7, 10], ""planet_dignity"": [""own_sign"", ""exaltation_sign""]}]}]}",It creates a person of great virtue and achievement corresponding to the planet's nature.,Pancha Mahapurusha Yogas grant virtue and achievement based on the planet involved.,Pancha Mahapurusha Yogas create a person of great virtue and achievement corresponding to the planet's nature.,yogas,pancha_mahapurusha_yogas,690b6279adccef17,Gemini,AI,Page 26,CLEANED,0.9,,[],,v2.0,NO_CONFLICT,2025-09-02T10:29:36.834662,JSON refined and scored by AI.
4c17d4e497a2888f,"{""calculation_context"": {""type"": ""general_significator""}, ""components"": [{""planet"": ""Jupiter"", ""significator_type"": [""knowledge"", ""higher_learning""]}]}",Jupiter (Guru) as the significator of knowledge and higher learning,Jupiter signifies knowledge and higher learning.,Jupiter (Guru) as the significator of knowledge and higher learning,learning_education_creativity,higher_education,693ca8573b6646d1,Gemini,AI,Page 14,CLEANED,0.75,,[],,v2.0,NO_CONFLICT,2025-09-02T10:38:24.928471,JSON refined and scored by AI.
9d291358e71ea679,"{""calculation_context"": {""type"": ""static_placement""}, ""components"": [{""planet"": ""lagna"", ""house"": 1, ""strength"": ""strong"", ""afflictions"": []}, {""planet"": ""lagna_lord"", ""strength"": ""strong"", ""afflictions"": []}]}","A strong, unafflicted Ascendant and its ruler provide a robust physique and natural resilience.",A strong and unafflicted Ascendant and its ruler indicate a strong physique and natural resilience.,"A strong, unafflicted Ascendant and its ruler provide a robust physique and natural resilience.",health_risks_longevity,general_health,699eeed3de097b9a,Gemini,AI,Page 21,CLEANED,0.9,,[],,v2.0,NO_CONFLICT,2025-09-02T10:41:19.960183,JSON refined and scored by AI.
0c3ce5bcdcd079bb,"{""calculation_context"": {""type"": ""static_placement""}, ""components"": [{""planet"": ""ketu"", ""house"": 12, ""sign"": null, ""influence_type"": [""placement""]}]}","While education deals with information, wisdom deals with truth. The quest for philosophical understanding and higher knowledge is the domain of the 9th House and Jupiter. A strong 9th house and a powerful Jupiter create a natural philosopher, a teacher, or a lifelong student of life, always seeking a deeper meaning. The 5th house, as the house of purva punya (past life credit), can also bestow innate wisdom that doesn't come from books. Spiritual learning is primarily seen through the 12th House (the house of liberation) and the influence of Ketu. As the significator for moksha (enlightenment), Ketu provides profound intuitive insights and a natural detachment from worldly matters, guiding the soul towards introspection and self-realization. A prominent connection between Jupiter and Ketu often produces a powerful spiritual seeker or guide. Finally, practical, hard-earned wisdom is the gift of Saturn. Saturn gives knowledge not from theory but from experience, discipline, and time. Its influence teaches the lessons of reality, creating a grounded and resilient understanding of the world.",,"Spiritual learning is primarily seen through the 12th House (the house of liberation) and the influence of Ketu. As the significator for moksha (enlightenment), Ketu provides profound intuitive insights and a natural detachment from worldly matters, guiding the soul towards introspection and self-realization.",travel_dharma_spirituality,"spiritual_growth,spiritual_learning",6a260ec5964b3c0d,Gemini,AI,Page 13,CLEANED,0.75,,[],,v2.0,NO_CONFLICT,2025-09-02T10:52:33.273007,JSON refined and scored by AI.
efd4fa0cb0befffd,"{""calculation_context"": {""type"": ""static_placement""}, ""components"": [{""planet"": ""Saturn"", ""aspect"": {""target"": ""house"", ""house_number"": 10}, ""sign_house"": null, ""specific_degree"": null}]}","to the 10th house, it demands immense hard work for career success",Saturn influencing the 10th house requires immense hard work for career success.,"to the 10th house, it demands immense hard work for career success",career_public_life,career_stability_longevity,6a46c6f1e1943195,Gemini,AI,Page 29,CLEANED,0.75,,[],,v2.0,NO_CONFLICT,2025-09-02T10:30:47.426010,JSON refined and scored by AI.
8dda42f0ae2819e0,"{""calculation_context"": {""type"": ""influence"", ""strength"": ""strong"", ""affliction"": true}, ""components"": [{""planet"": ""rahu"", ""strength"": ""strong"", ""influence_on"": [{""planet"": ""ketu"", ""nature"": ""overshadowing""}]}]}","An overly strong or afflicted Rahu, especially if it overshadows Ketu, indicates that material desires may impede spiritual progress.","A strong or afflicted Rahu, especially if it overshadows Ketu, suggests that material desires may hinder spiritual progress.","An overly strong or afflicted Rahu, especially if it overshadows Ketu, indicates that material desires may impede spiritual progress.",karma_past_life,obstacles_to_moksha,6ab39a002a6c414b,Gemini,AI,Page 25,CLEANED,0.75,,[],,v2.0,NO_CONFLICT,2025-09-02T10:28:58.530413,JSON refined and scored by AI.
8ad7412a1917af0e,"{""calculation_context"": {""type"": ""static_placement""}, ""components"": [{""planet"": ""saturn"", ""house"": ""10th"", ""relationship"": ""influencing"", ""strength"": ""strong""}]}",,,A strong Saturn influencing the 10th house promotes longevity and stability.,career_public_life,career_stability_longevity,6af792ee52f25652,Gemini,AI,Page 3,CLEANED,0.75,,[],,v2.0,NO_CONFLICT,2025-09-02T10:34:05.031979,JSON refinement AI call failed; using original raw JSON.
f75b066a64109703,"{""calculation_context"": {""type"": ""divisional_chart"", ""divisional_chart_type"": ""saptamsa"", ""purpose"": ""progeny_analysis""}, ""components"": [{""house"": ""5th"", ""strength"": ""strong"", ""relationship_with"": [{""planet"": ""jupiter"", ""aspect"": ""blessed_by""}, {""planet_group"": ""benefics"", ""aspect"": ""blessed_by""}]}, {""divisional_chart"": ""D7"", ""analysis_focus"": [""happiness_of_children"", ""success_of_children"", ""nature_of_children""]}]}",Children: The 5th House is the primary indicator. Jupiter (Guru) is the significator of children. The Saptamsa (D-7) is the specific divisional chart.,"The D-7 (Saptamsa) chart is used for detailed analysis of children's well-being, success, and character.","The potential for and relationship with children are analyzed through the 5th House and Jupiter. A strong 5th house blessed by benefics is favorable for progeny. For a microscopic view, the Saptamsa (D-7) chart is examined to understand the happiness, success, and nature of one's children.",relationships,children_relations,6b045bdb65febbe4,Gemini,AI,Page 7,CLEANED,0.75,,[],,v2.0,NO_CONFLICT,2025-09-02T10:49:34.498526,JSON refined and scored by AI.
26bdd14934a0cd3c,"{""calculation_context"": {""type"": ""static_placement"", ""purpose"": ""assessing_career_motivations""}, ""components"": [{""planet"": null, ""sign"": null, ""house"": 2, ""influence"": ""primary_motivator"", ""domain"": ""income_and_assets""}, {""planet"": null, ""sign"": null, ""house"": 11, ""influence"": ""primary_motivator"", ""domain"": ""income_and_assets""}, {""planet"": null, ""sign"": null, ""house"": 4, ""influence"": ""primary_motivator"", ""domain"": ""income_and_assets""}], ""interpretation_context"": {""financial_stability_impact"": [""enables_risk_taking"", ""enables_business_ventures"", ""enables_fulfilling_but_less_lucrative_paths""]}}","Income & Assets (2nd, 11th, 4th Houses) are primary career motivators. Financial stability enables risk-taking, business ventures, or fulfilling but less lucrative paths.","Income and assets (2nd, 11th, and 4th houses) are key career motivators. Financial stability allows for professional risk-taking, starting a business, or pursuing a less lucrative but more fulfilling career path.","Income & Assets (2nd, 11th, 4th Houses) are primary career motivators. Financial stability enables risk-taking, business ventures, or fulfilling but less lucrative paths.",wealth_assets_resources,"income_primary,movable_assets,property_real_estate",6b2d6a99ff552960,Gemini,AI,Page 32,CLEANED,0.75,,[],,v2.0,NO_CONFLICT,2025-09-02T10:32:26.167798,JSON refined and scored by AI.
319b809a842b4e4c,"{""calculation_context"": {""type"": ""static_placement""}, ""components"": [{""planet"": null, ""sign"": null, ""house"": 5, ""aspects"": [], ""dignity"": null, ""motion"": null}], ""interpretation_context"": {""domain"": ""houses"", ""topic"": ""creativity_and_self_expression""}}","The 5th House, in contrast, is the source of spontaneous creativity and original thought. It represents the joy of self-expression and is central to performance, drama, and intellectual creativity.","The 5th house signifies spontaneous creativity, original thought, self-expression, and is crucial for performance, drama, and intellectual creativity.","The 5th house is the source of spontaneous creativity and original thought, representing the joy of self-expression and central to performance, drama, and intellectual creativity.",learning_education_creativity,"intellectual_skills,arts_performance",6bf9ded15787187c,Gemini,AI,Page 12,CLEANED,0.75,,[],,v2.0,NO_CONFLICT,2025-09-02T10:24:10.499341,JSON refined and scored by AI.
8748398786eed726,"{""calculation_context"": {""type"": ""static_placement""}, ""components"": [{""planet"": ""Moon"", ""aspect"": null, ""sign_house"": null, ""specific_degree"": null, ""dignity"": null, ""strength"": null, ""motion"": null}], ""general_interpretation_aspects"": [""mental_anxiety"", ""emotional_turmoil"", ""difficult_mother_relationship""]}","Moon can lead to mental anxiety, emotional turmoil, and a difficult relationship with the mother.","A challenging Moon placement can lead to mental and emotional difficulties, and strained relationship with the mother.","Moon can lead to mental anxiety, emotional turmoil, and a difficult relationship with the mother.",family_lineage,mother_status_influence,6c3f154b1410de66,Gemini,AI,Page 29,CLEANED,0.75,,[],,v2.0,NO_CONFLICT,2025-09-02T10:30:47.426010,JSON refined and scored by AI.
f52593a8c348962c,"{""calculation_context"": {""type"": ""yoga"", ""yoga_name"": ""budha_aditya_yoga""}, ""components"": [{""planet_1"": ""budha"", ""planet_2"": ""surya"", ""relationship"": ""conjunction""}]}","Budha-Aditya Yoga, which indicate high intelligence and scholastic achievement.",Budha-Aditya Yoga indicates high intelligence and academic achievement.,"Budha-Aditya Yoga, which indicate high intelligence and scholastic achievement.",yogas,other_miscellaneous_yogas,6c942b06372b69cd,Gemini,AI,Page 11,CLEANED,0.9,,[],,v2.0,NO_CONFLICT,2025-09-02T10:23:37.203942,JSON refined and scored by AI.
3d9ed541e78e7150,"{""calculation_context"": {""type"": ""partner_comparison""}, ""components"": [{""both_partners"": {""dosha"": {""name"": ""Mangal Dosha"", ""present"": true}}}]}","Mangal Dosha is ""cancelled"" or balanced if both partners have it.",The negative effects of Mangal Dosha are neutralized if both partners have the dosha.,"The dosha is considered ""cancelled"" or balanced if both partners have it.",doshas,mangal_dosha,6c95fcf767db12f5,Gemini,AI,Page 28,CLEANED,0.9,,[],,v2.0,NO_CONFLICT,2025-09-02T10:30:20.255727,JSON refined and scored by AI.
980d188c8ef5b9a8,"{""calculation_context"": {""type"": ""highest_degree_planet""}, ""components"": []}","The Atmakaraka (AK): The planet with the highest degree in the chart, representing the soul's primary desire.","The Atmakaraka, the planet with the highest degree in a birth chart, represents the soul's primary desire.","In Vedic astrology, the Atmakaraka (AK) is identified as the planet holding the highest degree in the birth chart. This planet signifies the soul's deepest desire and represents the core driving force behind an individual's actions and life path.",core_self_vitality,life_path_purpose,6ca9a1c4deded45a,Gemini,AI,Page 5,CLEANED,0.9,980d188c8ef5b9a8,[],,v2.0,NO_CONFLICT,2025-09-02T10:21:16.849317,"Consolidated from 2 facts. Original IDs: ['980d188c8ef5b9a8', 'ec43f9bcb928c16e']"
4474736efaf8bb96,"{""calculation_context"": {""type"": ""dasha_bhukti""}, ""components"": [{""planet"": {""involved_in"": ""yoga"", ""strength"": ""powerful""}, ""yoga"": {""type"": null}}]}",,,"Significant growth, promotions, or the start of a new venture invariably occurs in the Dasha or Bhukti of planets forming powerful Yogas.",career_public_life,career_peak_timing,6cace969df94ed1a,Gemini,AI,Page 3,CLEANED,0.75,,[],,v2.0,NO_CONFLICT,2025-09-02T10:34:05.031979,JSON refined and scored by AI.
1d1a34117a4c851c,"{""calculation_context"": {""type"": ""static_placement""}, ""components"": [{""planet"": [{""name"": ""Jupiter"", ""nature"": ""Benefic""}, {""name"": ""Venus"", ""nature"": ""Benefic""}], ""sign"": null, ""house"": 4}]}","A strong 4th lord, benefic planets (like Jupiter or Venus) in the 4th house, and a well-placed Mars are classic combinations for owning property.",Jupiter or Venus in the 4th house indicates property ownership.,Benefic planets (like Jupiter or Venus) in the 4th house are classic combinations for owning property.,home_property_vehicles,property_acquisition,6cb6812eb87bc996,Gemini,AI,Page 19,CLEANED,0.75,,[],,v2.0,NO_CONFLICT,2025-09-02T10:26:47.407289,JSON refined and scored by AI.
2c3dfa290ffe35dc,"{""calculation_context"": {""type"": ""yoga_combination"", ""yoga_type"": ""raja_yoga"", ""minimum_yogas"": 1}, ""components"": [{""yoga"": ""raja_yoga"", ""strength"": ""strong""}]}",,Strong Raja Yogas promise significant power and influence.,"The presence of one or more strong Raja Yogas elevates the chart from ordinary to extraordinary, promising positions of significant power and influence.",yogas,raja_yogas,6d4152ab99c2ac97,Gemini,AI,Page 1,CLEANED,0.75,,[],,v2.0,NO_CONFLICT,2025-09-02T10:19:54.273430,JSON refined and scored by AI.
be06cc2838307559,"{""calculation_context"": {""type"": ""general_astrological_principle""}, ""components"": [{""type"": ""planetary_strength"", ""aspects"": [""shadbala"", ""vimsopaka_bala"", ""istha_phala"", ""kashta_phala""]}, {""type"": ""planetary_lordship"", ""aspects"": [""sign_lordship"", ""house_lordship"", ""nakshatra_lordship""]}, {""type"": ""planetary_placement"", ""aspects"": [""house"", ""sign"", ""nakshatra"", ""degree""]}, {""type"": ""result_interpretation"", ""aspects"": [""functional_relationship""]}]}","Dasha results depend on the planet's strength, lordship, and placement.","The outcomes of a dasha period are determined by the planet's strength, its lordship over houses, and its placement in the natal chart.","The results are always a function of the planet's strength, lordship, and placement in the natal chart.",timing_windows,other_dashas,6e4165817c16255c,Gemini,AI,Page 30,CLEANED,0.75,,[],,v2.0,NO_CONFLICT,2025-09-02T10:31:21.014498,JSON refined and scored by AI.
12ca5d63b74a3cb1,"{""calculation_context"": {""type"": ""moksha_obstacles""}, ""components"": [{""planet"": ""rahu"", ""significance"": ""primary_obstacle"", ""aspect"": ""worldly_attachment""}]}",,"Rahu represents worldly attachment, the main obstacle to moksha.","The primary obstacle to moksha is worldly attachment, represented by Rahu.",karma_past_life,obstacles_to_moksha,6ea52607e0d67470,Gemini,AI,Page 25,CLEANED,0.75,,[],,v2.0,NO_CONFLICT,2025-09-02T10:57:00.657532,JSON refined and scored by AI.
2a1fa830c7b52a15,"{""calculation_context"": {""type"": ""static_placement""}, ""components"": [{""planet"": ""Mars"", ""strength"": ""strong""}, {""planet"": ""Mars"", ""influence"": [{""house"": 3, ""nature"": ""positive""}, {""house"": 10, ""nature"": ""positive""}]}]}","The strength of Mars provides the executive ability and courage needed for military, defense, or management roles, especially when influencing the 3rd (courage) or 10th house.","A strong Mars provides executive ability and courage for military, defense, or management roles, particularly when influencing the 3rd (courage) or 10th house.","The strength of Mars provides the executive ability and courage needed for military, defense, or management roles, especially when influencing the 3rd (courage) or 10th house.",career_public_life,military_defense_security,6efe38484e38be8c,Gemini,AI,Page 1,CLEANED,0.75,,[],,v2.0,NO_CONFLICT,2025-09-02T10:33:24.389045,JSON refined and scored by AI.
8d67d51f651da2f6,"{""calculation_context"": {""type"": ""static_placement""}, ""components"": [{""planet"": ""Sun"", ""sign_house_interpretation"": {""interpretation_type"": ""karmic_health"", ""lineage"": ""paternal""}}, {""planet"": ""Moon"", ""sign_house_interpretation"": {""interpretation_type"": ""karmic_health"", ""lineage"": ""maternal""}}]}","The condition of the Sun and Moon reveals the karmic health of your paternal and maternal lineages, respectively.","The Sun's condition reflects paternal lineage karma, while the Moon's condition reflects maternal lineage karma.","The condition of the Sun and Moon reveals the karmic health of your paternal and maternal lineages, respectively.",family_lineage,"ancestral_heritage,father_status_influence,mother_status_influence",6f2885ca5be4ff5e,Gemini,AI,Page 26,CLEANED,0.75,,[],,v2.0,NO_CONFLICT,2025-09-02T10:29:36.834662,JSON refined and scored by AI.
296833fe8175e599,"{""calculation_context"": {""type"": ""dasha_system"", ""sub_type"": ""vimshottari_dasha""}, ""components"": [{""type"": ""mahadasha"", ""description"": ""Major planetary period"", ""duration"": {""min"": 6, ""max"": 20, ""unit"": ""years""}}, {""type"": ""antardasha"", ""alternative_name"": ""bhukti"", ""description"": ""Sub-period within a Mahadasha"", ""duration"": {""relative_to"": ""mahadasha"", ""comparison"": ""less_than""}}]}","Mahadashas are major periods lasting 6-20 years, with shorter sub-periods called Antardashas or Bhuktis within them.","Life events are timed according to planetary periods known as Mahadashas (lasting 6 to 20 years), which are further divided into shorter sub-periods called Antardashas or Bhuktis.","Life unfolds in planetary chapters called Mahadashas (major periods), which can last from 6 to 20 years. Within each Mahadasha are shorter Antardashas or Bhuktis (sub-periods).",timing_windows,other_dashas,6f420d164cf5ce2b,Gemini,AI,Page 30,CLEANED,0.75,,[],,v2.0,NO_CONFLICT,2025-09-02T10:59:24.708002,JSON refined and scored by AI.
6264adea630b3d03,"{""calculation_context"": {""type"": ""strength_and_influence"", ""target"": ""lagna"", ""strength_type"": ""bala""}, ""components"": [{""house"": ""1"", ""strength"": ""strong""}]}",,A powerful Lagna gives a magnetic and noticeable presence.,A powerful Lagna ensures that the person has a magnetic and noticeable presence that commands attention.,core_self_vitality,confidence_charisma,6f4d3d085e92bb97,Gemini,AI,Page 8,CLEANED,0.75,,[],,v2.0,NO_CONFLICT,2025-09-02T10:35:55.234893,JSON refined and scored by AI.
dcb56380a5524531,"{""calculation_context"": {""type"": ""static_placement""}, ""components"": [{""planet"": null, ""sign"": null, ""house"": 6}], ""interpretation_context"": {""domain"": ""houses"", ""aspects"": []}}",,"The 6th house governs competitors, adversaries, and legal battles.","The 6th House governs competitors, adversaries, and legal battles.",relationships,disputes_conflicts,6f6aba7337f4e6b0,Gemini,AI,Page 8,CLEANED,0.9,,[],,v2.0,NO_CONFLICT,2025-09-02T10:22:15.769979,JSON refined and scored by AI.
fd65b069cda6a35d,"{""calculation_context"": {""type"": ""static_placement""}, ""components"": [{""aspect"": ""affliction"", ""planets"": [""mars""], ""target_planets"": [""lagna""], ""target_houses"": [1, 8]}, {""aspect"": ""affliction"", ""planets"": [""rahu""], ""target_planets"": [""lagna""], ""target_houses"": [1, 8]}]}","The potential for accidents and injuries is primarily seen through afflictions from Mars (cuts, burns, surgery) and Rahu (sudden events) to the Lagna or the 8th house.","Accidents and injuries are indicated by afflictions from Mars (cuts, burns, surgery) and Rahu (sudden events) to the Ascendant or the 8th house.","The potential for accidents and injuries is primarily seen through afflictions from Mars (cuts, burns, surgery) and Rahu (sudden events) to the Lagna or the 8th house.",health_risks_longevity,accidents_injuries,6fc449a1d6d09403,Gemini,AI,Page 21,CLEANED,0.9,,[],,v2.0,NO_CONFLICT,2025-09-02T10:41:19.961308,JSON refined and scored by AI.
4f04c32e577d4e77,"{""calculation_context"": {""type"": ""static_placement""}, ""components"": [{""planet"": null, ""house"": null, ""lord"": ""5th"", ""dignity"": ""strong"", ""strength"": ""strong""}, {""planet"": ""Jupiter"", ""house"": null, ""lord"": null, ""dignity"": ""strong"", ""strength"": ""strong""}]}",The success and well-being of the children are also seen from the strength of the 5th lord and Jupiter,Children's success and well-being are seen from the strength of the 5th lord and Jupiter.,The success and well-being of the children are also seen from the strength of the 5th lord and Jupiter.,family_lineage,child_success,6fd108a0a0840cfd,Gemini,AI,Page 17,CLEANED,0.75,,[],,v2.0,NO_CONFLICT,2025-09-02T10:39:36.260453,JSON refined and scored by AI.
b0653a9218931204,"{""calculation_context"": {""type"": ""aspect_conjunction_check""}, ""components"": [{""planet1"": [""Rahu"", ""Ketu""], ""aspect_conjunction"": [""conjunction"", ""aspect""], ""planet2"": ""Sun""}, {""planet1"": [""Rahu"", ""Ketu""], ""aspect_conjunction"": [""conjunction"", ""aspect""], ""planet2"": ""9th House Lord""}, {""planet1"": [""Rahu"", ""Ketu""], ""aspect_conjunction"": [""conjunction"", ""aspect""], ""sign_house"": ""9th House""}]}","This is a specific affliction, most commonly caused by Rahu or Ketu conjoining or aspecting the Sun and the 9th house or its lord.",Rahu or Ketu afflicting the Sun and the 9th house/lord causes Pitru Dosha.,Pitru Dosha is most commonly caused by Rahu or Ketu conjoining or aspecting the Sun and the 9th house or its lord.,karma_past_life,"family_lineage_debts,pitru_dosha,rahu_ketu_affliction",7015d316a0c0802a,Gemini,AI,Page 26,CLEANED,0.9,,[],,v2.0,NO_CONFLICT,2025-09-02T10:29:36.833650,JSON refined and scored by AI.
eafcadb89c707c41,"{""calculation_context"": {""type"": ""static_placement""}, ""components"": [{""planet"": ""Saturn"", ""aspect"": {""planets"": [], ""angle"": null}, ""sign_aspect"": {""signs"": [], ""angle"": null}, ""house_aspect"": {""houses"": [], ""angle"": null}}], ""semantic_meaning"": ""long-standing disputes""}",,Saturn indicates long-standing disputes.,Saturn for long-standing disputes.,relationships,disputes_conflicts,70fbed818408f181,Gemini,AI,Page 8,CLEANED,0.75,,[],,v2.0,NO_CONFLICT,2025-09-02T10:22:15.769979,JSON refined and scored by AI.
2d82d392ac5ab194,"{""calculation_context"": {""type"": ""dosha_check"", ""dosha_type"": ""pitru_dosha""}, ""components"": [{""dosha_name"": ""pitru_dosha"", ""strength"": ""significant""}]}",A significant family lineage debt is indicated by Pitru Dosha.,Pitru Dosha indicates significant ancestral karmic debt.,A significant family lineage debt is indicated by Pitru Dosha.,karma_past_life,"family_lineage_debts,pitru_dosha",717490002414a31a,Gemini,AI,Page 26,CLEANED,0.75,,[],,v2.0,NO_CONFLICT,2025-09-02T10:57:39.627964,JSON refined and scored by AI.
9068cd933c91d02e,"{""calculation_context"": {""type"": ""static_placement""}, ""components"": [{""type"": ""house_cusp"", ""index"": 10, ""sign"": [{""sign"": ""Aries""}, {""sign"": ""Leo""}, {""sign"": ""Sagittarius""}]}]}","Fiery Signs (Aries, Leo, Sagittarius): Indicate dynamic, enterprising fields like entrepreneurship, sports, or leadership roles.","10th house in a fiery sign indicates dynamic careers such as entrepreneurship, sports, or leadership.","Fiery signs (Aries, Leo, Sagittarius) on the 10th house cusp suggest dynamic careers like entrepreneurship, sports, or leadership.",career_public_life,other_career_related,721c76f991c0659a,Gemini,AI,Page 2,CLEANED,0.75,,[],,v2.0,NO_CONFLICT,2025-09-02T10:33:43.669108,JSON refined and scored by AI.
5ddf67872b71af6f,"{""calculation_context"": {""type"": ""house_placement""}, ""components"": [{""house"": 10, ""sign_lordship"": false, ""planet_group"": [], ""planet"": [], ""aspect"": [], ""conjunction"": [], ""nak\u1e63atra"": [], ""yoga"": [], ""house_group"": [], ""sign"": [], ""degree"": [], ""dignity"": [], ""retrograde"": [], ""relative_placement"": [], ""varga"": [], ""dasha"": [], ""transit"": []}]}",This is the underlying operating system of your career.,Karma and past life experiences significantly influence career trajectory.,This is the underlying operating system of your career.,karma_past_life,other_karma_related,72243983de1d3f2e,Gemini,AI,Page 33,CLEANED,0.75,,[],,v2.0,NO_CONFLICT,2025-09-02T10:46:50.789282,JSON refined and scored by AI.
419d4b0d05052c4f,"{""calculation_context"": {""type"": ""dasha_system"", ""sub_type"": ""jaimini"", ""sign_based"": true}, ""components"": [{""type"": ""chara_dasha""}]}",Jaimini Chara Dasha is sign-based.,Jaimini Chara Dasha is calculated based on the signs of the zodiac.,Jaimini Chara Dasha (sign-based),timing_windows,chara_dasha,727588758830c0ae,Gemini,AI,Page 30,CLEANED,0.9,,[],,v2.0,NO_CONFLICT,2025-09-02T10:59:24.708002,JSON refined and scored by AI.
0860ffe203012cc1,"{""calculation_context"": {""type"": ""relationship_context""}, ""components"": [{""planet"": ""lord_10"", ""house"": null, ""relationship"": [{""with"": ""lord_2"", ""aspect"": null, ""conjunction"": null, ""yoga"": null, ""house_interrelationship"": null}, {""with"": ""lord_11"", ""aspect"": null, ""conjunction"": null, ""yoga"": null, ""house_interrelationship"": null}]}]}",,,Income from profession is determined by the relationship between the 10th lord (action) and the 2nd/11th lords (wealth/gains).,career_public_life,income_from_profession,72f432008e2fb34e,Gemini,AI,Page 3,CLEANED,0.75,,[],,v2.0,NO_CONFLICT,2025-09-02T10:34:05.031979,JSON refined and scored by AI.
600f5d5479627c02,"{""calculation_context"": {""type"": ""yoga_check"", ""yoga_name"": ""Gajakesari Yoga""}, ""components"": [{""planet1"": ""Jupiter"", ""planet2"": ""Moon"", ""relationship"": [{""type"": ""aspect"", ""aspect_degrees"": [0, 60, 120, 180]}, {""type"": ""conjunction""}]}]}","It blesses the native with intelligence, fame, wealth, and a noble character.","Gajakesari Yoga grants intelligence, fame, wealth, and noble character.","Gajakesari Yoga blesses the native with intelligence, fame, wealth, and a noble character.",yogas,gajakesari_yoga,737dcb135eeb5ea0,Gemini,AI,Page 26,CLEANED,0.9,,[],,v2.0,NO_CONFLICT,2025-09-02T10:29:36.834662,JSON refined and scored by AI.
c56c4c927df06983,"{""calculation_context"": {""type"": ""static_placement"", ""target"": ""nakshatra""}, ""components"": [{""type"": ""planet"", ""name"": ""Moon""}]}",,,The Moon's Nakshatra provides a highly detailed psychological profile.,core_self_vitality,other_identity_personality,73d31af593b86d4b,Gemini,AI,Page 4,CLEANED,0.75,,[],,v2.0,NO_CONFLICT,2025-09-02T10:20:52.860140,JSON refined and scored by AI.
c2daa25421fadc66,"{""calculation_context"": {""type"": ""yoga_presence"", ""yoga_name"": ""Chandra Guru Yoga"", ""alternative_yoga_name"": ""Gajakesari Yoga""}, ""components"": [{""type"": ""planetary_relationship"", ""planets"": [""Moon"", ""Jupiter""], ""relationship"": ""conjunction_or_aspect""}]}","Chandra Guru Yoga (Gajakesari): While it gives worldly success, this yoga is also a powerful knowledge yoga, granting wisdom, high morals, and a clear, benevolent mind.","Chandra Guru Yoga (Gajakesari) contributes to both material success and intellectual/spiritual growth, bestowing wisdom, ethical conduct, and a clear, compassionate mindset.","Chandra Guru Yoga (Gajakesari): While it gives worldly success, this yoga is also a powerful knowledge yoga, granting wisdom, high morals, and a clear, benevolent mind.",yogas,"chandra_guru_yoga,gajakesari_yoga",73de748a81339e29,Gemini,AI,Page 27,CLEANED,0.9,,[],,v2.0,NO_CONFLICT,2025-09-02T10:29:56.716151,JSON refined and scored by AI.
6f76e38ff61c8cd7,"{""calculation_context"": {""type"": ""dignity_strength"", ""target"": ""planet"", ""strength_type"": ""shadbala""}, ""components"": [{""planet"": {""planet_role"": ""lagna_lord""}}]}",Strength of the Lagna Lord and the Moon: As indicators of personal resilience.,A strong Lagna lord signifies personal resilience.,The strength of the Lagna Lord indicates personal resilience.,core_self_vitality,resilience_adaptability,73ff7429d05b44a5,Gemini,AI,Page 5,CLEANED,0.75,,[],,v2.0,NO_CONFLICT,2025-09-02T10:21:16.849317,JSON refined and scored by AI.
aec84be47ec35d02,"{""calculation_context"": {""type"": ""static_placement""}, ""components"": [{""planet"": ""venus"", ""sign"": null, ""house"": null, ""influence_type"": ""rulership"", ""aspect"": null, ""conjunction"": null, ""strength"": null, ""dignity"": null, ""movement"": null}], ""domain"": ""talent"", ""talent_type"": ""artistic""}","Your unique skills and creative talents are revealed through the 3rd and 5th houses of your chart. The 3rd house governs practiced abilities like writing and manual arts, while the 5th house is the wellspring of your innate creativity and expressive power. The specific nature of your talent is colored by key planets—Venus for artistic pursuits, Mercury for intellectual skills, and Rahu for a gift of innovation.",Venus influences artistic pursuits.,The specific nature of your talent is colored by key planets—Venus for artistic pursuits,learning_education_creativity,arts_performance,7444a4addf3e7afb,Gemini,AI,Page 13,CLEANED,0.75,,[],,v2.0,NO_CONFLICT,2025-09-02T10:24:35.699149,JSON refined and scored by AI.
c2b45fb148becba0,"{""calculation_context"": {""type"": ""divisional_chart_placement""}, ""components"": [{""divisional_chart"": ""D9"", ""house"": 7, ""strength"": ""strong"", ""affliction"": ""unafflicted""}, {""divisional_chart"": ""D9"", ""planet"": ""Venus""}], ""relationship"": {""type"": ""positive"", ""nature"": ""soul_level_connection""}}",,,"A strong, unafflicted 7th house and Venus in the D-9 can overcome challenges seen in the main chart, signifying a relationship with a strong soul-level connection.",relationships,marriage_spouse,748f376bf22e2e3b,Gemini,AI,Page 6,CLEANED,0.75,,[],,v2.0,NO_CONFLICT,2025-09-02T10:35:17.318361,JSON refined and scored by AI.
3f89a6db57d91c86,"{""calculation_context"": {""type"": ""static_placement""}, ""components"": [{""planet"": ""mercury"", ""sign"": null, ""house"": null, ""influence"": [""intellectual_skills""]}]}","Your unique skills and creative talents are revealed through the 3rd and 5th houses of your chart. The 3rd house governs practiced abilities like writing and manual arts, while the 5th house is the wellspring of your innate creativity and expressive power. The specific nature of your talent is colored by key planets—Venus for artistic pursuits, Mercury for intellectual skills, and Rahu for a gift of innovation.",Mercury influences intellectual skills.,Mercury for intellectual skills,learning_education_creativity,intellectual_skills,74976b1244728810,Gemini,AI,Page 13,CLEANED,0.75,,[],,v2.0,NO_CONFLICT,2025-09-02T10:24:35.699149,JSON refined and scored by AI.
d4ec68411726c0be,"{""calculation_context"": {""type"": ""static_placement""}, ""components"": [{""planet"": {""is_lord_of"": 9}, ""sign"": null, ""house"": null, ""relationship"": [{""with"": {""house"": 12}, ""aspect"": {""type"": ""any_connection""}}, {""with"": {""planet"": ""Rahu""}, ""aspect"": {""type"": ""any_connection""}}]}]}",A strong connection between the 9th Lord and the 12th House (foreign lands) or the planet Rahu is a classic combination for foreign education.,A strong connection between the 9th lord and the 12th house or Rahu indicates foreign education.,A strong connection between the 9th Lord and the 12th House (foreign lands) or the planet Rahu is a classic combination for foreign education.,learning_education_creativity,foreign_education,74b8e68dbd2919e8,Gemini,AI,Page 14,CLEANED,0.9,,[],,v2.0,NO_CONFLICT,2025-09-02T10:38:24.929522,JSON refined and scored by AI.
bd0f2a0fc934ae7f,"{""calculation_context"": {""type"": ""static_placement""}, ""components"": [{""planet"": ""sun"", ""significator_type"": ""pitru_karaka""}, {""house"": ""9"", ""signification"": [""father"", ""guru""]}]}","Paternal Influence: The 9th House (father, guru) and the Sun (Surya) as the Pitru Karaka (significator of father).",The 9th house and the Sun represent paternal influence.,"Paternal Influence: The 9th House (father, guru) and the Sun (Surya) as the Pitru Karaka (significator of father).",family_lineage,father_status_influence,752a027ab1b28f49,Gemini,AI,Page 16,CLEANED,0.75,,[],,v2.0,NO_CONFLICT,2025-09-02T10:39:10.083015,JSON refined and scored by AI.
45dc1a0c4d63d28c,"{""calculation_context"": {""type"": ""influence"", ""domain"": ""general_significator""}, ""components"": [{""planet"": ""mercury"", ""influence_type"": [""dexterity"", ""intellect""], ""domain_of_influence"": [""writing"", ""communication"", ""intricate_crafts""]}]}","Mercury provides the dexterity and intellect for writing, communication, and intricate crafts.","Mercury governs dexterity, intellect, writing skills, communication, and intricate crafts.","Mercury provides dexterity and intellect for writing, communication, and intricate crafts.",learning_education_creativity,"writing_expression,practical_skills",7543b0a1e616607f,Gemini,AI,Page 12,CLEANED,0.75,,[],,v2.0,NO_CONFLICT,2025-09-02T10:24:10.499341,JSON refined and scored by AI.
865a4f92075b573a,"{""calculation_context"": {""type"": ""static_placement_and_strength""}, ""components"": [{""planet"": ""Lagna Lord"", ""strength"": {""shadbala"": true, ""vimsopaka_bala"": true, ""istha_phala"": true, ""kashta_phala"": true}, ""placement"": {""house"": true, ""sign"": true, ""nakshatra"": true, ""dignity"": true}}]}",The Ascendant Lord's (Lagna Lord) strength and placement are important for prominence and governance.,The strength and placement of the Ascendant Lord are significant factors for prominence and governance.,The Ascendant Lord's (Lagna Lord) strength and placement are important for prominence and governance.,career_public_life,authority_leadership,75694179f887685e,Gemini,AI,Page 1,CLEANED,0.75,,[],,v2.0,NO_CONFLICT,2025-09-02T10:33:24.389045,JSON refined and scored by AI.
98c63fb2a425104a,"{""calculation_context"": {""type"": ""lifespan_analysis""}, ""components"": [{""type"": ""general_lifespan_overview""}, {""type"": ""periods_of_risk"", ""details"": {""description"": ""Identification of periods or patterns with elevated risk within the lifespan""}}]}",This area provides a broad overview of lifespan potential and highlights periods or patterns that may carry a higher degree of risk.,"Lifespan potential is assessed, along with periods of higher risk.",This area provides a broad overview of lifespan potential and highlights periods or patterns that may carry a higher degree of risk.,health_risks_longevity,"lifespan_overview,risk_periods",75ac65b295c45011,Gemini,AI,Page 22,CLEANED,0.6,,[],,v2.0,NO_CONFLICT,2025-09-02T10:27:45.920723,JSON refined and scored by AI.
9f0141a5e5e3d17c,"{""calculation_context"": {""type"": ""static_placement""}, ""components"": [{""planet"": null, ""sign"": null, ""house"": 7}]}","Partnerships & Collaborations: The 7th House, which rules all one-on-one formal agreements.","A stable marriage provides emotional security, supporting ambitious goals. The 7th house rules partnerships and contracts.","A stable and supportive marriage can serve as a strong emotional foundation for pursuing ambitious goals and aspirations. The 7th house, traditionally associated with marriage, also governs business partnerships, collaborations, and contractual agreements, suggesting that these areas of life may be intertwined and mutually beneficial.",relationships,"love_relationships,marriage_spouse,partnerships_collaborations",75b0b4fb63bc77b0,Gemini,AI,Page 7; Page 32; Page 6,CLEANED,0.9,9f0141a5e5e3d17c,[],,v2.0,NO_CONFLICT,2025-09-02T10:21:50.343130,"Consolidated from 4 facts. Original IDs: ['9f0141a5e5e3d17c', 'ebfbe5c42f288c6a', '7831cdfca6ca4beb', '1730d7fed4e1a90a']"
1573404018b938a0,"{""calculation_context"": {""type"": ""static_placement""}, ""components"": [{""operator"": ""or"", ""operands"": [{""house"": 9, ""strength"": ""powerful""}, {""planet"": {""is_lord_of"": 1}, ""house"": 9}]}]}","A powerful 9th house, or the Lagna lord's placement there, indicates a life with significant long journeys.",A strong 9th house or the Lagna lord in the 9th house indicates significant long journeys.,"A powerful 9th house, or the Lagna lord's placement there, indicates a life with significant long journeys.",travel_dharma_spirituality,long_travel_foreign,764e24977029b240,Gemini,AI,Page 23,CLEANED,0.75,,[],,v2.0,NO_CONFLICT,2025-09-02T10:42:04.545684,JSON refined and scored by AI.
d6571a6893a83f61,"{""calculation_context"": {""type"": ""static_placement""}, ""components"": [{""planet"": ""lord_3"", ""sign"": ""movable"", ""house"": null, ""strength"": ""strong""}, {""house"": 3, ""strength"": ""strong""}], ""logic"": ""or""}","A strong 3rd house or its lord, especially in a Movable sign, indicates frequent trips, commutes, and local exploration.","A strong 3rd house lord placed in a Movable sign suggests frequent short trips, commutes, and local exploration.","A strong 3rd house or its lord, especially in a Movable sign, indicates frequent trips, commutes, and local exploration.",travel_dharma_spirituality,short_travel_local,76656562a93430f4,Gemini,AI,Page 23,CLEANED,0.75,,[],,v2.0,NO_CONFLICT,2025-09-02T10:56:21.979907,JSON refined and scored by AI.
7dca8ca6683234b1,"{""calculation_context"": {""type"": ""panchang""}, ""components"": [{""favorable_panchang"": true, ""comment"": ""This represents a favorable combination of tithi, vara, nakshatra, yoga, and karana.  The specific combinations are not defined within the provided text.""}]}","By starting an endeavor (like a marriage, business, or journey) during a favorable Panchang window, one aligns the action with supportive celestial energies, enhancing the probability of success.","Initiating an activity (such as marriage, business, or travel) during an auspicious Panchang period aligns the action with beneficial celestial energies, increasing the likelihood of success.","By starting an endeavor (like a marriage, business, or journey) during a favorable Panchang window, one aligns the action with supportive celestial energies, enhancing the probability of success.",timing_windows,tithi_yoga_karana,76fa69327425ac21,Gemini,AI,Page 31,CLEANED,0.75,,[],,v2.0,NO_CONFLICT,2025-09-02T10:59:58.717822,JSON refined and scored by AI.
0b0595468064611d,"{""calculation_context"": {""type"": ""interpretation""}, ""components"": [{""planet"": ""Jupiter"", ""nature"": ""beneficial"", ""domain"": [""wisdom"", ""synthesis"", ""expansion"", ""learning""]}]}","Academic success hinges on the strength of the two key planets: Mercury, which provides the intellectual acuity and learning ability, and Jupiter, which bestows the wisdom to synthesize and expand upon that learning.","Strong Jupiter bestows wisdom and the ability to synthesize and expand learning, contributing to academic success.","and Jupiter, which bestows the wisdom to synthesize and expand upon that learning.",learning_education_creativity,"intellectual_skills,research_academic_success",780c31ed11f9bfcc,Gemini,AI,Page 14,CLEANED,0.75,,[],,v2.0,NO_CONFLICT,2025-09-02T10:52:51.930853,JSON refined and scored by AI.
d7dfb8071815dee1,"{""calculation_context"": {""type"": ""strength"", ""target"": ""planet"", ""strength_type"": ""shadbala""}, ""components"": [{""type"": ""planet"", ""name"": ""jupiter""}]}","Jupiter, the natural guide, reinforces this; its strength indicates how much wisdom, faith, and optimism the person can draw upon.","Jupiter's strength reflects the amount of wisdom, faith, and optimism a person possesses.","The strength of Jupiter indicates how much wisdom, faith, and optimism a person can draw upon.",core_self_vitality,"spiritual_self_alignment,life_path_purpose",7812dff67752b8d3,Gemini,AI,Page 5,CLEANED,0.75,,[],,v2.0,NO_CONFLICT,2025-09-02T10:34:55.102878,JSON refined and scored by AI.
8e8beab6d0269685,"{""calculation_context"": {""type"": ""static_placement""}, ""components"": [{""planet"": null, ""sign"": null, ""house"": 9, ""influence"": [{""aspect"": null, ""dignity"": null, ""strength"": null, ""movement"": null}]}], ""interpretation_context"": {""domain"": ""education"", ""sub_domain"": ""higher_education"", ""keywords"": [""university_degree"", ""PhD"", ""research""]}}","Finally, the 9th House rules the highest levels of academia—university degrees, Ph.D. programs, and research.","The 9th house signifies higher education pursuits such as university degrees, doctoral programs, and research work.","The 9th house rules the highest levels of academia, including university degrees, Ph.D. programs, and research.",learning_education_creativity,higher_education,7825916f716a82ba,Gemini,AI,Page 12,CLEANED,0.75,,[],,v2.0,NO_CONFLICT,2025-09-02T10:24:10.499341,JSON refined and scored by AI.
b04ab2871b03fb4f,"{""calculation_context"": {""type"": ""static_placement""}, ""components"": [{""planet"": null, ""sign"": null, ""house"": 4, ""lordship_strength"": ""strong""}, {""planet"": ""jupiter"", ""sign"": null, ""house"": 4, ""nature"": ""benefic""}, {""planet"": ""venus"", ""sign"": null, ""house"": 4, ""nature"": ""benefic""}, {""planet"": ""mars"", ""sign"": null, ""house"": null, ""placement_strength"": ""strong""}]}",The quality and size of the residence are determined by the strength of these factors.,"The strength of the 4th lord, Jupiter/Venus in the 4th, and Mars' placement determine the quality and size of the residence.","The quality and size of the residence are determined by the strength of these factors (strong 4th lord, benefic planets in the 4th, well-placed Mars).",home_property_vehicles,property_acquisition,78b82783769eb272,Gemini,AI,Page 19,CLEANED,0.75,,[],,v2.0,NO_CONFLICT,2025-09-02T10:40:43.297256,JSON refined and scored by AI.
da01b9da57616f84,"{""calculation_context"": {""type"": ""static_placement""}, ""components"": [{""planet"": {""type"": ""derived"", ""method"": ""house_lordship"", ""house"": 10}, ""house"": 9, ""relationship"": {""type"": ""placement"", ""aspect"": null}}]}",,,Foreign career and relocation are strongly indicated by a connection between the 10th lord and the 9th house (long journeys).,career_public_life,foreign_career_relocation,78c0b52bc4e22be4,Gemini,AI,Page 3,CLEANED,0.9,,[],,v2.0,NO_CONFLICT,2025-09-02T10:47:58.913394,JSON refined and scored by AI.
9932f91b3f44374a,"{""calculation_context"": {""type"": ""dynamic_placement""}, ""components"": [{""type"": ""planet_sign_house_aspect_conjunction"", ""planet"": {""type"": ""lord"", ""house"": 10}}]}","The 10th Lord: Its nature, house placement, and planetary conjunctions/aspects.","The 10th lord's characteristics, house placement, and planetary relationships influence career.","The nature, placement, and aspects/conjunctions of the 10th lord are important for career.",career_public_life,other_career_related,79411ab152bf0474,Gemini,AI,Page 2,CLEANED,0.75,,[],,v2.0,NO_CONFLICT,2025-09-02T10:33:43.669108,JSON refined and scored by AI.
3fef2526148373df,"{""calculation_context"": {""type"": ""static_placement""}, ""components"": [{""type"": ""planet"", ""name"": ""Moon"", ""properties"": [{""type"": ""sign"", ""calculation_type"": ""rasi""}, {""type"": ""lunar_mansion"", ""calculation_type"": ""nakshatra""}, {""type"": ""phase"", ""calculation_type"": ""moon_phase""}]}]}",,,"The Moon (Chandra): Its sign (Rasi), Nakshatra (lunar mansion), and phase (waxing or waning).",core_self_vitality,other_identity_personality,795ee75f3472725f,Gemini,AI,Page 4,CLEANED,0.75,,[],,v2.0,NO_CONFLICT,2025-09-02T10:20:52.860140,JSON refined and scored by AI.
c27de707a7291b87,"{""calculation_context"": {""type"": ""static_placement""}, ""components"": [{""house"": ""12th"", ""interpretation"": ""foreign connections/isolation""}, {""house"": ""3rd"", ""interpretation"": ""communication""}, {""planet"": ""mercury"", ""relationship"": ""influencing"", ""interpretation"": ""technology""}, {""planet"": ""rahu"", ""relationship"": ""influencing"", ""interpretation"": ""technology""}]}",,,"The modern dynamic of remote work with global teams can be seen through a combination of the 12th house (foreign connections/isolation), 3rd house (communication), and the influence of Mercury and Rahu (technology).",career_public_life,remote_work_global_teams,799981e45b820e13,Gemini,AI,Page 3,CLEANED,0.75,,[],,v2.0,NO_CONFLICT,2025-09-02T10:34:05.031979,JSON refined and scored by AI.
87d62dbe46b27c68,"{""calculation_context"": {""type"": ""yoga_presence"", ""yoga_type"": ""dhana_yoga""}, ""components"": []}","Your chart may contain powerful combinations called 'Yogas' that indicate a high potential for success. Raja Yogas promise status and leadership, Dhana Yogas indicate wealth",Dhana Yogas signify potential for financial prosperity.,Dhana Yogas indicate wealth,yogas,dhana_yogas,79d22fe244eccdc6,Gemini,AI,Page 27,CLEANED,0.75,,[],,v2.0,NO_CONFLICT,2025-09-02T10:29:56.716151,JSON refined and scored by AI.
985ea0d01d10a5b3,"{""calculation_context"": {""type"": ""general_interpretation""}, ""components"": [{""type"": ""concept"", ""concept"": ""core_self_vitality"", ""description"": ""Represents an individual's inner strength, resilience, and overall life force.""}, {""type"": ""concept"", ""concept"": ""career_success"", ""description"": ""Achievement and fulfillment in one's professional life.""}, {""type"": ""relationship"", ""relationship_type"": ""crucial_for"", ""from"": ""core_self_vitality"", ""to"": ""career_success""}]}",Core Self & Vitality is crucial for career success.,One's core self and vitality are essential drivers of career success.,Core Self & Vitality is crucial for career success.,core_self_vitality,other_core_self_related,79eca02f29b7311a,Gemini,AI,Page 32,CLEANED,0.6,,[],,v2.0,NO_CONFLICT,2025-09-02T10:32:26.167798,JSON refined and scored by AI.
07d826d36324c519,"{""calculation_context"": {""type"": ""static_placement""}, ""components"": [{""planet"": ""moon"", ""dignity"": ""exalted/own_sign/moolatrikona/friendly_sign"", ""strength"": ""strong"", ""afflictions"": []}, {""planet"": ""jupiter"", ""aspect_to_planet"": ""moon"", ""aspect_strength"": ""any""}]}","A bright, well-placed Moon, especially if aspected by Jupiter, grants emotional resilience, optimism, and a stable mind.","A strong Moon aspected by Jupiter promotes emotional resilience, optimism, and mental stability.","A bright, well-placed Moon, especially if aspected by Jupiter, grants emotional resilience, optimism, and a stable mind.",health_risks_longevity,"psychological_balance,emotional_resilience",7a9962ab00872a83,Gemini,AI,Page 21,CLEANED,0.75,,[],,v2.0,NO_CONFLICT,2025-09-02T10:27:25.745289,JSON refined and scored by AI.
6d794ab627705bfc,"{""calculation_context"": {""type"": ""transit"", ""comment"": ""Focuses on the transiting motion of Saturn and Jupiter.""}, ""components"": [{""planet"": ""Saturn"", ""motion"": ""slow""}, {""planet"": ""Jupiter"", ""motion"": ""slow""}]}","The slow movements of Saturn and Jupiter act as the great karmic clock, bringing periods of pressure and opportunity.","The slow transits of Saturn and Jupiter function as a karmic clock, bringing periods of pressure and opportunity.","The slow movements of Saturn and Jupiter act as the great karmic clock, bringing periods of pressure and opportunity.",timing_windows,"saturn_transits,jupiter_transits",7ab0f1601c833c56,Gemini,AI,Page 31,CLEANED,0.75,,[],,v2.0,NO_CONFLICT,2025-09-02T10:31:49.610151,JSON refined and scored by AI.
8b43a0399cfb53d2,"{""calculation_context"": {""type"": ""dignity_strength"", ""target"": ""mercury"", ""strength_type"": ""shadbala""}, ""components"": [{""planet"": ""mercury"", ""condition"": {""type"": ""comparison"", ""comparator"": "">"", ""value"": 5.0}}]}","Academic success hinges on the strength of the two key planets: Mercury, which provides the intellectual acuity and learning ability, and Jupiter, which bestows the wisdom to synthesize and expand upon that learning.","A strong Mercury enhances intellectual sharpness and learning capabilities, leading to academic achievements.","Strong Mercury provides intellectual acuity and learning ability, contributing to academic success.",learning_education_creativity,"intellectual_skills,philosophical_understanding",7af038df136d8b11,Gemini,AI,Page 12,CLEANED,0.75,,[],,v2.0,NO_CONFLICT,2025-09-02T10:24:10.499341,JSON refined and scored by AI.
505730d4f6adade6,"{""calculation_context"": {""type"": ""static_placement""}, ""components"": [{""planet"": ""Mars"", ""nature"": ""malefic"", ""house"": 4}, {""planet"": ""Saturn"", ""nature"": ""malefic"", ""house"": 4}, {""planet"": ""Rahu"", ""nature"": ""malefic"", ""house"": 4}], ""logic"": ""or""}",,"Malefic planets like Mars, Saturn, or Rahu in the 4th house can cause tension and disputes.","Malefic planets like Mars, Saturn, or Rahu can introduce tension, disputes, or a sense of coldness.",home_property_vehicles,domestic_harmony,7b38f0f17e3fbf88,Gemini,AI,Page 20,CLEANED,0.75,,[],,v2.0,NO_CONFLICT,2025-09-02T10:27:04.652815,JSON refined and scored by AI.
0cfa06adcbe2ddbe,"{""calculation_context"": {""type"": ""static_placement""}, ""components"": [{""planet"": ""Venus"", ""significance"": {""karaka"": ""vehicles""}}]}",,,Venus (Shukra) for vehicles (Vahana Karaka),home_property_vehicles,vehicle_ownership,7b5d624a448fbd6e,Gemini,AI,Page 9,CLEANED,0.75,,[],,v2.0,NO_CONFLICT,2025-09-02T10:22:47.297281,JSON refined and scored by AI.
25493e963bb6264c,"{""calculation_context"": {""type"": ""dasha_system"", ""purpose"": ""confirmation_or_special_analysis""}, ""components"": [{""type"": ""yogini_dasha""}, {""type"": ""chara_dasha"", ""subtype"": ""sign_based""}]}",Other dasha systems like Yogini and Jaimini Chara Dasha are used for confirmation or special analysis.,"Besides Vimshottari Dasha, other systems like Yogini Dasha and Jaimini Chara Dasha (sign-based) are employed for confirming predictions or conducting specialized analyses.","Other Systems: Yogini Dasha, Jaimini Chara Dasha (sign-based), etc., used for confirmation or special analysis.",timing_windows,other_dashas,7b623584324eeba5,Gemini,AI,Page 30,CLEANED,0.75,,[],,v2.0,NO_CONFLICT,2025-09-02T10:59:24.708002,JSON refined and scored by AI.
81d7821dedd9cc34,"{""calculation_context"": {""type"": ""dosha_check"", ""doshas"": [""mangal_dosha"", ""kaal_sarpa_dosha"", ""pitru_dosha"", ""grahan_dosha""]}, ""components"": [{""dosha_type"": ""mangal_dosha"", ""potential_impact"": ""marital_harmony""}, {""dosha_type"": ""kaal_sarpa_dosha"", ""potential_impact"": ""feeling_of_blocked_destiny""}, {""dosha_type"": ""pitru_dosha"", ""potential_impact"": ""ancestral_debts""}, {""dosha_type"": ""grahan_dosha"", ""potential_impact"": ""confidence_and_emotional_peace""}]}","Your chart may contain specific karmic patterns known as Doshas, which highlight areas of life requiring special attention. Mangal Dosha primarily impacts marital harmony, Kaal Sarpa Dosha can create a feeling of destiny being blocked, Pitru Dosha points to ancestral debts, and Grahan Dosha can affect your confidence or emotional peace.","Doshas are specific karmic patterns requiring attention. Mangal Dosha affects marriage, Kaal Sarpa Dosha creates feelings of blocked destiny, Pitru Dosha indicates ancestral debts, and Grahan Dosha impacts confidence and emotional peace.","Your chart may contain specific karmic patterns known as Doshas, which highlight areas of life requiring special attention. Mangal Dosha primarily impacts marital harmony, Kaal Sarpa Dosha can create a feeling of destiny being blocked, Pitru Dosha points to ancestral debts, and Grahan Dosha can affect your confidence or emotional peace. Recognizing these patterns is the first step toward consciously navigating their challenges.",doshas,"mangal_dosha,kaal_sarpa_dosha,pitru_dosha,grahan_dosha",7ba3cd42c02b1431,Gemini,AI,Page 29,CLEANED,0.75,,[],,v2.0,NO_CONFLICT,2025-09-02T10:30:47.426010,JSON refined and scored by AI.
31c9baeed2bb1995,"{""calculation_context"": {""type"": ""vimshottari_dasha_calculation"", ""parameters"": {""system"": ""vimshottari"", ""cycle_length"": 120, ""cycle_length_unit"": ""years"", ""basis"": ""birth_nakshatra""}}, ""components"": [{""type"": ""planetary_periods"", ""description"": ""Sequence of planetary periods within the Vimshottari Dasha system.""}]}",Vimshottari Dasha is the most widely used dasha system.,The Vimshottari Dasha is the most commonly used system in Vedic astrology for timing events. It's a 120-year cycle divided into planetary periods determined by the individual's birth Nakshatra.,"Vimshottari Dasha: The most widely used system, a 120-year cycle of planetary periods based on the birth Nakshatra.",timing_windows,vimshottari_dasha,7c2f5a8ece44c29d,Gemini,AI,Page 30,CLEANED,0.9,,[],,v2.0,NO_CONFLICT,2025-09-02T10:31:21.014498,JSON refined and scored by AI.
158aea770178b1e6,"{""calculation_context"": {""type"": ""yoga_check"", ""yoga_name"": ""pancha_mahapurusha_yoga""}, ""components"": [{""planet"": [""mars"", ""mercury"", ""jupiter"", ""venus"", ""saturn""], ""specific_house_position"": [{""from_ascendant"": 1, ""from_moon"": 4}], ""condition"": ""or""}]}",It creates a person of great virtue and achievement corresponding to the planet's nature.,Pancha Mahapurusha Yogas create virtuous and achieving individuals based on the planet's nature.,Pancha Mahapurusha Yogas create a person of great virtue and achievement corresponding to the planet's nature.,yogas,pancha_mahapurusha_yogas,7c72b9fc000b60be,Gemini,AI,Page 26,CLEANED,0.9,,[],,v2.0,NO_CONFLICT,2025-09-02T10:57:39.627964,JSON refined and scored by AI.
d29bcb1f4bb42be2,"{""calculation_context"": {""type"": ""house_lord_strength""}, ""components"": [{""house"": 8, ""planet"": {""relationship"": ""lord_of"", ""strength"": {""well_disposed"": true, ""shadbala_points"": {""min"": null, ""max"": null}, ""vimsopaka_bala_points"": {""min"": null, ""max"": null}, ""istha_phala_points"": {""min"": null, ""max"": null}, ""kast_phala_points"": {""min"": null, ""max"": null}, ""natural_friendship_score"": {""min"": null, ""max"": null}, ""temporary_friendship_score"": {""min"": null, ""max"": null}, ""aspects_received"": {""beneficial"": null, ""malefic"": null}, ""conjunctions"": {""beneficial"": null, ""malefic"": null}, ""dignity"": null, ""debilitation"": null, ""moolatrikona"": null, ""own_sign"": null, ""exaltation"": null, ""combustion"": false, ""retrograde"": null, ""avasta"": null}}}]}",,,A well-disposed 8th lord can bring sudden windfalls.,wealth_assets_resources,inheritance_unearned_income,7d2e7e18767b610d,Gemini,AI,Page 9,CLEANED,0.75,,[],,v2.0,NO_CONFLICT,2025-09-02T10:36:22.633128,JSON refined and scored by AI.
36988e662c627331,"{""calculation_context"": {""type"": ""static_placement""}, ""components"": [{""planet"": ""sun"", ""strength"": {""consider"": true}, ""nature"": {""consider"": true}, ""sign_lordship"": {""consider"": true}, ""house_lordship"": {""consider"": true}, ""nakashtra_lordship"": {""consider"": true}, ""aspects"": {""consider"": true}, ""conjunctions"": {""consider"": true}}, {""planet"": ""moon"", ""strength"": {""consider"": true}, ""nature"": {""consider"": true}, ""sign_lordship"": {""consider"": true}, ""house_lordship"": {""consider"": true}, ""nakashtra_lordship"": {""consider"": true}, ""aspects"": {""consider"": true}, ""conjunctions"": {""consider"": true}}, {""house"": ""9"", ""planets_in_house"": {""consider"": true}, ""house_lord"": {""consider"": true}, ""sign_of_house"": {""consider"": true}, ""aspects_to_house"": {""consider"": true}}, {""dosha"": ""pitru_dosha""}]}","Ancestral Karma: The condition of the Sun, Moon, and 9th House, and the presence of Pitru Dosha.","Ancestral karma is seen through the condition of the Sun, Moon, 9th house, and the presence of Pitru Dosha.","Ancestral Karma: The condition of the Sun, Moon, and 9th House, and the presence of Pitru Dosha.",karma_past_life,ancestral_karmas,7d328cd55491873a,Gemini,AI,Page 16,CLEANED,0.75,,[],,v2.0,NO_CONFLICT,2025-09-02T10:53:34.423313,JSON refined and scored by AI.
8a65afedbf3bf68e,"{""calculation_context"": {""type"": ""static_placement"", ""sub_type"": ""dasamsa_chart""}, ""components"": [{""type"": ""planet_position_by_sign_house"", ""planet"": ""lagna"", ""sign_house_context"": ""house"", ""target_house_number"": 1, ""varga"": ""D10""}, {""type"": ""strongest_planet_in_varga"", ""varga"": ""D10"", ""strength_calculation_method"": ""shadbhala"", ""consider_retrograde"": true, ""consider_combust"": true}]}",The Dasamsa Chart (D-10): The Lagna of the D-10 and the strongest planet in it provide the most definitive clues.,The D-10 chart's ascendant and strongest planet provide crucial career insights.,The D-10 Lagna and its strongest planet offer the clearest career indicators.,career_public_life,other_career_related,7d3b62786dea0622,Gemini,AI,Page 2,CLEANED,0.75,,[],,v2.0,NO_CONFLICT,2025-09-02T10:20:14.037622,JSON refined and scored by AI.
1d6f140417d086c4,"{""calculation_context"": {""type"": ""static_placement""}, ""components"": [{""planet"": null, ""house"": 4, ""sign"": [""Aries"", ""Cancer"", ""Libra"", ""Capricorn""], ""sign_group"": [""movable""]}]}","Relocation and changes in residence are indicated by the 4th house falling in a Movable sign (Aries, Cancer, Libra, Capricorn) or by the influence of mobile planets like the Moon or Rahu on the 4th house or its lord.","The 4th house in a movable sign (Aries, Cancer, Libra, Capricorn) indicates relocation and changes of residence.","Relocation and changes in residence are indicated by the 4th house falling in a Movable sign (Aries, Cancer, Libra, Capricorn).",home_property_vehicles,relocation_residence_changes,7d994a94d85c3cb6,Gemini,AI,Page 19,CLEANED,0.9,,[],,v2.0,NO_CONFLICT,2025-09-02T10:26:47.407289,JSON refined and scored by AI.
65eb4fdf4e3a896c,"{""calculation_context"": {""type"": ""static_placement""}, ""components"": [{""type"": ""house"", ""index"": 10}, {""type"": ""planet"", ""planet"": null, ""house"": 10}]}",The 10th House: The sign on its cusp and planets located within it.,"The 10th house, its cusp, and its planetary occupants are key indicators of career.",The 10th house cusp and the planets within it are foundational for career analysis.,career_public_life,other_career_related,7da75651ce3b6150,Gemini,AI,Page 2,CLEANED,0.75,,[],,v2.0,NO_CONFLICT,2025-09-02T10:33:43.669108,JSON refinement AI call failed; using original raw JSON.
d5e344b806a98013,"{""calculation_context"": {""type"": ""static_placement""}, ""components"": [{""planet"": ""Rahu"", ""house"": ""occupied"", ""influence"": [{""target"": ""house"", ""relationship"": ""occupies""}, {""target"": ""house"", ""relationship"": ""aspects""}]}, {""planet"": ""Ketu"", ""house"": ""occupied"", ""influence"": [{""target"": ""house"", ""relationship"": ""occupies""}, {""target"": ""house"", ""relationship"": ""aspects""}]}]}",Rahu-Ketu Affliction: The influence of the nodal axis on the houses they occupy and aspect.,Rahu and Ketu afflict the houses they occupy and aspect.,The influence of the nodal axis on the houses they occupy and aspect.,doshas,rahu_ketu_affliction,7db3439bb3da046b,Gemini,AI,Page 29,CLEANED,0.75,,[],,v2.0,NO_CONFLICT,2025-09-02T10:44:49.297269,JSON refined and scored by AI.
2d969c2c6e0cd643,"{""calculation_context"": {""type"": ""house_significance"", ""house_number"": 10}, ""components"": [{""planet"": null, ""sign"": null, ""house"": 10}]}","Career & Public Life analysis focuses on the 10th house, status, income, and dynamics.","Career analysis centers around the 10th house, encompassing professional status, income, and overall career dynamics.","Career & Public Life analysis focuses on the 10th house, status, income, and dynamics.",career_public_life,other_career_related,7e4b3b0ff0b60644,Gemini,AI,Page 32,CLEANED,0.9,,[],,v2.0,NO_CONFLICT,2025-09-02T10:32:26.167798,JSON refined and scored by AI.
5f5938fd0016aa41,"{""calculation_context"": {""type"": ""static_placement""}, ""components"": [{""planet"": null, ""sign"": null, ""house"": 4, ""influence"": [{""domain"": ""home"", ""nature"": ""rulership""}, {""domain"": ""land"", ""nature"": ""rulership""}, {""domain"": ""mother"", ""nature"": ""significator""}]}]}","The 4th House (Sukha Bhava), which governs home, land, and mother.","The 4th house signifies home, land, and mother.","The 4th House governs home, land, and mother.",home_property_vehicles,"home_comforts,parental_care",7e6a65231cac8820,Gemini,AI,Page 18,CLEANED,0.75,,[],,v2.0,NO_CONFLICT,2025-09-02T10:26:27.152084,JSON refined and scored by AI.
079ab371c5e06a8c,"{""calculation_context"": {""type"": ""planetary_relationship_and_strength""}, ""components"": [{""planet"": {""type"": ""lord"", ""house"": 5}, ""strength"": {""type"": ""strong""}, ""relationship"": {""type"": ""connected_to"", ""target"": {""type"": ""house"", ""houses"": [2, 11]}}}]}",,,A strong 5th lord connected to wealth houses can bring fortune through calculated risks.,wealth_assets_resources,speculative_gains_losses,7ec0c9c177dc691a,Gemini,AI,Page 9,CLEANED,0.75,,[],,v2.0,NO_CONFLICT,2025-09-02T10:22:47.297281,JSON refined and scored by AI.
1355d3ca93d374ac,"{""calculation_context"": {""type"": ""static_placement""}, ""components"": [{""planet"": [""mars""], ""aspect"": {""type"": ""affliction"", ""target"": {""house"": 8}}}, {""planet"": [""ketu""], ""aspect"": {""type"": ""affliction"", ""target"": {""house"": 8}}}]}","The potential for sudden endings is seen through afflictions to the 8th house by planets like Mars or Ketu, or a connection between the Lagna lord and the 8th lord.",Sudden endings are possible with Mars or Ketu afflicting the 8th house.,The potential for sudden endings is seen through afflictions to the 8th house by planets like Mars or Ketu,health_risks_longevity,sudden_endings,7f2ca31c9ae572f7,Gemini,AI,Page 22,CLEANED,0.75,,[],,v2.0,NO_CONFLICT,2025-09-02T10:56:02.593595,JSON refined and scored by AI.
df4dad1c0cc9c3e6,"{""calculation_context"": {""type"": ""static_placement"", ""strength_check"": {""planet"": ""Mars"", ""strength_type"": ""shadbala"", ""comparison"": ""less_than"", ""value"": 5.0}, ""affliction_check"": {""planet"": ""Mars"", ""afflicted_by"": [""Saturn"", ""Rahu"", ""Ketu"", ""Sun""], ""aspect_degrees"": [0, 60, 120, 180, 240, 300], ""conjunction_degrees"": 0}}, ""components"": [{""planet"": ""Mars""}]}","Mars Affliction: The influence of an ill-placed Mars can bring conflict, aggression, accidents, and impulsiveness to the areas of life it touches.","An ill-placed Mars can cause conflict, aggression, accidents, and impulsiveness.","Mars Affliction: The influence of an ill-placed Mars can bring conflict, aggression, accidents, and impulsiveness to the areas of life it touches.",doshas,other_malefic_influences,7f437795fb657831,Gemini,AI,Page 29,CLEANED,0.75,,[],,v2.0,NO_CONFLICT,2025-09-02T10:58:50.081234,JSON refined and scored by AI.
c81a89ff7b0525fa,"{""calculation_context"": {""type"": ""dignity_strength"", ""target"": ""moon"", ""strength_type"": ""overall""}, ""components"": [{""planet"": ""moon"", ""condition"": {""type"": ""strength"", ""strength_type"": ""overall"", ""comparison"": ""positive""}}]}",Strength of the Lagna Lord and the Moon: As indicators of personal resilience.,A strong Moon signifies personal resilience.,The strength of the Moon indicates personal resilience.,core_self_vitality,resilience_adaptability,7f56b566d9547288,Gemini,AI,Page 5,CLEANED,0.75,,[],,v2.0,NO_CONFLICT,2025-09-02T10:21:16.849317,JSON refined and scored by AI.
9245438f1c3069bb,"{""calculation_context"": {""type"": ""relationship_aspect""}, ""components"": [{""planet"": {""relationship"": ""lord_of"", ""house"": [1, 4, 10]}, ""sign"": null, ""house"": null, ""aspect"": {""type"": ""any_connection"", ""target"": {""house"": 12}}}]}",Relocation abroad is primarily seen from the 12th House (foreign lands).,The 12th house signifies relocation abroad.,"Relocation abroad is primarily seen from the 12th House (foreign lands). A strong connection between the lord of the 1st house (self), 4th house (home), or 10th house (career) with the 12th house is a classic combination for settling in a foreign country.",travel_dharma_spirituality,relocation_abroad,7f66c214a477c865,Gemini,AI,Page 23,CLEANED,0.9,,[],,v2.0,NO_CONFLICT,2025-09-02T10:42:04.545684,JSON refined and scored by AI.
642892c8995bdbb2,"{""calculation_context"": {""type"": ""static_placement""}, ""components"": [{""planet"": null, ""sign"": null, ""house"": 8, ""influence"": [{""aspect"": null, ""conjunction"": null, ""sign_lord"": null, ""house_lord"": null, ""nak\u1e63atra"": null, ""nak\u1e63atra_lord"": null}]}], ""domain"": ""finance"", ""event_type"": [""sudden"", ""transformative""]}","The 8th house is also a source of sudden, transformative financial events.",The 8th house indicates sudden financial events.,"The 8th house signifies sudden, transformative financial events.",wealth_assets_resources,sudden_gains_losses,7fd227670afea910,Gemini,AI,Page 10,CLEANED,0.75,,[],,v2.0,NO_CONFLICT,2025-09-02T10:23:17.585684,JSON refined and scored by AI.
f64c5bc43599bf0b,"{""calculation_context"": {""type"": ""dignity_strength"", ""target"": ""lord_of_9th_house"", ""strength_type"": ""shadbala"", ""strength_threshold"": ""strong""}, ""components"": []}","A strong 9th house and its lord bestow a clear sense of dharma (right action), strong principles, and the fortune to connect with teachers or guiding philosophies. This is the bedrock of spiritual self-alignment.","A strong 9th lord provides a clear sense of dharma, strong principles, and connection to teachers/philosophies, fostering spiritual alignment.","A strong 9th lord bestows a clear sense of dharma (right action), strong principles, and the fortune to connect with teachers or guiding philosophies. This is the bedrock of spiritual self-alignment.",travel_dharma_spirituality,"philosophical_beliefs,spiritual_growth",7ff82b4b7a589252,Gemini,AI,Page 5,CLEANED,0.75,,[],,v2.0,NO_CONFLICT,2025-09-02T10:21:16.849317,JSON refined and scored by AI.
58056f80415c3191,"{""calculation_context"": {""type"": ""static_placement""}, ""components"": [{""planet"": null, ""sign"": null, ""house"": 2, ""lordship_strength"": ""strong"", ""interconnection_type"": [""conjunction"", ""aspect""], ""interconnection_houses"": [4, 11]}, {""planet"": null, ""sign"": null, ""house"": 4, ""lordship_strength"": ""strong"", ""interconnection_type"": [""conjunction"", ""aspect""], ""interconnection_houses"": [2, 11]}, {""planet"": null, ""sign"": null, ""house"": 11, ""lordship_strength"": ""strong"", ""interconnection_type"": [""conjunction"", ""aspect""], ""interconnection_houses"": [2, 4]}]}","Luxury possessions and other valuable movable assets are the domain of the 2nd House (accumulated wealth) and Venus. When the lords of the 2nd, 4th, and 11th (gains) houses are strong and interconnected, it indicates a life filled with material comforts and high-value possessions.","Strong and interconnected lords of the 2nd, 4th, and 11th houses indicate a life filled with material comforts and high-value possessions.","When the lords of the 2nd, 4th, and 11th (gains) houses are strong and interconnected, it indicates a life filled with material comforts and high-value possessions.",wealth_assets_resources,"movable_assets,luxury_possessions",7ffd125d4d79a80e,Gemini,AI,Page 19,CLEANED,0.75,,[],,v2.0,NO_CONFLICT,2025-09-02T10:55:00.557076,JSON refined and scored by AI.
54bf0d6740ef1607,"{""calculation_context"": {""type"": ""strength_dignity""}, ""components"": [{""planet"": ""mercury"", ""strength_dignity_type"": [""shadbala"", ""vimsopaka_bala"", ""istha_phala"", ""kastha_phala""]}]}","Academic success hinges on the strength of the two key planets: Mercury, which provides the intellectual acuity and learning ability, and Jupiter, which bestows the wisdom to synthesize and expand upon that learning.","Strong Mercury provides intellectual acuity and learning ability, contributing to academic success.","Academic success hinges on the strength of the two key planets: Mercury, which provides the intellectual acuity and learning ability",learning_education_creativity,"intellectual_skills,research_academic_success",8097b83613ad83f1,Gemini,AI,Page 14,CLEANED,0.75,,[],,v2.0,NO_CONFLICT,2025-09-02T10:24:58.732921,JSON refined and scored by AI.
eb36e4a0cc5406eb,"{""calculation_context"": {""type"": ""yoga_combination"", ""yoga_name"": ""Raja Yoga""}, ""components"": [{""planet_group_1"": {""lordship_group"": ""kendra"", ""houses"": [1, 4, 7, 10]}, ""relationship"": ""conjunction_or_aspect"", ""planet_group_2"": {""lordship_group"": ""trikona"", ""houses"": [1, 5, 9]}}]}",,"Raja Yogas, formed by connections between Kendra and Trikona lords, grant true prominence.","Ultimately, true prominence is granted by Raja Yogas, formed by the connection of Kendra lords (1, 4, 7, 10) and Trikona lords (1, 5, 9).",yogas,raja_yogas,80fb5d63d1315fa0,Gemini,AI,Page 1,CLEANED,0.9,,[],,v2.0,NO_CONFLICT,2025-09-02T10:19:54.272290,JSON refined and scored by AI.
7dc6793bdda8118f,"{""calculation_context"": {""type"": ""static_placement""}, ""components"": [{""planet"": null, ""sign"": null, ""house"": 8}]}","The 8th House governs intimacy and sexuality, and its health is vital for a deep, transformative bond.","The 8th house governs intimacy and sexuality, and its condition is vital for a deep bond.",,relationships,intimacy_sexuality,8165bf94e242893b,Gemini,AI,Page 6,CLEANED,0.9,,[],,v2.0,NO_CONFLICT,2025-09-02T10:49:17.428578,JSON refined and scored by AI.
608fef30ad695bf7,"{""calculation_context"": {""type"": ""transit"", ""duration_range"": {""min_days"": 300, ""max_days"": 400}}, ""components"": [{""planet"": ""Jupiter"", ""aspect"": {""type"": ""transit"", ""target"": {""type"": ""house"", ""index"": ""any""}}}]}","As Jupiter transits a house (~1 year), it brings blessings, expansion, and opportunities.","Jupiter's transit through a house (approximately 1 year) brings blessings, expansion, and opportunities.","As Jupiter transits a house (~1 year), it brings blessings, expansion, and opportunities.",timing_windows,jupiter_transits,81efe44da84115ff,Gemini,AI,Page 31,CLEANED,0.75,,[],,v2.0,NO_CONFLICT,2025-09-02T10:31:49.610151,JSON refined and scored by AI.
2f59ceaab0b233bf,"{""calculation_context"": {""type"": ""static_placement""}, ""components"": [{""planet"": null, ""sign"": null, ""house"": ""2"", ""bhava_name"": ""Dhana Bhava"", ""meaning"": ""accumulated wealth""}, {""planet"": null, ""sign"": null, ""house"": ""11"", ""bhava_name"": ""Labha Bhava"", ""meaning"": ""income flow""}, {""planet"": null, ""sign"": null, ""house"": ""5"", ""meaning"": ""speculation""}, {""planet"": null, ""sign"": null, ""house"": ""8"", ""meaning"": ""unearned wealth""}]}",,"Income and earnings are seen from the 2nd, 11th, 5th, and 8th houses.","The 2nd House (Dhana Bhava - accumulated wealth), 11th House (Labha Bhava - income flow), 5th House (speculation), and 8th House (unearned wealth).",wealth_assets_resources,income_primary,824a2a27d7418213,Gemini,AI,Page 8,CLEANED,0.75,,[],,v2.0,NO_CONFLICT,2025-09-02T10:35:55.234893,JSON refined and scored by AI.
c2474bb69a9cc03f,"{""calculation_context"": {""type"": ""static_placement""}, ""components"": [{""planet"": null, ""sign"": null, ""house"": 2, ""house_meaning"": ""early learning""}]}",The 2nd House (early learning),The 2nd house signifies early learning.,The 2nd House (early learning),learning_education_creativity,primary_education,82605e1d5dcf77cc,Gemini,AI,Page 14,CLEANED,0.75,,[],,v2.0,NO_CONFLICT,2025-09-02T10:38:24.927458,JSON refined and scored by AI.
0cec62b744ec5fc6,"{""calculation_context"": {""type"": ""transit_and_eclipse""}, ""components"": [{""planet"": ""Saturn"", ""house_from_moon"": [12, 1, 2]}, {""eclipse_type"": [""lunar"", ""solar""]}]}",Especially significant periods like Sade Sati and eclipses serve as powerful windows for profound life changes.,Significant periods like Sade Sati and eclipses act as powerful windows for profound life changes.,Especially significant periods like Sade Sati and eclipses serve as powerful windows for profound life changes.,timing_windows,"sade_sati,eclipses_periods",8329a527a6722242,Gemini,AI,Page 31,CLEANED,0.9,,[],,v2.0,NO_CONFLICT,2025-09-02T10:31:49.610151,JSON refined and scored by AI.
611d71b7f949dfb7,"{""calculation_context"": {""type"": ""dosha_check"", ""target_area"": ""professional_life""}, ""components"": [{""dosha_type"": ""pitru_dosha"", ""impact"": ""blocks"", ""nature_of_impact"": ""inexplicable""}]}",Ancestral karma (Pitru Dosha) can create inexplicable blocks in professional life.,Ancestral karma (Pitru Dosha) can cause unexplained obstacles in one's career.,Ancestral karma (Pitru Dosha) can create inexplicable blocks in professional life.,doshas,pitru_dosha,833117a2dcb562ca,Gemini,AI,Page 32,CLEANED,0.75,,[],,v2.0,NO_CONFLICT,2025-09-02T10:32:26.167798,JSON refined and scored by AI.
347d6f3945e7e926,"{""calculation_context"": {""type"": ""static_placement""}, ""components"": [{""planet"": ""rahu"", ""sign"": null, ""house"": 5, ""influence_aspect"": {""type"": ""occupancy""}, ""interpretation_context"": {""domain"": ""innovation"", ""nature"": ""positive""}}, {""planet"": ""rahu"", ""sign"": null, ""house"": 10, ""influence_aspect"": {""type"": ""occupancy""}, ""interpretation_context"": {""domain"": ""innovation"", ""nature"": ""positive""}}]}","Rahu, with its forward-looking and unconventional nature, is the karaka for innovation and invention, often providing the spark of genius that breaks from tradition, especially when influencing the 5th house of intellect or the 10th house of action.","Rahu signifies innovation and invention, often bringing unconventional breakthroughs, particularly when influencing the 5th house (intellect) or the 10th house (action).","Rahu is the karaka for innovation and invention, often providing a spark of genius that breaks from tradition, especially when influencing the 5th house of intellect or the 10th house of action.",learning_education_creativity,innovation_invention,8356dbdff5215cc4,Gemini,AI,Page 12,CLEANED,0.75,,[],,v2.0,NO_CONFLICT,2025-09-02T10:24:10.499341,JSON refined and scored by AI.
71ce41f53ab61984,"{""calculation_context"": {""type"": ""static_placement""}, ""components"": [{""planet"": ""Mars"", ""condition"": {""type"": ""ill_placed""}}, {""planet"": {""type"": ""functional_malefic""}}], ""logic"": ""or""}",Other Malefic Influences: The impact of an ill-placed Mars or a functionally malefic planet.,An ill-placed Mars or any functionally malefic planet can create negative influences.,The impact of an ill-placed Mars or a functionally malefic planet.,doshas,other_malefic_influences,835834211b497d87,Gemini,AI,Page 29,CLEANED,0.75,,[],,v2.0,NO_CONFLICT,2025-09-02T10:44:49.297269,JSON refined and scored by AI.
a5636425f6393f7c,"{""calculation_context"": {""type"": ""planetary_condition"", ""target"": ""public_perception"", ""condition_type"": ""general_state""}, ""components"": [{""planet"": ""Moon""}]}",,The Moon's condition shows public perception and popularity.,"the Moon's condition shows how one is perceived by the masses, indicating popularity.",relationships,social_influence_presence,836cbe999aec9c56,Gemini,AI,Page 8,CLEANED,0.75,,[],,v2.0,NO_CONFLICT,2025-09-02T10:35:55.234893,JSON refined and scored by AI.
3e700cefaa7ae310,"{""calculation_context"": {""type"": ""house_significance""}, ""components"": [{""house"": 2, ""significance"": [{""domain"": ""wealth"", ""nature"": ""movable_assets""}]}]}",,,2nd House (movable assets),wealth_assets_resources,movable_assets,837e5d8a145d00db,Gemini,AI,Page 9,CLEANED,0.9,,[],,v2.0,NO_CONFLICT,2025-09-02T10:22:47.297281,JSON refined and scored by AI.
05d679c9797f7e46,"{""calculation_context"": {""type"": ""general_interpretation""}, ""components"": [{""type"": ""concept"", ""concept"": ""spiritual_goal"", ""details"": ""enlightenment""}, {""type"": ""concept"", ""concept"": ""spiritual_obstacles""}, {""type"": ""concept"", ""concept"": ""life_purpose"", ""details"": ""highest_purpose_alignment""}]}","This section explores the ultimate spiritual goal of the soul: the potential for enlightenment, the obstacles in its path, and alignment with its highest purpose.","This section focuses on the soul's potential for enlightenment, the obstacles it may face, and its alignment with its highest purpose.","This section explores the ultimate spiritual goal of the soul: the potential for enlightenment, the obstacles in its path, and alignment with its highest purpose.",karma_past_life,moksha_factors,83f7c7686df097c4,Gemini,AI,Page 25,CLEANED,0.6,,[],,v2.0,NO_CONFLICT,2025-09-02T10:28:58.530413,JSON refined and scored by AI.
52749d2950796ff0,"{""calculation_context"": {""type"": ""timing_window"", ""parameters"": {""planet"": ""Saturn"", ""relative_to"": ""Moon"", ""angle_range"": [{""start"": -45, ""end"": 45}, {""start"": 315, ""end"": 360}]}}, ""components"": [{""transit"": ""sade_sati"", ""description"": ""Saturn transiting 12th, 1st, or 2nd house from natal Moon""}]}",Sade Sati is famous for forcing a complete re-evaluation of one's career path.,Sade Sati often leads to a reassessment of career direction.,Sade Sati is famous for forcing a complete re-evaluation of one's career path.,timing_windows,sade_sati,84157fda8596b067,Gemini,AI,Page 33,CLEANED,0.75,,[],,v2.0,NO_CONFLICT,2025-09-02T10:46:50.790277,JSON refined and scored by AI.
3fb20b200be03f8e,"{""calculation_context"": {""type"": ""yoga_check"", ""yoga_name"": ""Strength & Success Yoga""}, ""components"": [{""planet_relationship"": {""relationship_type"": ""combination"", ""planets"": [{""planet_role"": ""lord_of"", ""house_group"": ""kendra""}, {""planet_role"": ""lord_of"", ""house_group"": ""trikona""}, {""planet_role"": ""lord_of"", ""house_group"": ""dhana""}]}}]}","Specific combinations involving the lords of Kendra (1, 4, 7, 10), Trikona (1, 5, 9), and Dhana (2, 11) houses.","Strength & Success Yogas involve Kendra, Trikona, and Dhana house lords.","Specific combinations involving the lords of Kendra (1, 4, 7, 10), Trikona (1, 5, 9), and Dhana (2, 11) houses form Strength & Success Yogas.",yogas,other_strength_success_yogas,84ace3141fff7bf3,Gemini,AI,Page 26,CLEANED,0.75,,[],,v2.0,NO_CONFLICT,2025-09-02T10:29:36.834662,JSON refined and scored by AI.
a04742620b7f84ec,"{""calculation_context"": {""type"": ""static_placement""}, ""components"": [{""planet"": null, ""sign"": null, ""house"": 5}]}",,"The 5th House governs intelligence, creativity, self-expression, and is key for academic success, especially in college.","The 5th House holds significant influence over intelligence, encompassing both innate intellectual capacity and the practical application of knowledge. This domain fosters creativity, self-expression, and the development of intellect, proving crucial for success in academic pursuits, particularly college-level education.",learning_education_creativity,"arts_performance,higher_education,intellectual_skills,love_relationships",84d45a3df244e525,Gemini,AI,Page 11; Page 14; Page 12; Page 6,CLEANED,0.9,a04742620b7f84ec,[],,v2.0,NO_CONFLICT,2025-09-02T10:37:27.582461,"Consolidated from 6 facts. Original IDs: ['f15f8a7cad15728a', '9533945ca2e8bc42', 'fabcd218d1ffc641', 'a04742620b7f84ec', '6f12cfe94b87a498', '97467c6b71622244']"
786849e85c56ff44,"{""calculation_context"": {""type"": ""static_placement""}, ""components"": [{""planet"": ""mercury""}]}","Your unique skills and creative talents are revealed through the 3rd and 5th houses of your chart. The 3rd house governs practiced abilities like writing and manual arts, while the 5th house is the wellspring of your innate creativity and expressive power. The specific nature of your talent is colored by key planets—Venus for artistic pursuits, Mercury for intellectual skills, and Rahu for a gift of innovation.",,,learning_education_creativity,intellectual_skills,84ec879a322dfc2d,Gemini,AI,Page 13,CLEANED,0.6,,[],,v2.0,NO_CONFLICT,2025-09-02T10:52:33.273007,JSON refined and scored by AI.
560d012c4e8fa319,"{""calculation_context"": {""type"": ""dosha_check"", ""dosha_type"": ""Pitru Dosha""}, ""components"": [{""dosha_name"": ""Pitru Dosha"", ""strength"": ""significant""}]}",A significant family lineage debt is indicated by Pitru Dosha.,Pitru Dosha indicates significant ancestral karmic debt.,A significant family lineage debt is indicated by Pitru Dosha.,karma_past_life,"family_lineage_debts,pitru_dosha",84f7d4ad1000bb53,Gemini,AI,Page 26,CLEANED,0.75,,[],,v2.0,NO_CONFLICT,2025-09-02T10:29:36.833650,JSON refined and scored by AI.
7acefc30a40c747e,"{""calculation_context"": {""type"": ""static_placement""}, ""components"": [{""planet"": ""mars"", ""sign"": null, ""house"": null, ""aspect_to_house"": [1, 8], ""aspect_nature"": [""malefic""]}, {""planet"": ""rahu"", ""sign"": null, ""house"": null, ""aspect_to_house"": [1, 8], ""aspect_nature"": [""malefic""]}]}","The potential for accidents and injuries is primarily seen through afflictions from Mars (cuts, burns, surgery) and Rahu (sudden events) to the Lagna or the 8th house.",Accidents and injuries are indicated by Mars or Rahu afflicting the Ascendant or 8th house.,"The potential for accidents and injuries is primarily seen through afflictions from Mars (cuts, burns, surgery) and Rahu (sudden events) to the Lagna or the 8th house.",health_risks_longevity,accidents_injuries,85147434f5bf4126,Gemini,AI,Page 21,CLEANED,0.75,,[],,v2.0,NO_CONFLICT,2025-09-02T10:27:25.745289,JSON refined and scored by AI.
697f899be1d3b555,"{""calculation_context"": {""type"": ""house_strength"", ""target_house"": 2, ""strength_type"": ""positive""}, ""components"": []}",,A strong 2nd house strengthens family security and signifies a stable family unit.,"The overall sense of family security and cohesion is bolstered by a strong 2nd house, which signifies a stable and resourceful family unit that provides a foundation of safety.",home_property_vehicles,family_security,855c7638ef871f18,Gemini,AI,Page 20,CLEANED,0.75,,[],,v2.0,NO_CONFLICT,2025-09-02T10:27:04.652815,JSON refined and scored by AI.
14d42c092970957b,"{""calculation_context"": {""type"": ""static_placement""}, ""components"": [{""planet"": null, ""house"": ""10th"", ""sign"": [{""sign"": ""Taurus""}, {""sign"": ""Leo""}, {""sign"": ""Scorpio""}, {""sign"": ""Aquarius""}], ""planet_aspect"": null, ""house_aspect"": null, ""sign_aspect"": null, ""nak\u1e63atra"": null, ""yoga"": null, ""special_lagna"": null}]}",,,"A 10th house in a Fixed sign (Taurus, Leo, Scorpio, Aquarius) promotes longevity and stability.",career_public_life,career_stability_longevity,85b4eef2be123c69,Gemini,AI,Page 3,CLEANED,0.75,,[],,v2.0,NO_CONFLICT,2025-09-02T10:34:05.031979,JSON refined and scored by AI.
e41e401a256707d1,"{""calculation_context"": {""type"": ""static_placement""}, ""components"": [{""house"": 9, ""planets"": [{""planet"": ""Jupiter"", ""influence_type"": ""positive"", ""interpretation"": ""promotes traditional wisdom""}, {""planet"": ""Rahu"", ""influence_type"": ""neutral"", ""interpretation"": ""might indicate an unconventional spiritual path""}]}]}","Your philosophical beliefs and religious alignment are anchored in the 9th House. This house represents your personal dharma, your guru, and your connection to a higher truth.","The 9th House represents philosophical beliefs, religious alignment, personal dharma, connection to a guru, and higher truth.","Your philosophical beliefs and religious alignment are anchored in the 9th House. This house represents your personal dharma, your guru, and your connection to a higher truth. The planets influencing it shape your worldview—Jupiter promotes traditional wisdom, while Rahu might indicate an unconventional spiritual path.",travel_dharma_spirituality,"philosophical_beliefs,religious_alignment",864073fd05fee16b,Gemini,AI,Page 23,CLEANED,0.75,,[],,v2.0,NO_CONFLICT,2025-09-02T10:28:21.808976,JSON refined and scored by AI.
6feb42ee01b7794f,"{""calculation_context"": {""type"": ""static_placement""}, ""components"": [{""planet"": null, ""sign"": null, ""house"": 3, ""aspects"": [], ""dignity"": null, ""strength"": null, ""is_retrograde"": null, ""house_lordship"": null}]}","The chart clearly distinguishes between practiced skills and innate creativity. The 3rd House governs skills acquired through effort and courage (parakrama). This includes writing expression, playing a musical instrument, painting, and other crafts involving the hands. It is also a key house for the performing arts.","The 3rd house represents skills developed through effort and courage (parakrama), such as writing, playing musical instruments, painting, and other handcrafts. It's also significant for performing arts.","The 3rd House governs skills acquired through effort and courage (parakrama), including writing expression, playing a musical instrument, painting, and other crafts involving the hands. It is also a key house for the performing arts.",learning_education_creativity,"practical_skills,writing_expression,arts_performance",86fab350eb4509e4,Gemini,AI,Page 15,CLEANED,0.75,,[],,v2.0,NO_CONFLICT,2025-09-02T10:38:44.105911,JSON refined and scored by AI.
ce015c389b8cb110,"{""calculation_context"": {""type"": ""transit"", ""relative_to"": ""natal_moon""}, ""components"": [{""planet"": ""Saturn"", ""transit_house_from_moon"": 12}, {""planet"": ""Saturn"", ""transit_house_from_moon"": 1}, {""planet"": ""Saturn"", ""transit_house_from_moon"": 2}]}","Sade Sati (Saturn's transit over the 12th, 1st, and 2nd houses from your natal Moon) is a particularly transformative period of karmic cleansing and maturation.","Sade Sati, Saturn's transit over the 12th, 1st, and 2nd houses from the natal Moon, is a highly transformative phase involving karmic cleansing and maturation.","Sade Sati (Saturn's transit over the 12th, 1st, and 2nd houses from your natal Moon) is a particularly transformative period of karmic cleansing and maturation.",timing_windows,"saturn_transits,sade_sati",86fc0ec06bf6bf91,Gemini,AI,Page 31,CLEANED,0.9,,[],,v2.0,NO_CONFLICT,2025-09-02T10:45:47.501157,JSON refined and scored by AI.
400fdc508bb90728,"{""calculation_context"": {""type"": ""static_placement""}, ""components"": [{""planet"": ""venus"", ""significators"": [""vehicles"", ""luxury""]}]}","Venus, the planet of luxury, is the significator for vehicles.",Venus is the significator for vehicles.,Venus signifies vehicles and luxury.,home_property_vehicles,vehicle_ownership,87b2124eaa2d3d74,Gemini,AI,Page 10,CLEANED,0.75,,[],,v2.0,NO_CONFLICT,2025-09-02T10:50:59.565979,JSON refined and scored by AI.
0615e95f6a72cba6,"{""calculation_context"": {""type"": ""static_placement""}, ""components"": [{""planet"": ""jupiter"", ""sign"": null, ""house"": 2, ""condition"": {""logic"": ""or"", ""components"": []}}, {""planet"": ""venus"", ""sign"": null, ""house"": 2, ""condition"": {""logic"": ""or"", ""components"": []}}]}","Benefic planets like Jupiter or Venus in the 2nd house promise a peaceful, loving, and resourceful family environment.",Jupiter or Venus in the 2nd house indicates a harmonious and resourceful family environment.,"Benefic planets like Jupiter or Venus in the 2nd house promise a peaceful, loving, and resourceful family environment.",family_lineage,family_support_conflicts,87b516e10042baca,Gemini,AI,Page 18,CLEANED,0.75,,[],,v2.0,NO_CONFLICT,2025-09-02T10:26:27.152084,JSON refined and scored by AI.
bd8cab72f6aee19e,"{""calculation_context"": {""type"": ""strength_dignity"", ""target"": ""planet"", ""strength_type"": [""shadbala"", ""vimsopaka_bala""], ""value"": {""operator"": ""greater_than"", ""value"": 0}}, ""components"": [{""planet"": {""type"": ""lagna_lord""}}]}",Strength of the Lagna Lord and the Moon: As indicators of personal resilience.,A strong Lagna lord indicates physical and characterological resilience.,The strength of the Lagna Lord is an indicator of personal resilience (physical and characterological).,core_self_vitality,resilience_adaptability,8882bdbe7c48ef9e,Gemini,AI,Page 5,CLEANED,0.75,,[],,v2.0,NO_CONFLICT,2025-09-02T10:48:48.135013,JSON refined and scored by AI.
31c7aa37077af59c,"{""calculation_context"": {""type"": ""static_placement""}, ""components"": [{""planet"": ""venus"", ""house"": 3, ""strength"": ""strong""}]}","Venus is the quintessential artist, governing music, dance, design, and all things beautiful. Its strong influence on the 3rd, 5th, or 10th house is often found in the charts of successful artists.","Strong Venus in the 3rd house is common in the charts of successful artists, signifying talent in music, dance, design, and aesthetics.","Venus is the quintessential artist, governing music, dance, design, and all things beautiful. Its strong influence on the 3rd house is often found in the charts of successful artists.",career_public_life,creative_arts_entertainment,88b3e5e746e2829c,Gemini,AI,Page 12,CLEANED,0.75,,[],,v2.0,NO_CONFLICT,2025-09-02T10:52:00.662882,JSON refined and scored by AI.
d886c78a35752f78,"{""calculation_context"": {""type"": ""house_relationship"", ""relationship"": ""journey_from_to""}, ""components"": [{""house"": 9, ""significance"": ""path""}, {""house"": 12, ""significance"": ""destination""}]}",Spiritual growth is the journey from the 9th house (the path) to the 12th house (the,Spiritual growth is represented by the journey from the 9th house (path) to the 12th house.,Spiritual growth is the journey from the 9th house (the path) to the 12th house (the,travel_dharma_spirituality,spiritual_growth,88dae557ddfa99bb,Gemini,AI,Page 23,CLEANED,0.75,,[],,v2.0,NO_CONFLICT,2025-09-02T10:28:21.808976,JSON refined and scored by AI.
cd7071163e2a7f07,"{""calculation_context"": {""type"": ""dignity_assessment"", ""target_domain"": ""education""}, ""components"": [{""planet"": ""mercury"", ""dignity"": ""strong"", ""dignity_strength_assessment"": {""type"": ""qualitative"", ""value"": ""strong""}, ""influence_on"": [{""domain"": ""intelligence"", ""nature"": ""positive""}, {""domain"": ""learning_ability"", ""nature"": ""positive""}]}]}","Academic success hinges on the strength of the two key planets: Mercury, which provides the intellectual acuity and learning ability, and Jupiter, which bestows the wisdom to synthesize and expand upon that learning.","Strong Mercury supports intellectual acuity and learning ability, contributing to academic success.","Academic success hinges on the strength of Mercury, which provides the intellectual acuity and learning ability.",learning_education_creativity,"intellectual_skills,philosophical_understanding",8941c1d8dade2234,Gemini,AI,Page 12,CLEANED,0.75,,[],,v2.0,NO_CONFLICT,2025-09-02T10:52:00.662882,JSON refined and scored by AI.
43ba3553f9d89acd,"{""calculation_context"": {""type"": ""static_placement""}, ""components"": [{""planet"": null, ""sign"": null, ""house"": 4, ""influence"": [{""aspect"": null, ""planet"": null, ""sign"": null, ""house"": null}]}, {""planet"": null, ""sign"": null, ""house"": 9, ""influence"": [{""aspect"": null, ""planet"": null, ""sign"": null, ""house"": null}]}], ""relationship"": ""general_influence""}","Family relations (4th, 9th Houses) impact foundational security. Supportive families are a resource, stressful ones drain energy.","Relationships with family, particularly parents (4th and 9th houses), influence foundational security. A supportive family empowers, while a stressful one depletes energy needed for career pursuits.","Family Relations (4th, 9th Houses): Your relationship with parents provides your foundational security. A supportive family can be a resource, while a stressful one can drain energy needed for your career.",relationships,parental_relations,8982ea47f24f8dea,Gemini,AI,Page 32,CLEANED,0.75,,[],,v2.0,NO_CONFLICT,2025-09-02T10:46:24.476291,JSON refined and scored by AI.
9b084168ccc66c63,"{""calculation_context"": {""type"": ""static_placement""}, ""components"": [{""planet"": null, ""sign"": null, ""house"": 6}]}",,"The 6th House signifies open enemies, obstacles, litigation, debts, and liabilities.","The 6th House encompasses a range of challenging experiences, including confrontations with open enemies, obstacles that impede progress, and legal entanglements or litigation. Furthermore, this house governs debts, liabilities, and other financial obligations.",relationships,"debts_liabilities,disputes_conflicts",89aa1c859093deb3,Gemini,AI,Page 8; Page 10,CLEANED,0.9,9b084168ccc66c63,[],,v2.0,NO_CONFLICT,2025-09-02T10:22:15.768929,"Consolidated from 2 facts. Original IDs: ['9b084168ccc66c63', '59aa99e0144c60d7']"
5380fc816dcfb2dd,"{""calculation_context"": {""type"": ""planet_and_house_dignity_and_health""}, ""components"": [{""planet"": ""sun"", ""dignity"": true, ""health"": true, ""sign"": null, ""house"": null}, {""house"": 9, ""dignity"": true, ""health"": true}]}",,The Sun's condition and the 9th house represent paternal lineage karma.,The health and dignity of the Sun and the 9th House reflect the karma of the paternal lineage.,family_lineage,"father_status_influence,ancestral_heritage",89ad370fc2b8e903,Gemini,AI,Page 25,CLEANED,0.75,,[],,v2.0,NO_CONFLICT,2025-09-02T10:57:00.657532,JSON refined and scored by AI.
a240c9b53114f9cc,"{""calculation_context"": {""type"": ""atmakaraka""}, ""components"": [{""type"": ""planet"", ""name"": ""venus""}]}","For example, a Saturn AK indicates a path connected to alleviating the suffering of others, while a Venus AK suggests a path of seeking pure love and creation.","If Venus is the Atmakaraka, the life path involves seeking pure love and creation.",A Venus Atmakaraka suggests a life path of seeking pure love and creation.,core_self_vitality,life_path_purpose,89cea533231e4d7d,Gemini,AI,Page 5,CLEANED,0.75,,[],,v2.0,NO_CONFLICT,2025-09-02T10:34:55.102878,JSON refined and scored by AI.
c7983cabc99535f0,"{""calculation_context"": {""type"": ""general_career_foundation""}, ""components"": []}",This is the underlying operating system of your career.,Karma and past life experiences fundamentally shape career trajectory.,This is the underlying operating system of your career.,karma_past_life,,8a49e44bdb41c426,Gemini,AI,Page 33,CLEANED,0.6,,[],,v2.0,NO_CONFLICT,2025-09-02T11:01:01.358394,JSON refined and scored by AI.
94412d21df6ec464,"{""calculation_context"": {""type"": ""static_placement""}, ""components"": [{""type"": ""cusp"", ""index"": 10}, {""type"": ""sign_of_cusp"", ""cusp_index"": 10, ""sign"": [""Aries"", ""Leo"", ""Sagittarius""]}]}","Fiery Signs (Aries, Leo, Sagittarius): Indicate dynamic, enterprising fields like entrepreneurship, sports, or leadership roles.","If the 10th house cusp falls in a fiery sign (Aries, Leo, Sagittarius), it indicates a career in dynamic fields like entrepreneurship, sports, or leadership.","Fiery signs on the 10th house cusp suggest careers in entrepreneurship, sports, or leadership.",career_public_life,"independent_business_entrepreneurship,sports_athletics,authority_leadership",8aa7c9b636eb542f,Gemini,AI,Page 2,CLEANED,0.75,,[],,v2.0,NO_CONFLICT,2025-09-02T10:47:37.010866,JSON refined and scored by AI.
441b91355c3acdee,"{""calculation_context"": {""type"": ""transit""}, ""components"": [{""type"": ""eclipse"", ""planets"": [{""planet"": ""Sun""}, {""planet"": ""Moon""}]}]}",Eclipses are potent activators of change.,Eclipses are powerful catalysts for change and transformation.,Eclipses: Potent activators of change.,timing_windows,eclipses_periods,8b92d588284c9bc5,Gemini,AI,Page 30,CLEANED,0.75,,[],,v2.0,NO_CONFLICT,2025-09-02T10:59:24.708996,JSON refined and scored by AI.
d1c7bd9305dcbfe4,"{""calculation_context"": {""type"": ""static_placement""}, ""components"": [{""type"": ""planet"", ""name"": ""Moon"", ""description"": ""Represents the inner self, mind, emotions, and true character.""}, {""type"": ""planet"", ""name"": ""Lagna"", ""description"": ""Represents the outer self or persona.""}], ""relationship"": {""type"": ""contrast"", ""description"": ""Contrasting the Moon (inner self) with the Lagna (outer self).""}}",,,"While the Lagna is the outer self, the Moon is the inner self. It governs the mind, emotions, and consciousness, revealing the person's true character when not ""on stage.""",core_self_vitality,other_identity_personality,8bf80a53af0ea27a,Gemini,AI,Page 4,CLEANED,0.75,,[],,v2.0,NO_CONFLICT,2025-09-02T10:20:52.860140,JSON refined and scored by AI.
53cc98c35a1aad0d,"{""calculation_context"": {""type"": ""static_placement""}, ""components"": [{""planet"": ""lagna"", ""strength"": {""condition"": ""strong""}}, {""planet"": ""lagna_lord"", ""strength"": {""condition"": ""strong""}}], ""interpretation_context"": {""domain"": ""health"", ""aspect"": ""general_health_and_constitution""}}",General health and constitution are determined by the strength of the Lagna and the Lagna Lord.,Overall health is linked to the strength of the Ascendant and its ruler.,General health and constitution are determined by the strength of the Lagna and the Lagna Lord.,health_risks_longevity,general_health,8c0ef873299b141f,Gemini,AI,Page 21,CLEANED,0.75,,[],,v2.0,NO_CONFLICT,2025-09-02T10:55:36.322463,JSON refined and scored by AI.
effeff6e5ea376a2,"{""calculation_context"": {""type"": ""house_significance"", ""domain"": ""real_estate""}, ""components"": [{""house"": 4, ""significance"": ""primary_indicator"", ""domain"": ""property_ownership""}]}",,,The ability to own property and real estate is primarily judged from the 4th House.,home_property_vehicles,property_acquisition,8c1f14c97c7d0333,Gemini,AI,Page 9,CLEANED,0.75,,[],,v2.0,NO_CONFLICT,2025-09-02T10:22:47.297281,JSON refined and scored by AI.
ab870f5b37bf434f,"{""calculation_context"": {""type"": ""static_placement""}, ""components"": [{""planet"": ""lagna_lord"", ""sign"": null, ""house"": null, ""strength"": {""type"": ""shadbala"", ""value"": ""strong""}, ""affliction"": {""type"": ""malefic_aspect"", ""value"": false}}, {""planet"": ""lagna"", ""sign"": null, ""house"": null, ""strength"": {""type"": ""shadbala"", ""value"": ""strong""}, ""affliction"": {""type"": ""malefic_aspect"", ""value"": false}}]}","A strong, unafflicted Ascendant and its ruler provide a robust physique and natural resilience.",A strong Ascendant and its ruler indicate good physical health and resilience.,"A strong, unafflicted Ascendant and its ruler provide a robust physique and natural resilience.",health_risks_longevity,general_health,8c52bafd690dd7a0,Gemini,AI,Page 21,CLEANED,0.75,,[],,v2.0,NO_CONFLICT,2025-09-02T10:27:25.745289,JSON refined and scored by AI.
7c5c9d82b366371d,"{""calculation_context"": {""type"": ""static_placement""}, ""components"": [{""type"": ""planet"", ""name"": ""Sun"", ""aspects"": [{""type"": ""strength""}, {""type"": ""sign_placement""}, {""type"": ""house_placement""}]}]}",,,"The Sun (Surya): Its strength, sign, and house placement as the significator of the soul and ego.",core_self_vitality,"confidence_charisma,vitality_energy_levels",8c54ae862d7c8457,Gemini,AI,Page 4,CLEANED,0.75,,[],,v2.0,NO_CONFLICT,2025-09-02T10:20:52.860140,JSON refined and scored by AI.
bbd051475ac3efa1,"{""calculation_context"": {""type"": ""malefic_influence_on_house_or_planet""}, ""components"": [{""planet"": ""Moon"", ""influence"": ""malefic""}, {""house"": 10, ""influence"": ""malefic""}], ""logic"": ""or""}",Malefic influences on the 10th house or the Moon can create a controversial or hard-won reputation.,Malefic influences on the 10th house or the Moon can lead to a controversial or hard-earned reputation.,Malefic influences on the 10th house or the Moon can create a controversial or hard-won reputation.,career_public_life,public_image_reputation,8ca11f47465b2eb0,Gemini,AI,Page 1,CLEANED,0.75,,[],,v2.0,NO_CONFLICT,2025-09-02T10:33:24.389045,JSON refined and scored by AI.
04bcdb678352a1d4,"{""calculation_context"": {""type"": ""yoga_presence"", ""yoga_name"": ""Saraswati Yoga""}, ""components"": [{""type"": ""planetary_combination"", ""combination_name"": ""Saraswati Yoga"", ""description"": ""The specific planetary placements that constitute Saraswati Yoga (e.g., Jupiter in a Kendra, Venus in a Kendra, and Mercury in a Kendra).  This requires further definition based on the specific definition of Saraswati Yoga being used.""}]}","Saraswati Yoga: ... This is the hallmark of a highly intelligent, learned, eloquent, and respected individual, blessed by the goddess of knowledge.","Saraswati Yoga is associated with high intelligence, extensive knowledge, eloquence, and social respect.","Saraswati Yoga makes an individual highly intelligent, learned, eloquent, and respected.",learning_education_creativity,"intellectual_skills,writing_expression",8d1281ea080af5c5,Gemini,AI,Page 27,CLEANED,0.75,,[],,v2.0,NO_CONFLICT,2025-09-02T10:43:51.137128,JSON refined and scored by AI.
dbb45af50119be77,"{""calculation_context"": {""type"": ""static_placement""}, ""components"": [{""any"": [{""conjunction"": [""lagna_lord"", {""house_lord_of"": 8}]}, {""aspect"": [""lagna_lord"", {""house_lord_of"": 8}]}, {""sign_lord_exchange"": [""lagna_lord"", {""house_lord_of"": 8}]}, {""same_house"": [""lagna_lord"", {""house_lord_of"": 8}]}]}]}","The potential for sudden endings is seen through afflictions to the 8th house by planets like Mars or Ketu, or a connection between the Lagna lord and the 8th lord.",A connection between the Lagna lord and the 8th lord can indicate sudden endings.,or a connection between the Lagna lord and the 8th lord.,health_risks_longevity,sudden_endings,8d30c3b5fb2232bd,Gemini,AI,Page 22,CLEANED,0.75,,[],,v2.0,NO_CONFLICT,2025-09-02T10:56:02.593595,JSON refined and scored by AI.
1988cd1f056cc1a4,"{""calculation_context"": {""type"": ""static_placement""}, ""components"": [{""planet"": ""Moon"", ""aspect"": null, ""sign"": null, ""house"": null, ""dignity"": null, ""strength"": null, ""motion"": null}]}","Moon can lead to mental anxiety, emotional turmoil, and a difficult relationship with the mother.","A challenging Moon placement can lead to mental and emotional difficulties, and strained relationship with the mother.","Moon can lead to mental anxiety, emotional turmoil, and a difficult relationship with the mother.",family_lineage,mother_status_influence,8da9e405b2b07ea7,Gemini,AI,Page 29,CLEANED,0.75,,[],,v2.0,NO_CONFLICT,2025-09-02T10:44:49.297269,JSON refined and scored by AI.
2df9ac8a8244bd66,"{""calculation_context"": {""type"": ""static_placement""}, ""components"": [{""planet"": null, ""sign"": {""house"": 5}, ""house"": 5}, {""planet"": null, ""sign"": null, ""house"": null, ""lord"": {""house"": 5}, ""aspect"": true}, {""planet"": {""house"": 5}, ""sign"": null, ""house"": null, ""aspect"": null}, {""aspect"": {""target_house"": 5}}]}","The sign, planets, and aspects on the 5th house and its lord reveal the ease or challenges related to progeny","The sign, planets, and aspects influencing the 5th house and its lord indicate the ease or difficulty in having children.","The sign, planets, and aspects on the 5th house and its lord reveal the ease or challenges related to progeny.",family_lineage,childbearing_potential,8dc9346fe3a84a7b,Gemini,AI,Page 17,CLEANED,0.75,,[],,v2.0,NO_CONFLICT,2025-09-02T10:39:36.260453,JSON refined and scored by AI.
bfe561b9902c02ce,"{""calculation_context"": {""type"": ""yoga_present""}, ""components"": [{""yoga"": ""dhana_yoga"", ""details"": {""description"": ""Specific planetary combinations indicating potential for significant wealth.""}}]}",,,"Dhana Yogas, which are specific planetary combinations that promise significant wealth.",yogas,dhana_yogas,8de62fc74e43f2b4,Gemini,AI,Page 9,CLEANED,0.75,,[],,v2.0,NO_CONFLICT,2025-09-02T10:50:33.153598,JSON refined and scored by AI.
4548f225821d77c2,"{""calculation_context"": {""type"": ""strength_evaluation""}, ""components"": [{""type"": ""planet"", ""planet"": ""Sun"", ""strength"": {""type"": ""qualitative"", ""value"": [""strong"", ""weak"", ""afflicted""]}}, {""type"": ""planet_aspect"", ""aspect"": {""type"": ""any_negative""}, ""target"": {""type"": ""planet"", ""planet"": ""Sun""}, ""condition"": {""type"": ""conditional"", ""value"": ""Sun.strength == 'afflicted'""}}]}",,,"The Sun, as the karaka of the Atma (soul), is the source of vitality, confidence, and charisma. A strong Sun bestows natural leadership, high self-esteem, and physical stamina. A weak or afflicted Sun can manifest as low energy levels and a wavering sense of self.",core_self_vitality,"vitality_energy_levels,confidence_charisma",8e60965a759d1829,Gemini,AI,Page 4,CLEANED,0.75,,[],,v2.0,NO_CONFLICT,2025-09-02T10:48:18.737199,JSON refined and scored by AI.
0b4efabd632a2b1e,"{""calculation_context"": {""type"": ""static_placement""}, ""components"": [{""planet"": ""Venus"", ""significance"": [""karaka"", ""significator_of_material_comforts"", ""significator_of_luxuries""]}]}",,,Venus (Shukra) for material comforts and luxuries,wealth_assets_resources,luxury_possessions,8e89f0c69fa539cd,Gemini,AI,Page 9,CLEANED,0.75,,[],,v2.0,NO_CONFLICT,2025-09-02T10:22:47.297281,JSON refined and scored by AI.
2abf375055379de2,"{""calculation_context"": {""type"": ""strength_assessment"", ""target"": ""house_lord"", ""strength_type"": ""shadbala""}, ""components"": [{""planet"": null, ""sign"": null, ""house"": 6, ""lord"": true, ""strength"": ""strong""}]}",a strong 6th lord can signify the ability to use leverage (like business loans) successfully.,A strong 6th lord can indicate the ability to use leverage effectively.,a strong 6th lord can signify the ability to use leverage (like business loans) successfully.,wealth_assets_resources,debts_liabilities,8ec2ecd4dccecd09,Gemini,AI,Page 10,CLEANED,0.75,,[],,v2.0,NO_CONFLICT,2025-09-02T10:36:38.493081,JSON refined and scored by AI.
8476188fc725b869,"{""calculation_context"": {""type"": ""static_placement""}, ""components"": [{""planet"": ""jupiter"", ""sign"": null, ""house"": 12, ""influence"": ""benefic""}, {""planet"": ""ketu"", ""sign"": null, ""house"": 12, ""influence"": ""benefic""}]}","the placement of benefic spiritual planets like Jupiter or Ketu here, indicates a deep-seated desire for enlightenment and a life path that supports it.",Jupiter or Ketu placed in the 12th house indicates a strong desire for enlightenment and a supportive life path.,"the placement of benefic spiritual planets like Jupiter or Ketu here, indicates a deep-seated desire for enlightenment and a life path that supports it.",karma_past_life,moksha_factors,8f277bc2b8351565,Gemini,AI,Page 25,CLEANED,0.9,,[],,v2.0,NO_CONFLICT,2025-09-02T10:28:58.530413,JSON refined and scored by AI.
f9091cd51640062e,"{""calculation_context"": {""type"": ""static_placement"", ""strength"": ""strong""}, ""components"": [{""planet"": null, ""sign"": null, ""house"": 6, ""lord"": true}]}",while a strong 6th lord can signify the ability to use leverage (like business loans) successfully.,A strong 6th lord indicates the ability to use leverage successfully.,"A strong 6th lord can signify the ability to manage and utilize debt effectively, such as business loans.",wealth_assets_resources,debts_liabilities,9079f44e769dcfe0,Gemini,AI,Page 10,CLEANED,0.75,,[],,v2.0,NO_CONFLICT,2025-09-02T10:23:17.585684,JSON refined and scored by AI.
84b5e73d6dcaab65,"{""calculation_context"": {""type"": ""static_placement"", ""sub_type"": ""house_sign_placement""}, ""components"": [{""type"": ""house"", ""index"": 10, ""sub_component"": {""type"": ""cusp"", ""target_placement"": {""type"": ""sign""}}}]}",The most suitable profession is found at the intersection of several factors. The sign on the 10th house cusp sets the general theme:,The sign on the 10th house cusp determines the overall career direction.,The 10th house cusp sign sets the general career theme.,career_public_life,other_career_related,90d53982737fccb7,Gemini,AI,Page 2,CLEANED,0.75,,[],,v2.0,NO_CONFLICT,2025-09-02T10:47:37.010866,JSON refined and scored by AI.
706d9bbbc183f8db,"{""calculation_context"": {""type"": ""static_placement""}, ""components"": [{""planet"": ""jupiter"", ""strength"": ""strong"", ""dignity"": {""consider"": true}, ""shadbala"": {""consider"": true}, ""vimsopaka_bala"": {""consider"": true}, ""functional_benefic"": {""consider"": true}}, {""house"": 9, ""strength"": ""strong"", ""sign_lordship"": {""consider"": true}, ""aspects"": {""consider"": true}}]}",A strong 9th house and a powerful Jupiter create a natural philosopher and a lifelong learner.,A strong 9th house and a well-placed Jupiter indicate a natural inclination towards philosophy and continuous learning.,A strong 9th house and a powerful Jupiter create a natural philosopher and a lifelong learner.,learning_education_creativity,philosophical_understanding,90d979bee8ffee07,Gemini,AI,Page 16,CLEANED,0.75,,[],,v2.0,NO_CONFLICT,2025-09-02T10:39:10.083015,JSON refined and scored by AI.
7a5afc0b8d75f875,"{""calculation_context"": {""type"": ""muhurta""}, ""components"": [{""tithi"": ""any""}, {""vara"": ""any""}, {""nakshatra"": ""any""}, {""yoga"": ""any""}, {""karana"": ""any""}]}","While less used for broad natal prediction, these lunar windows are the cornerstone of Muhurta, the art of choosing a ""good time.""","Although less frequently employed for general natal predictions, these lunar windows are fundamental to Muhurta, the practice of selecting an auspicious time.","While less used for broad natal prediction, these lunar windows are the cornerstone of Muhurta, the art of choosing a ""good time.""",timing_windows,tithi_yoga_karana,90fdeca3ff46fe8c,Gemini,AI,Page 31,CLEANED,0.75,,[],,v2.0,NO_CONFLICT,2025-09-02T10:59:58.717822,JSON refined and scored by AI.
11daaea55b4b340c,"{""calculation_context"": {""type"": ""yoga_check""}, ""components"": [{""yoga_name"": ""raja_yoga"", ""planet1"": {""lordship_over_houses"": {""house_group"": ""kendra""}}, ""planet2"": {""lordship_over_houses"": {""house_group"": ""trikona""}}, ""relationship"": [""conjunction"", ""mutual_aspect"", ""parivartana_yoga""]}]}","Raja Yogas (Royal Yogas): The most powerful yogas for status and success. They are formed by an association (conjunction, mutual aspect, or exchange) between a Kendra (action/power) lord and a Trikona (fortune/purpose) lord.","Raja Yogas, powerful for status and success, are formed by Kendra and Trikona lord association (conjunction, aspect, exchange).","Raja Yogas (Royal Yogas) are the most powerful yogas for status and success. They are formed by an association (conjunction, mutual aspect, or exchange) between a Kendra (action/power) lord and a Trikona (fortune/purpose) lord.",yogas,raja_yogas,91af1c87b04f3aa7,Gemini,AI,Page 26,CLEANED,0.9,,[],,v2.0,NO_CONFLICT,2025-09-02T10:57:39.627964,JSON refined and scored by AI.
4559c69e3ad65051,"{""calculation_context"": {""type"": ""strength_and_placement""}, ""components"": [{""planet"": ""jupiter"", ""strength"": ""strong"", ""house"": 9}, {""house"": 9, ""strength"": ""strong""}]}","While education deals with information, wisdom deals with truth. The quest for philosophical understanding and higher knowledge is the domain of the 9th House and Jupiter. A strong 9th house and a powerful Jupiter create a natural philosopher, a teacher, or a lifelong student of life, always seeking a deeper meaning. The 5th house, as the house of purva punya (past life credit), can also bestow innate wisdom that doesn't come from books. Spiritual learning is primarily seen through the 12th House (the house of liberation) and the influence of Ketu. As the significator for moksha (enlightenment), Ketu provides profound intuitive insights and a natural detachment from worldly matters, guiding the soul towards introspection and self-realization. A prominent connection between Jupiter and Ketu often produces a powerful spiritual seeker or guide. Finally, practical, hard-earned wisdom is the gift of Saturn. Saturn gives knowledge not from theory but from experience, discipline, and time. Its influence teaches the lessons of reality, creating a grounded and resilient understanding of the world.",,"A strong 9th house and a powerful Jupiter create a natural philosopher, a teacher, or a lifelong student of life, always seeking a deeper meaning.",learning_education_creativity,philosophical_understanding,91ee8e4a9f0fee84,Gemini,AI,Page 13,CLEANED,0.75,,[],,v2.0,NO_CONFLICT,2025-09-02T10:52:33.273007,JSON refined and scored by AI.
76d498d8cd60c163,"{""calculation_context"": {""type"": ""career_amplifiers""}, ""components"": []}",These are the amplifiers of your career.,Yogas enhance career prospects.,These are the amplifiers of your career.,yogas,,922dd9ddc9d78eb1,Gemini,AI,Page 33,CLEANED,0.6,,[],,v2.0,NO_CONFLICT,2025-09-02T11:01:01.358394,JSON refined and scored by AI.
8465a4720d36357b,"{""calculation_context"": {""type"": ""static_placement""}, ""components"": [{""planet"": null, ""sign"": null, ""house"": 5, ""aspects"": [], ""dignity"": null, ""strength"": null, ""motion"": null}]}","The 5th House, in contrast, is the source of spontaneous creativity and original thought. It represents the joy of self-expression and is central to performance, drama, and intellectual skills.","The 5th house signifies spontaneous creativity, original thought, self-expression, performance, drama, and intellectual skills.","The 5th House is the source of spontaneous creativity and original thought. It represents the joy of self-expression and is central to performance, drama, and intellectual skills.",learning_education_creativity,"intellectual_skills,arts_performance",9237878ff292fb36,Gemini,AI,Page 15,CLEANED,0.75,,[],,v2.0,NO_CONFLICT,2025-09-02T10:25:17.163454,JSON refined and scored by AI.
f44ef3c77662550a,"{""calculation_context"": {""type"": ""transit""}, ""components"": [{""planet"": ""saturn"", ""sign"": null, ""house"": null, ""relationship"": null, ""aspect"": null}]}",,,"transits of Saturn bring responsibility, hard work, and the karmic results of past actions.",career_public_life,other_career_dynamics,9282becde5423f3a,Gemini,AI,Page 3,CLEANED,0.75,,[],,v2.0,NO_CONFLICT,2025-09-02T10:47:58.913394,JSON refined and scored by AI.
f5ea08634e08265c,"{""calculation_context"": {""type"": ""static_placement""}, ""components"": [{""house"": 11, ""strength"": ""strong""}, {""planet"": ""lord_11"", ""strength"": ""strong""}, {""planet"": ""lord_11"", ""relationship"": [{""with"": ""lord_10"", ""aspect"": {""type"": ""any""}, ""conjunction"": {""type"": ""any""}, ""sign_exchange"": true}, {""with"": ""lord_1"", ""aspect"": {""type"": ""any""}, ""conjunction"": {""type"": ""any""}, ""sign_exchange"": true}]}]}",,"A strong 11th house and its lord, especially connected to the 1st or 10th lords, indicate networking success.","Success in networking is seen via a strong 11th house (network) and its lord, especially when connected to the 10th or 1st lords.",career_public_life,networking_influence,9377ddb475ad99b2,Gemini,AI,Page 1,CLEANED,0.9,,[],,v2.0,NO_CONFLICT,2025-09-02T10:19:54.273430,JSON refined and scored by AI.
af957bdd2b77daa4,"{""calculation_context"": {""type"": ""GeneralConcept""}, ""components"": [{""type"": ""Concept"", ""concept"": ""FamilyAndLineage"", ""attribute"": ""Influence""}, {""type"": ""Concept"", ""concept"": ""Career"", ""attribute"": ""FoundationAndLegacy""}]}",Family & Lineage represent the foundation and legacy of a career.,Family and lineage form the foundation and legacy of one's career.,Family & Lineage represent the foundation and legacy of a career.,family_lineage,other_family_related,93b51750e7ad7442,Gemini,AI,Page 32,CLEANED,0.6,,[],,v2.0,NO_CONFLICT,2025-09-02T10:32:26.167798,JSON refined and scored by AI.
9494ae17af6695ea,"{""calculation_context"": {""type"": ""strength_dignity""}, ""components"": [{""house"": ""7"", ""strength"": ""strong""}, {""planet"": ""lord_7"", ""strength"": ""strong""}, {""aspect"": ""support"", ""planets"": [{""planet_type"": ""benefic""}], ""target_house"": ""7""}]}",,"A strong 7th house and lord, supported by benefic planets, lead to fruitful and trustworthy collaborations.","A strong 7th house and lord, supported by benefic planets, indicate fruitful and trustworthy collaborations.",relationships,partnerships_collaborations,9431243aadff1dc0,Gemini,AI,Page 8,CLEANED,0.75,,[],,v2.0,NO_CONFLICT,2025-09-02T10:22:15.769979,JSON refined and scored by AI.
1e1f2306522cc7d1,"{""calculation_context"": {""type"": ""general_assessment"", ""domain"": ""public_life_and_career""}, ""components"": [{""type"": ""keyword"", ""value"": ""authority""}, {""type"": ""keyword"", ""value"": ""influence""}, {""type"": ""keyword"", ""value"": ""public_reputation""}, {""type"": ""keyword"", ""value"": ""leadership""}, {""type"": ""keyword"", ""value"": ""public_rise""}]}","This area assesses the potential to achieve authority, influence, a strong public reputation, and leadership roles. It is the measure of one's rise in the public sphere.","This section evaluates the potential for authority, influence, public reputation, and leadership roles, measuring one's rise in the public sphere.","This area assesses the potential to achieve authority, influence, a strong public reputation, and leadership roles. It is the measure of one's rise in the public sphere.",career_public_life,"authority_leadership,public_image_reputation",9447c13082a51e13,Gemini,AI,Page 1,CLEANED,0.75,,[],,v2.0,NO_CONFLICT,2025-09-02T10:33:24.389045,JSON refined and scored by AI.
c2235327e42a09e4,"{""calculation_context"": {""type"": ""static_placement""}, ""components"": [{""planet"": ""venus"", ""significator_type"": ""universal"", ""domain"": ""love_and_relationship""}]}",Venus (Shukra) as the universal significator of love and relationship,Venus (Shukra) is the universal significator of love and relationships.,Venus (Shukra) as the universal significator of love and relationship,relationships,"love_relationships,marriage_spouse",9473e949a2b7125a,Gemini,AI,Page 6,CLEANED,0.75,,[],,v2.0,NO_CONFLICT,2025-09-02T10:21:35.664680,JSON refined and scored by AI.
57e3e13943d81156,"{""calculation_context"": {""type"": ""static_placement""}, ""components"": [{""planet"": ""atmakaraka"", ""sign_house_aspects"": {""sign"": true, ""house"": true, ""aspect"": true}, ""dignity"": true, ""conjunction"": true}]}",An individual's life path and purpose are most profoundly indicated by the Atmakaraka (AK). The inherent nature of the AK planet reveals the soul's primary objective in this incarnation.,"The Atmakaraka reveals the soul's primary objective in this life, indicating life path and purpose.",An individual's life path and purpose are most profoundly indicated by the Atmakaraka (AK). The inherent nature of the AK planet reveals the soul's primary objective in this incarnation.,core_self_vitality,life_path_purpose,94a931299b3d4c8e,Gemini,AI,Page 5,CLEANED,0.75,,[],,v2.0,NO_CONFLICT,2025-09-02T10:21:16.849317,JSON refined and scored by AI.
cc99fb2f0dde15e5,"{""calculation_context"": {""type"": ""dasha_period""}, ""components"": [{""type"": ""dasha_lord"", ""planet"": ""any""}]}","Risk periods are often timed by the Dasha (planetary periods) of specific planets. The lords of the 2nd and 7th houses are known as Maraka (killer) planets. During their major or sub-periods, especially in old age or if the chart shows health vulnerabilities, the risk to life can be elevated.",Risk periods are linked to specific planetary dashas.,Risk periods are often timed by the Dasha (planetary periods) of specific planets.,health_risks_longevity,risk_periods,94e33a7e269aee4d,Gemini,AI,Page 22,CLEANED,0.75,,[],,v2.0,NO_CONFLICT,2025-09-02T10:27:45.920723,JSON refined and scored by AI.
81b313c7e054eab9,"{""calculation_context"": {""type"": ""static_placement"", ""division"": ""navamsa""}, ""components"": [{""type"": ""planet"", ""planet"": ""atmakaraka""}, {""type"": ""house"", ""house"": {""sign_from"": ""karakamsa"", ""index"": 1}}]}",The Karakamsha: The sign occupied by the Atmakaraka in the Navamsa (D-9) chart.,"The Karakamsha, the Atmakaraka's sign in the Navamsa, is relevant to career.","The Karakamsha, where the Atmakaraka resides in the Navamsa, is significant for career.",career_public_life,other_career_related,94f4d33eb8454981,Gemini,AI,Page 2,CLEANED,0.75,,[],,v2.0,NO_CONFLICT,2025-09-02T10:20:14.037622,JSON refined and scored by AI.
0a4a06c0fde6b199,"{""calculation_context"": {""type"": ""static_placement""}, ""components"": [{""planet"": null, ""sign"": null, ""house"": 9, ""themes"": [""higher_education"", ""university_degree"", ""phd_program"", ""research""]}]}","Foundation Points: 1. Key Houses: The 2nd House (early learning), 4th House (schooling), 5th House (intelligence, college), and 9th House (higher education, university).","The 9th house signifies higher education, including university degrees, PhD programs, and research.","Finally, the 9th House rules the highest levels of academia—university degrees, Ph.D. programs, and research.",learning_education_creativity,"higher_education,research_academic_success",956390e8fc4ca306,Gemini,AI,Page 14,CLEANED,0.75,,[],,v2.0,NO_CONFLICT,2025-09-02T10:24:58.732921,JSON refined and scored by AI.
cce43c3ad9e38e3d,"{""calculation_context"": {""type"": ""static_placement""}, ""components"": [{""planet"": null, ""sign"": null, ""house"": 9, ""strength"": null, ""dignity"": null, ""aspect"": null, ""conjunction"": null}]}",Long-distance and foreign travel are governed by the 9th House.,Long-distance and foreign travel are associated with the 9th House.,Long-distance and foreign travel are governed by the 9th House.,travel_dharma_spirituality,long_travel_foreign,964cf2cd21312874,Gemini,AI,Page 23,CLEANED,0.75,,[],,v2.0,NO_CONFLICT,2025-09-02T10:56:21.979907,JSON refined and scored by AI.
7a9d9d6219c6ac24,"{""calculation_context"": {""type"": ""divisional_chart"", ""divisional_chart_type"": ""saptamsa""}, ""components"": [{""divisional_chart"": ""saptamsa"", ""domain"": [""children"", ""children_potential"", ""children_relationship_with_native"", ""children_destiny""], ""planet"": null, ""sign"": null, ""house"": null}]}","For a highly detailed and nuanced perspective, astrologers analyze the Saptamsa (D-7) chart. This divisional chart provides a microscopic view of one's children, their potential, their relationship with the native, and their overall destiny","The Saptamsa (D-7) chart provides detailed insights into children, their potential, relationship with the native, and overall destiny.","For a highly detailed and nuanced perspective, astrologers analyze the Saptamsa (D-7) chart. This divisional chart provides a microscopic view of one's children, their potential, their relationship with the native, and their overall destiny.",family_lineage,other_children_descendants,96c941d8e3970b88,Gemini,AI,Page 17,CLEANED,0.75,,[],,v2.0,NO_CONFLICT,2025-09-02T10:26:04.946046,JSON refined and scored by AI.
9a01da87bbe6d708,"{""calculation_context"": {""type"": ""navamsa_placement""}, ""components"": [{""planet"": ""atmakaraka"", ""sign_house_placement"": {""placement_type"": ""sign_or_house"", ""sign"": null, ""house"": null}}]}",The placement of the AK in the Navamsa (D-9) chart gives even deeper clues about this purpose.,The Atmakaraka's placement in the Navamsa chart provides further insights into life purpose.,The placement of the Atmakaraka in the Navamsa (D-9) chart gives deeper clues about life purpose.,core_self_vitality,life_path_purpose,970868a276f605e2,Gemini,AI,Page 5,CLEANED,0.75,,[],,v2.0,NO_CONFLICT,2025-09-02T10:34:55.102878,JSON refined and scored by AI.
de52cdfcadd8dda7,"{""calculation_context"": {""type"": ""aspect"", ""aspect_type"": [""malefic""]}, ""components"": [{""planet"": ""Saturn"", ""role"": ""afflicting_planet""}, {""planet"": ""Moon"", ""role"": ""afflicted_planet""}]}","Saturn Affliction: Saturn is the great taskmaster. Wherever it casts its influence, it brings lessons of patience, discipline, and perseverance through delay, obstruction, and responsibility. An affliction from Saturn to the Moon can cause pessimism; to Venus, it can bring dissatisfaction in relationships; to the 10th house, it demands immense hard work for career success. Its lessons are slow and profound.",Saturn afflicting the Moon can lead to pessimism.,Saturn Affliction: An affliction from Saturn to the Moon can cause pessimism.,doshas,saturn_affliction,975b2e2c6063ff94,Gemini,AI,Page 29,CLEANED,0.75,,[],,v2.0,NO_CONFLICT,2025-09-02T10:58:50.080252,JSON refined and scored by AI.
6ebb3392fe5ae36c,"{""calculation_context"": {""type"": ""static_placement""}, ""components"": [{""all_planets"": {""condition"": ""hemmed_between"", ""planets"": [""sun"", ""moon"", ""mars"", ""mercury"", ""jupiter"", ""venus"", ""saturn""], ""reference_points"": [""rahu"", ""ketu""]}}]}","Kaal Sarpa Dosha creates a feeling of being fated or restricted, with unrewarded efforts or sudden reversals of fortune, most intensely felt until the mid-30s or early 40s.","Kaal Sarpa Dosha can lead to feelings of fate or restriction, with efforts going unrewarded and sudden reversals of fortune, particularly until the mid-30s or early 40s.","When all planets are hemmed on one side of the Rahu-Ketu axis, it creates a feeling of being fated or restricted. Individuals may feel that their efforts are not rewarded, or they experience sudden and dramatic reversals of fortune. The effects are often felt most intensely until the mid-30s or early 40s, after which the karmic pattern tends to release its grip.",doshas,kaal_sarpa_dosha,97659061eeb0f135,Gemini,AI,Page 28,CLEANED,0.9,,[],,v2.0,NO_CONFLICT,2025-09-02T10:30:20.255727,JSON refined and scored by AI.
8d40d46e8e463344,"{""calculation_context"": {""type"": ""static_placement""}, ""components"": [{""planet"": null, ""sign"": null, ""house"": 4, ""strength"": null, ""dignity"": null, ""aspect"": null, ""conjunction"": null}]}",The potential for property acquisition and the enjoyment of home comforts are primarily seen from the 4th House.,The 4th house governs property acquisition and the enjoyment of home comforts.,The potential for property acquisition and the enjoyment of home comforts are primarily seen from the 4th House.,home_property_vehicles,"property_acquisition,home_comforts",97cf2a44a5d232fd,Gemini,AI,Page 19,CLEANED,0.75,,[],,v2.0,NO_CONFLICT,2025-09-02T10:26:47.406157,JSON refined and scored by AI.
ad16ce0e2ec4faad,"{""calculation_context"": {""type"": ""general_career_interpretation""}, ""components"": [{""type"": ""link"", ""subject"": [{""type"": ""concept"", ""concept"": ""learning""}, {""type"": ""concept"", ""concept"": ""education""}, {""type"": ""concept"", ""concept"": ""creativity""}], ""predicate"": ""are_tools_for"", ""object"": {""type"": ""concept"", ""concept"": ""career""}}, {""type"": ""link"", ""subject"": [{""type"": ""concept"", ""concept"": ""learning""}, {""type"": ""concept"", ""concept"": ""education""}, {""type"": ""concept"", ""concept"": ""creativity""}], ""predicate"": ""are_qualifications_for"", ""object"": {""type"": ""concept"", ""concept"": ""career""}}]}","Learning, Education & Creativity are the tools and qualifications for a career.","Learning, education, and creativity serve as the tools and qualifications for a career.","Learning, Education & Creativity are the tools and qualifications for a career.",learning_education_creativity,other_learning_related,9898a73e8025e1f9,Gemini,AI,Page 32,CLEANED,0.75,,[],,v2.0,NO_CONFLICT,2025-09-02T10:32:26.167798,JSON refined and scored by AI.
ef4674b1d20fb05e,"{""calculation_context"": {""type"": ""dasha_bhukti""}, ""components"": [{""planet"": ""rahu"", ""condition"": ""dasha""}, {""planet"": [""sun"", ""moon"", ""mars"", ""mercury"", ""jupiter"", ""venus"", ""saturn"", ""rahu"", ""ketu""], ""house"": [""9"", ""12""], ""relationship"": ""associated_with"", ""condition"": ""any""}]}",,,The Dasha of Rahu or planets associated with these houses often triggers a move abroad.,career_public_life,foreign_career_relocation,989d75a5156f17ff,Gemini,AI,Page 3,CLEANED,0.75,,[],,v2.0,NO_CONFLICT,2025-09-02T10:34:05.031979,JSON refined and scored by AI.
258acdb0a1ac69e6,"{""calculation_context"": {""type"": ""dasha_calculation""}, ""components"": [{""type"": ""planetary_period"", ""name"": ""mahadasha"", ""description"": ""Major planetary period"", ""duration"": {""min"": 6, ""max"": 20, ""unit"": ""years""}}, {""type"": ""planetary_period"", ""name"": ""antardasha"", ""aliases"": [""bhukti""], ""description"": ""Sub-period within a Mahadasha"", ""parent_period"": ""mahadasha""}]}","Mahadashas are major periods in a dasha system, lasting 6-20 years, and contain shorter sub-periods called Antardashas or Bhuktis.","Mahadashas are major periods within a dasha system, ranging from 6 to 20 years in duration. Each Mahadasha is further divided into shorter sub-periods known as Antardashas or Bhuktis.","Life unfolds in planetary chapters called Mahadashas (major periods), which can last from 6 to 20 years. Within each Mahadasha are shorter Antardashas or Bhuktis (sub-periods).",timing_windows,other_dashas,98b9acda7406edac,Gemini,AI,Page 30,CLEANED,0.9,,[],,v2.0,NO_CONFLICT,2025-09-02T10:31:21.014498,JSON refined and scored by AI.
9fee65c34d52f3b8,"{""calculation_context"": {""type"": ""affliction""}, ""components"": [{""planet"": null, ""sign"": null, ""house"": 3}, {""planet"": null, ""sign"": null, ""house"": 11}]}",Afflictions to these houses can suggest rivalry or a lack of support.,Afflictions to the 3rd and 11th houses can indicate rivalry or lack of support from siblings.,Afflictions to these houses can suggest rivalry or a lack of support.,relationships,siblings_relations,99192b395490b826,Gemini,AI,Page 18,CLEANED,0.75,,[],,v2.0,NO_CONFLICT,2025-09-02T10:26:27.152084,JSON refined and scored by AI.
143d416cb5849884,"{""calculation_context"": {""type"": ""planetary_dignity_and_house_strength""}, ""components"": [{""planet"": ""Moon"", ""dignity"": {""well_placed"": true, ""bright"": true}}, {""house"": 4, ""strength"": ""strong""}]}",,A well-placed Moon and a strong 4th house indicate nurturing care during childhood.,"A well-placed, bright Moon and a strong 4th house indicate nurturing and emotionally fulfilling care during childhood.",home_property_vehicles,parental_care,997482ea80300969,Gemini,AI,Page 20,CLEANED,0.75,,[],,v2.0,NO_CONFLICT,2025-09-02T10:41:01.064020,JSON refined and scored by AI.
d65f454f070983c7,"{""calculation_context"": {""type"": ""affliction"", ""target"": ""house"", ""target_id"": 3}, ""components"": []}",Afflictions to these houses can suggest rivalry or a lack of support.,Negative influences on the 3rd house may indicate rivalry or lack of support from younger siblings.,Afflictions to the 3rd house can suggest rivalry or a lack of support from younger siblings.,relationships,siblings_relations,99999ab6ff71b37d,Gemini,AI,Page 18,CLEANED,0.75,,[],,v2.0,NO_CONFLICT,2025-09-02T10:54:19.945730,JSON refined and scored by AI.
bed1c3d541edb0c2,"{""calculation_context"": {""type"": ""house_condition""}, ""components"": [{""house"": 4}]}",,The state of the 4th house directly reflects domestic harmony.,Domestic harmony is a direct reflection of the condition of the 4th House.,home_property_vehicles,domestic_harmony,99e6b6fab1bb6cf7,Gemini,AI,Page 20,CLEANED,0.75,,[],,v2.0,NO_CONFLICT,2025-09-02T10:27:04.652815,JSON refined and scored by AI.
a7da14d67c23b39f,"{""calculation_context"": {""type"": ""static_placement""}, ""components"": [{""planet"": null, ""sign"": null, ""house"": 3, ""influence"": [{""domain"": ""siblings"", ""nature"": ""younger""}, {""domain"": ""courage""}, {""domain"": ""communication""}]}]}","The 3rd House governs younger siblings, courage, and communication.","The 3rd house signifies younger siblings, courage, and communication.","The 3rd House governs younger siblings, courage, and communication.",relationships,siblings_relations,9a26db7ab6c7425a,Gemini,AI,Page 18,CLEANED,0.75,,[],,v2.0,NO_CONFLICT,2025-09-02T10:40:00.948055,JSON refined and scored by AI.
2bddb933e42e6a97,"{""calculation_context"": {""type"": ""house_significance""}, ""components"": [{""house"": 9, ""significance"": [{""name"": ""dharma_sthana""}, {""domain"": ""purpose""}, {""domain"": ""higher_wisdom""}, {""domain"": ""philosophy""}, {""domain"": ""guru_influence""}]}]}","The 9th House (Dharma Sthana): The house of purpose, higher wisdom, philosophy, and the Guru.","The 9th house represents purpose, higher wisdom, philosophy, and the Guru.","The 9th House (Dharma Sthana) is the house of purpose, higher wisdom, philosophy, and the Guru.",travel_dharma_spirituality,philosophical_beliefs,9ac0a5e96b4fc9bc,Gemini,AI,Page 5,CLEANED,0.75,,[],,v2.0,NO_CONFLICT,2025-09-02T10:21:16.849317,JSON refined and scored by AI.
e3cc7db14146d24e,"{""calculation_context"": {""type"": ""general_planetary_influences""}, ""components"": [{""type"": ""astrological_concept"", ""concept"": ""travel"", ""aspects"": [{""type"": ""travel_type"", ""value"": ""short_local_trips""}, {""type"": ""travel_type"", ""value"": ""long_distance_foreign_journeys""}, {""type"": ""travel_type"", ""value"": ""pilgrimages""}, {""type"": ""travel_type"", ""value"": ""permanent_relocation_abroad""}]}]}","This area analyzes the potential for all forms of travel, from short local trips to long-distance foreign journeys, pilgrimages, and permanent relocation abroad.","Analysis of travel potential, including short trips, long-distance journeys, pilgrimages, and relocation.","This area analyzes the potential for all forms of travel, from short local trips to long-distance foreign journeys, pilgrimages, and permanent relocation abroad.",travel_dharma_spirituality,long_travel_foreign,9b4d4a9e29d91b5a,Gemini,AI,Page 23,CLEANED,0.75,,[],,v2.0,NO_CONFLICT,2025-09-02T10:42:04.545684,JSON refined and scored by AI.
0c45fb8517fad882,"{""calculation_context"": {""type"": ""static_placement""}, ""components"": [{""planet"": ""lord_9"", ""sign"": null, ""house"": 12, ""relationship"": [{""with"": ""lord_12"", ""aspect"": null, ""conjunction"": true, ""yoga"": null, ""strength"": ""strong""}]}]}",A strong connection between the 9th Lord and the 12th House (foreign lands) or the planet Rahu is a classic combination for foreign education.,A strong relationship between the 9th house lord and the 12th house suggests potential for education in a foreign country.,A strong connection between the lord of the 9th house and the 12th house (representing foreign lands) indicates the possibility of foreign education.,learning_education_creativity,foreign_education,9bc997c38124160b,Gemini,AI,Page 12,CLEANED,0.75,,[],,v2.0,NO_CONFLICT,2025-09-02T10:24:10.499341,JSON refined and scored by AI.
1b78cb4b7ea3f249,"{""calculation_context"": {""type"": ""transit""}, ""components"": [{""planet"": ""Jupiter"", ""aspect"": {""type"": ""any"", ""planets"": [], ""angle"": null}, ""house"": ""any"", ""sign"": ""any"", ""motion"": ""any"", ""dignity"": ""any"", ""strength"": ""any""}]}","It is a time of growth, wisdom, and good fortune.","This period signifies growth, wisdom, and good fortune.","It is a time of growth, wisdom, and good fortune.",timing_windows,jupiter_transits,9c7da3bd2eebc445,Gemini,AI,Page 31,CLEANED,0.6,,[],,v2.0,NO_CONFLICT,2025-09-02T10:31:49.610151,JSON refined and scored by AI.
85356497f43e72d9,"{""calculation_context"": {""type"": ""static_placement""}, ""components"": [{""planet"": null, ""sign"": null, ""house"": 4, ""influence"": [""positive"", ""negative""], ""impact_area"": ""foundational_security""}, {""planet"": null, ""sign"": null, ""house"": 9, ""influence"": [""positive"", ""negative""], ""impact_area"": ""foundational_security""}]}","Family Relations (4th, 9th Houses) impact foundational security. Supportive family is a resource, stressful family drains career energy.","The 4th and 9th houses represent family relations and influence foundational security. A supportive family acts as a resource, while a stressful family can deplete energy needed for career pursuits.","Family Relations (4th, 9th Houses) impact foundational security. Supportive family is a resource, stressful family drains career energy.",relationships,parental_relations,9cd3dae40ef7ba73,Gemini,AI,Page 32,CLEANED,0.75,,[],,v2.0,NO_CONFLICT,2025-09-02T10:32:26.167798,JSON refined and scored by AI.
e1c81a6778c08484,"{""calculation_context"": {""type"": ""static_placement""}, ""components"": [{""planet"": ""saturn"", ""nature"": ""significator"", ""domains"": [""practical_skills"", ""wisdom"", ""knowledge_from_experience"", ""discipline"", ""time_management""]}]}","Finally, practical skills and hard-earned wisdom are the gift of Saturn. Saturn gives knowledge not from theory but from experience, discipline, and time.","Saturn bestows practical skills and wisdom gained through experience, discipline, and time.","Finally, practical skills and hard-earned wisdom are the gift of Saturn. Saturn gives knowledge not from theory but from experience, discipline, and time.",learning_education_creativity,practical_skills,9d321d6849a1e785,Gemini,AI,Page 16,CLEANED,0.75,,[],,v2.0,NO_CONFLICT,2025-09-02T10:25:40.675856,JSON refined and scored by AI.
dd9125beb456404f,"{""calculation_context"": {""type"": ""static_placement""}, ""components"": [{""house"": ""5"", ""strength"": ""strong""}]}","A powerful 5th house indicates that one will derive great happiness and pride from their descendants, ensuring lineage continuity","A strong 5th house signifies happiness and pride from children, ensuring lineage continuity.","A powerful 5th house indicates that one will derive great happiness and pride from their descendants, ensuring lineage continuity.",family_lineage,"child_success,lineage_continuity",9dac7aa2b6d32579,Gemini,AI,Page 17,CLEANED,0.75,,[],,v2.0,NO_CONFLICT,2025-09-02T10:39:36.260453,JSON refined and scored by AI.
5ea5c2f74a6761d9,"{""calculation_context"": {""type"": ""transit"", ""duration_years"": 2.5}, ""components"": [{""planet"": ""Saturn"", ""aspect"": {""type"": ""transit"", ""target"": {""type"": ""house"", ""house_number"": ""any""}}}]}","As Saturn moves through a house (taking ~2.5 years), it brings intense focus, pressure, and karmic tests to that area of life.","Saturn's transit through a house, lasting approximately 2.5 years, brings concentrated focus, pressure, and karmic tests related to the matters of that house.","As Saturn moves through a house (taking ~2.5 years), it brings intense focus, pressure, and karmic tests to that area of life.",timing_windows,saturn_transits,9e11c7c177e88eb1,Gemini,AI,Page 31,CLEANED,0.75,,[],,v2.0,NO_CONFLICT,2025-09-02T10:31:49.610151,JSON refined and scored by AI.
5251363cb4a8c895,"{""calculation_context"": {""type"": ""static_placement""}, ""components"": [{""type"": ""house"", ""index"": 1}, {""type"": ""planet_sign_aspect"", ""planet"": null, ""sign"": {""type"": ""element_group"", ""elements"": [""fire""]}, ""aspect"": null}, {""type"": ""planet_sign_aspect"", ""planet"": null, ""sign"": {""type"": ""element_group"", ""elements"": [""earth""]}, ""aspect"": null}, {""type"": ""planet_sign_aspect"", ""planet"": null, ""sign"": {""type"": ""element_group"", ""elements"": [""air""]}, ""aspect"": null}, {""type"": ""planet_sign_aspect"", ""planet"": null, ""sign"": {""type"": ""element_group"", ""elements"": [""water""]}, ""aspect"": null}]}",,,"The element of the Lagna sign sets the tone: Fiery signs produce a dynamic and assertive nature, Earthy signs a practical and stable one, Airy signs an intellectual and social one, and Watery signs an intuitive and emotional one.",core_self_vitality,self_identity_character,9e43e4c055540c47,Gemini,AI,Page 4,CLEANED,0.75,,[],,v2.0,NO_CONFLICT,2025-09-02T10:20:52.860140,JSON refined and scored by AI.
63ede662e0aa80f2,"{""calculation_context"": {""type"": ""house_placement""}, ""components"": [{""planet"": ""Ketu"", ""aspects"": [], ""conjunctions"": []}]}","Rahu-Ketu Affliction: The nodal axis brings intense and often disruptive karmic experiences. Rahu's influence creates insatiable desire, ambition, obsession, and sudden, unconventional events related to the house it occupies. It amplifies worldly cravings. Ketu's influence brings detachment, confusion, sudden breaks, loss, and spiritual insights. It is a force of dissolution and introspection.","Ketu brings detachment, confusion, sudden breaks, and spiritual insights.","Ketu's influence brings detachment, confusion, sudden breaks, loss, and spiritual insights. It is a force of dissolution and introspection.",doshas,rahu_ketu_affliction,9e47354eedd9155b,Gemini,AI,Page 29,CLEANED,0.75,,[],,v2.0,NO_CONFLICT,2025-09-02T10:58:50.080252,JSON refined and scored by AI.
a20c6cedc33c52d3,"{""calculation_context"": {""type"": ""static_placement""}, ""components"": [{""planet"": ""Jupiter"", ""influence"": ""benefic""}, {""planet"": ""Venus"", ""influence"": ""benefic""}]}",Benefic influences from planets like Jupiter or Venus are highly favorable,Benefic influences from Jupiter or Venus on the 5th house are highly favorable for childbearing.,Benefic influences from planets like Jupiter or Venus are highly favorable.,family_lineage,childbearing_potential,9ee7d3ee44e14a34,Gemini,AI,Page 17,CLEANED,0.75,,[],,v2.0,NO_CONFLICT,2025-09-02T10:26:04.946046,JSON refined and scored by AI.
cf40a55777a1f63f,"{""calculation_context"": {""type"": ""strength""}, ""components"": [{""house"": 9, ""strength"": ""strong""}, {""planet"": {""is_lagna_lord"": true}, ""house"": 9}], ""logic"": ""OR""}","A powerful 9th house, or the Lagna lord's placement there, indicates a life with significant long journeys.",A strong 9th house or the placement of the Lagna lord in the 9th house signifies a life with significant long journeys.,"A powerful 9th house, or the Lagna lord's placement there, indicates a life with significant long journeys.",travel_dharma_spirituality,long_travel_foreign,9eead23578f1cb12,Gemini,AI,Page 23,CLEANED,0.75,,[],,v2.0,NO_CONFLICT,2025-09-02T10:56:21.979907,JSON refined and scored by AI.
bd7bb11c7c60934a,"{""calculation_context"": {""type"": ""house_placement""}, ""components"": [{""planet"": {""any"": true}, ""house"": 9}, {""planet"": {""any"": true}, ""house"": 12}]}","Directly relates to the potential for a foreign career, international business, or relocation for work.","The 9th and 12th houses indicate potential for foreign career, international business, or relocation for work.","Directly relates to the potential for a foreign career, international business, or relocation for work.",career_public_life,foreign_career_relocation,9f288a4881bc1d0d,Gemini,AI,Page 33,CLEANED,0.75,,[],,v2.0,NO_CONFLICT,2025-09-02T10:46:50.789282,JSON refined and scored by AI.
fc50f461c8873ad3,"{""calculation_context"": {""type"": ""house_strength"", ""target"": ""house"", ""strength_type"": ""positive""}, ""components"": [{""house"": 5}]}","Karmic blessings are seen in a strong 5th House, which indicates purva punya, or the fruits of good deeds from past lives. This manifests as intelligence, creativity, or good fortune with children.","A strong 5th house indicates karmic blessings (purva punya) from past lives, manifesting as intelligence, creativity, or good fortune with children.","Karmic blessings are seen in a strong 5th House, which indicates purva punya, or the fruits of good deeds from past lives. This manifests as intelligence, creativity, or good fortune with children.",karma_past_life,karmic_blessings,9f57bc3fdd50bb95,Gemini,AI,Page 24,CLEANED,0.75,,[],,v2.0,NO_CONFLICT,2025-09-02T10:56:42.959012,JSON refined and scored by AI.
854e6930d90ab98a,"{""calculation_context"": {""type"": ""dasha_lord_analysis""}, ""components"": [{""planet"": {""is_dasha_lord"": true, ""forms"": {""yoga"": {""name"": ""raja_yoga"", ""strength"": ""powerful""}}}}]}","The dasha of a planet forming a powerful Raja Yoga brings success, status, and power.","When a planet involved in a strong Raja Yoga is in its dasha period, it brings significant success, elevated status, and increased power.","For example, the Dasha of a planet that forms a powerful Raja Yoga will bring a period of great success, status, and power.",yogas,raja_yogas,9f96e27e1191f79b,Gemini,AI,Page 30,CLEANED,0.75,,[],,v2.0,NO_CONFLICT,2025-09-02T10:31:21.014498,JSON refined and scored by AI.
4e4e26711145ebf8,"{""calculation_context"": {""type"": ""general_interpretation""}, ""components"": [{""type"": ""planet_house_sign_aspect"", ""planets"": [], ""houses"": [{""house"": 9}], ""signs"": [], ""aspects"": []}, {""type"": ""planet_house_sign_aspect"", ""planets"": [{""planet"": ""Jupiter""}], ""houses"": [], ""signs"": [{""sign"": ""Sagittarius""}, {""sign"": ""Pisces""}], ""aspects"": []}, {""type"": ""planet_house_sign_aspect"", ""planets"": [{""planet"": ""Moon""}], ""houses"": [], ""signs"": [], ""aspects"": []}, {""type"": ""planet_house_sign_aspect"", ""planets"": [{""planet"": ""Ketu""}], ""houses"": [{""house"": 12}], ""signs"": [], ""aspects"": []}]}","This guide explores the astrological indicators for journeys, both physical and spiritual. It covers the potential for travel and relocation, as well as the nature of one's personal belief system, spiritual growth, and higher purpose.","This section explores astrological indicators for physical and spiritual journeys, including travel, relocation, beliefs, spiritual growth, and higher purpose.","This guide explores the astrological indicators for journeys, both physical and spiritual. It covers the potential for travel and relocation, as well as the nature of one's personal belief system, spiritual growth, and higher purpose.",travel_dharma_spirituality,"long_travel_foreign,pilgrimage_spiritual_travel,spiritual_growth,philosophical_beliefs",a06e627e7d84bcab,Gemini,AI,Page 22,CLEANED,0.75,,[],,v2.0,NO_CONFLICT,2025-09-02T10:41:45.215483,JSON refined and scored by AI.
8c84b9d8eaa7d4f0,"{""calculation_context"": {""type"": ""general_interpretation""}, ""components"": [{""type"": ""concept"", ""concept"": ""psychological_balance"", ""importance"": ""high""}, {""type"": ""lifespan"", ""span"": ""entire""}]}","Afflictions from challenging planets can indicate a predisposition to stress or anxiety, highlighting the importance of cultivating psychological balance throughout life.",Maintaining psychological balance is important.,highlighting the importance of cultivating psychological balance throughout life.,health_risks_longevity,psychological_balance,a06e64d89af9f513,Gemini,AI,Page 22,CLEANED,0.6,,[],,v2.0,NO_CONFLICT,2025-09-02T10:27:45.920723,JSON refined and scored by AI.
e35c36b659991090,"{""calculation_context"": {""type"": ""static_placement"", ""chart_name"": ""dasamsa""}, ""components"": [{""type"": ""planet_position"", ""planet"": ""ascendant"", ""sign_house_rashi"": ""any""}, {""type"": ""strongest_planet_in_chart"", ""chart_name"": ""dasamsa"", ""strength_calculation_method"": ""shadbhala""}]}",The Dasamsa Chart (D-10): The Lagna of the D-10 and the strongest planet in it provide the most definitive clues.,The D-10 Lagna and its strongest planet are crucial for career analysis.,The Dasamsa chart's Lagna and its strongest planet provide the most definitive career clues.,career_public_life,other_career_related,a09d0ca376f2f82e,Gemini,AI,Page 2,CLEANED,0.75,,[],,v2.0,NO_CONFLICT,2025-09-02T10:33:43.669108,JSON refined and scored by AI.
1b1c89751b282ad9,"{""calculation_context"": {""type"": ""strength_dignity"", ""strength_dignity_type"": ""bala"", ""strength_dignity_condition"": ""strong""}, ""components"": [{""planet"": ""sun""}]}","Independence and autonomy are the domain of a strong Sun, which grants self-reliance, and a well-supported 3rd house, which provides the courage for self-effort.",A strong Sun grants self-reliance and independence.,A strong Sun grants self-reliance and independence.,core_self_vitality,independence_autonomy,a0ab1b2edf1dcc02,Gemini,AI,Page 5,CLEANED,0.75,,[],,v2.0,NO_CONFLICT,2025-09-02T10:48:48.135013,JSON refined and scored by AI.
2ccf1b53b8d068d3,"{""calculation_context"": {""type"": ""yoga_identification""}, ""components"": [{""type"": ""planetary_combination"", ""description"": ""Any combination of planets that constitutes a Yoga""}]}","This guide explains Yogas—the powerful planetary combinations that act as the ""special grammar"" of a birth chart.",Yogas are powerful planetary combinations influencing a birth chart.,"Yogas are powerful planetary combinations that act as the ""special grammar"" of a birth chart.",yogas,other_yogas_related,a10f1326c0c701ce,Gemini,AI,Page 26,CLEANED,0.75,,[],,v2.0,NO_CONFLICT,2025-09-02T10:43:25.981213,JSON refined and scored by AI.
438c02cb10fb7a34,"{""calculation_context"": {""type"": ""yoga"", ""yoga_name"": ""Saraswati Yoga""}, ""components"": [{""planet"": ""mercury"", ""strength"": ""strong"", ""strength_condition"": {""dignity"": ""moolatrikona"", ""house_strength"": ""strong"", ""aspect_strength"": ""beneficial""}}, {""planet"": ""venus"", ""strength"": ""strong"", ""strength_condition"": {""dignity"": ""moolatrikona"", ""house_strength"": ""strong"", ""aspect_strength"": ""beneficial""}}, {""planet"": ""jupiter"", ""strength"": ""strong"", ""strength_condition"": {""dignity"": ""moolatrikona"", ""house_strength"": ""strong"", ""aspect_strength"": ""beneficial""}}]}",,,"The presence of a Saraswati Yoga (strong placements of Mercury, Venus, and Jupiter) is a powerful indicator of a learned, articulate, and highly respected individual.",yogas,saraswati_yoga,a175e828f6eff064,Gemini,AI,Page 12,CLEANED,0.9,,[],,v2.0,NO_CONFLICT,2025-09-02T10:37:27.582461,JSON refined and scored by AI.
08fde802a497cdba,"{""calculation_context"": {""type"": ""house_placement""}, ""components"": [{""planet"": ""Saturn"", ""house"": 10, ""sign_restriction"": null, ""degree_restriction"": null, ""aspect"": null, ""conjunction"": null, ""house_lordship"": null, ""sign_lordship"": null, ""nakashtra"": null, ""special_condition"": null}]}","Saturn Affliction: Saturn is the great taskmaster. Wherever it casts its influence, it brings lessons of patience, discipline, and perseverance through delay, obstruction, and responsibility. An affliction from Saturn to the Moon can cause pessimism; to Venus, it can bring dissatisfaction in relationships; to the 10th house, it demands immense hard work for career success. Its lessons are slow and profound.",Saturn influencing the 10th house requires significant effort for career success.,"to the 10th house, it demands immense hard work for career success.",career_public_life,career_stability_longevity,a1c151ce6f5976c4,Gemini,AI,Page 29,CLEANED,0.75,,[],,v2.0,NO_CONFLICT,2025-09-02T10:58:50.080252,JSON refined and scored by AI.
717038809fb3eb04,"{""calculation_context"": {""type"": ""house_significance""}, ""components"": [{""house"": 2, ""significance"": [""savings"", ""bank_balance"", ""family_assets""]}]}",,,"The 2nd House, however, represents the reservoir—your savings, bank balance, and accumulated family assets.",wealth_assets_resources,savings_investments,a1dc665ce1fd652e,Gemini,AI,Page 9,CLEANED,0.75,,[],,v2.0,NO_CONFLICT,2025-09-02T10:22:47.297281,JSON refined and scored by AI.
1bbdc0c84f22a25a,"{""calculation_context"": {""type"": ""static_placement""}, ""components"": [{""house"": 4, ""significator_of"": ""mother"", ""description"": ""4th House (mother, home)""}, {""planet"": ""moon"", ""karaka"": ""Matru Karaka"", ""description"": ""Moon (Chandra) as the Matru Karaka (significator of mother)""}]}","Maternal Influence: The 4th House (mother, home) and the Moon (Chandra) as the Matru Karaka (significator of mother).",The 4th house and the Moon represent maternal influence.,"Maternal Influence: The 4th House (mother, home) and the Moon (Chandra) as the Matru Karaka (significator of mother).",family_lineage,mother_status_influence,a1e94ccc1499f2c8,Gemini,AI,Page 16,CLEANED,0.75,,[],,v2.0,NO_CONFLICT,2025-09-02T10:39:10.083015,JSON refined and scored by AI.
88d92e20fa3ef6de,"{""calculation_context"": {""type"": ""static_placement""}, ""components"": [{""planet"": ""Sun"", ""sign"": null, ""house"": null}, {""planet"": null, ""sign"": null, ""house"": ""9""}], ""relationship"": {""type"": ""reflects"", ""subject"": ""father"", ""objects"": [{""component_index"": 0}, {""component_index"": 1}]}}",your father's is reflected in the 9th house and the Sun,Paternal influence is seen through the 9th house and the Sun.,your father's is reflected in the 9th house and the Sun.,family_lineage,father_status_influence,a1fa8f011a091fed,Gemini,AI,Page 17,CLEANED,0.75,,[],,v2.0,NO_CONFLICT,2025-09-02T10:26:04.946046,JSON refined and scored by AI.
6477deea2691bd9b,"{""calculation_context"": {""type"": ""atmakaraka""}, ""components"": [{""planet"": ""venus"", ""is_atmakaraka"": true}]}","For example, a Saturn AK indicates a path connected to alleviating the suffering of others, while a Venus AK suggests a path of seeking pure love and creation.","If Venus is the Atmakaraka, the life path involves seeking pure love and creation.",A Venus Atmakaraka suggests a path of seeking pure love and creation.,core_self_vitality,life_path_purpose,a2575b767a0de0ae,Gemini,AI,Page 5,CLEANED,0.75,,[],,v2.0,NO_CONFLICT,2025-09-02T10:21:16.849317,JSON refined and scored by AI.
dfb09ae2dbbbb862,"{""calculation_context"": {""type"": ""static_placement""}, ""components"": [{""type"": ""house"", ""index"": 9, ""strength"": ""strong""}, {""type"": ""planet_lord_of"", ""house"": 9, ""strength"": ""strong""}]}","The 9th House acts as the moral and philosophical compass that guides the individual along their path. A strong 9th house and its lord bestow a clear sense of dharma (right action), strong principles, and the fortune to connect with teachers or guiding philosophies. This is the bedrock of spiritual self-alignment.","A strong 9th house and its lord provide a clear sense of dharma, strong principles, and connections with teachers or guiding philosophies, fostering spiritual self-alignment.","A strong 9th house and its lord bestow a clear sense of dharma (right action), strong principles, and the fortune to connect with teachers or guiding philosophies. This provides a foundation for spiritual self-alignment.",core_self_vitality,"spiritual_self_alignment,life_path_purpose",a2d0bc10b01a9cff,Gemini,AI,Page 5,CLEANED,0.75,,[],,v2.0,NO_CONFLICT,2025-09-02T10:34:55.102878,JSON refined and scored by AI.
e76b184ff3a6a353,"{""calculation_context"": {""type"": ""strength_assessment"", ""target"": ""planet"", ""planet"": ""Sun""}, ""components"": [{""type"": ""planet_strength"", ""planet"": ""Sun"", ""strength_type"": ""general"", ""condition"": [{""state"": ""strong""}, {""state"": ""weak""}, {""state"": ""afflicted""}]}]}",,,"The Sun, as the karaka of the Atma (soul), is the source of vitality, confidence, and charisma. A strong Sun bestows natural leadership, high self-esteem, and physical stamina. A weak or afflicted Sun can manifest as low energy levels and a wavering sense of self.",core_self_vitality,"confidence_charisma,vitality_energy_levels",a31e38012691514d,Gemini,AI,Page 4,CLEANED,0.75,,[],,v2.0,NO_CONFLICT,2025-09-02T10:20:52.860140,JSON refined and scored by AI.
8d10be06b565ee1b,"{""calculation_context"": {""type"": ""dosha"", ""subtype"": ""career_obstacle""}, ""components"": []}",These are the primary obstacles to your career.,Doshas are major career obstacles.,These are the primary obstacles to your career.,doshas,,a33c961bca342339,Gemini,AI,Page 33,CLEANED,0.75,,[],,v2.0,NO_CONFLICT,2025-09-02T10:32:51.795484,JSON refined and scored by AI.
f3ed2b82a7b320e9,"{""calculation_context"": {""type"": ""static_placement"", ""strength"": ""strong""}, ""components"": [{""type"": ""planet"", ""name"": ""sun""}]}","Independence and autonomy are the domain of a strong Sun, which grants self-reliance, and a well-supported 3rd house, which provides the courage for self-effort.",A strong Sun promotes self-reliance and autonomy.,A strong Sun grants self-reliance and contributes to independence and autonomy.,core_self_vitality,independence_autonomy,a4548f2c48767656,Gemini,AI,Page 5,CLEANED,0.75,,[],,v2.0,NO_CONFLICT,2025-09-02T10:34:55.102878,JSON refined and scored by AI.
71658c8ce9cab5ef,"{""calculation_context"": {""type"": ""static_placement""}, ""components"": [{""planet"": null, ""sign"": [""taurus"", ""leo"", ""scorpio"", ""aquarius""], ""house"": ""10th"", ""relationship"": ""in""}]}",,,"a 10th house in a Fixed sign (Taurus, Leo, Scorpio, Aquarius) promotes longevity and stability.",career_public_life,career_stability_longevity,a45d8d6eb8992338,Gemini,AI,Page 3,CLEANED,0.75,,[],,v2.0,NO_CONFLICT,2025-09-02T10:47:58.913394,JSON refined and scored by AI.
935fdbdaebf5ed1c,"{""calculation_context"": {""type"": ""conjunction""}, ""components"": [{""planet"": ""jupiter""}, {""planet"": ""ketu""}]}","While education deals with information, wisdom deals with truth. The quest for philosophical understanding and higher knowledge is the domain of the 9th House and Jupiter. A strong 9th house and a powerful Jupiter create a natural philosopher, a teacher, or a lifelong student of life, always seeking a deeper meaning. The 5th house, as the house of purva punya (past life credit), can also bestow innate wisdom that doesn't come from books. Spiritual learning is primarily seen through the 12th House (the house of liberation) and the influence of Ketu. As the significator for moksha (enlightenment), Ketu provides profound intuitive insights and a natural detachment from worldly matters, guiding the soul towards introspection and self-realization. A prominent connection between Jupiter and Ketu often produces a powerful spiritual seeker or guide. Finally, practical, hard-earned wisdom is the gift of Saturn. Saturn gives knowledge not from theory but from experience, discipline, and time. Its influence teaches the lessons of reality, creating a grounded and resilient understanding of the world.",,A prominent connection between Jupiter and Ketu often produces a powerful spiritual seeker or guide.,yogas,other_spiritual_knowledge_yogas,a47651791370cf94,Gemini,AI,Page 13,CLEANED,0.75,,[],,v2.0,NO_CONFLICT,2025-09-02T10:52:33.273007,JSON refinement AI call failed; using original raw JSON.
7e8695d4bc26bb34,"{""calculation_context"": {""type"": ""static_placement""}, ""components"": [{""planet"": null, ""sign"": null, ""house"": 6, ""strength"": ""weak"", ""affliction"": true}]}",A challenging 6th house can indicate a struggle with debt,A weak 6th house can indicate debt struggles.,A weak or afflicted 6th house can indicate struggles with debt.,wealth_assets_resources,debts_liabilities,a4e63f5b93b05e13,Gemini,AI,Page 10,CLEANED,0.75,,[],,v2.0,NO_CONFLICT,2025-09-02T10:23:17.585684,JSON refined and scored by AI.
d950d1b0ff9370ab,"{""calculation_context"": {""type"": ""static_placement""}, ""components"": [{""type"": ""planet_placement_sign"", ""planet"": ""Moon""}, {""type"": ""planet_placement_nakshatra"", ""planet"": ""Moon""}, {""type"": ""planet_phase"", ""planet"": ""Moon""}]}",,,"The Moon (Chandra): Its sign (Rasi), Nakshatra (lunar mansion), and phase (waxing or waning).",core_self_vitality,self_identity_character,a575d727ca6b748c,Gemini,AI,Page 4,CLEANED,0.9,,[],,v2.0,NO_CONFLICT,2025-09-02T10:48:18.736189,JSON refined and scored by AI.
c19379ab61ca865d,"{""calculation_context"": {""type"": ""static_placement""}, ""components"": [{""type"": ""yoga"", ""name"": ""Strength & Success Yogas"", ""details"": {""description"": ""Combination of planetary placements indicating worldly success.""}}]}","These are powerful combinations that bestow worldly success, including status, wealth, leadership, and public recognition.","Strength & Success Yogas grant worldly success, including status, wealth, leadership, and recognition.","Strength & Success Yogas are powerful combinations that bestow worldly success, including status, wealth, leadership, and public recognition.",yogas,other_strength_success_yogas,a5cb6c7f88b1c614,Gemini,AI,Page 26,CLEANED,0.75,,[],,v2.0,NO_CONFLICT,2025-09-02T10:43:25.981213,JSON refined and scored by AI.
4f1bb080f3c5e3ea,"{""calculation_context"": {""type"": ""combined_strength_assessment"", ""target_quality"": ""material_comforts"", ""indicators"": [""home_ownership"", ""vehicle_ownership""]}, ""components"": [{""planet"": ""venus"", ""strength_assessment_type"": ""strength""}, {""house"": 2, ""strength_assessment_type"": ""strength""}, {""house"": 4, ""strength_assessment_type"": ""strength""}]}","The combined strength of the 2nd house, 4th house, and Venus indicates a life with material comforts, including nice homes and cars.","A strong 2nd house, 4th house, and Venus indicate material comforts like nice homes and cars.","The combined strength of the 2nd house, 4th house, and Venus indicates a life with material comforts, including nice homes and cars.",home_property_vehicles,"home_comforts,vehicle_ownership",a6f1a50d9cd7454f,Gemini,AI,Page 10,CLEANED,0.75,,[],,v2.0,NO_CONFLICT,2025-09-02T10:36:38.493081,JSON refined and scored by AI.
318466aa50ab9081,"{""calculation_context"": {""type"": ""dasha_system""}, ""components"": [{""type"": ""planet"", ""attribute"": ""dasha_lord"", ""relationship"": ""forms"", ""target"": {""type"": ""yoga"", ""name"": ""raja_yoga"", ""strength"": ""powerful""}}]}","The Dasha of a planet forming a powerful Raja Yoga brings success, status, and power.","When the Dasha period of a planet involved in a strong Raja Yoga occurs, it is associated with significant success, elevated status, and increased power.","For example, the Dasha of a planet that forms a powerful Raja Yoga will bring a period of great success, status, and power.",yogas,raja_yogas,a6fcf43d796c04b9,Gemini,AI,Page 30,CLEANED,0.75,,[],,v2.0,NO_CONFLICT,2025-09-02T10:59:24.708002,JSON refined and scored by AI.
645e33362fd396ec,"{""calculation_context"": {""type"": ""malefic_influence_on_house_or_planet""}, ""components"": [{""house"": 10, ""influence_type"": ""malefic""}, {""planet"": ""Moon"", ""influence_type"": ""malefic""}], ""logic"": ""or""}",,Malefic influences on the 10th house or Moon can create a controversial or difficult reputation.,Malefic influences on the 10th house or the Moon can create a controversial or hard-won reputation.,career_public_life,public_image_reputation,a7211b4d3254b551,Gemini,AI,Page 1,CLEANED,0.75,,[],,v2.0,NO_CONFLICT,2025-09-02T10:19:54.272290,JSON refined and scored by AI.
bd838bb5e9fbe868,"{""calculation_context"": {""type"": ""static_placement""}, ""components"": [{""planet"": ""lord_9"", ""sign"": null, ""house"": 12}, {""planet"": ""rahu"", ""sign"": null, ""house"": null}]}",A strong connection between the 9th Lord and the 12th House (foreign lands) or the planet Rahu is a classic combination for foreign education.,A strong connection between the 9th lord and the 12th house or Rahu indicates foreign education.,A strong connection between the 9th Lord and the 12th House (foreign lands) or the planet Rahu is a classic combination for foreign education.,learning_education_creativity,foreign_education,a765749fa51bdb97,Gemini,AI,Page 14,CLEANED,0.75,,[],,v2.0,NO_CONFLICT,2025-09-02T10:24:58.732921,JSON refinement AI call failed; using original raw JSON.
ed309b1b7dfb9fc2,"{""calculation_context"": {""type"": ""strength_and_influence""}, ""components"": [{""planet"": {""relationship"": ""lord_of"", ""house"": 6}, ""strength"": ""strong"", ""influence"": null}]}",,A strong 6th lord makes one formidable and victorious over opponents.,A strong 6th lord can make one formidable and victorious over opponents (a good placement for lawyers or politicians).,relationships,disputes_conflicts,a78b5c3179470a39,Gemini,AI,Page 8,CLEANED,0.75,,[],,v2.0,NO_CONFLICT,2025-09-02T10:35:55.234893,JSON refined and scored by AI.
0494d7172f3debcb,"{""calculation_context"": {""type"": ""atmakaraka""}, ""components"": [{""type"": ""planet_longitude"", ""condition"": ""highest_degree"", ""target"": ""all_planets""}]}","The Atmakaraka (AK), the planet at the highest degree, signifies the soul's desire for authority or recognition.","The Atmakaraka (AK), the highest degree planet, signifies the soul's desire for authority or recognition.","The Atmakaraka (AK), the planet at the highest degree, signifying the soul's desire for authority or recognition.",career_public_life,authority_leadership,a7a279f6d8661357,Gemini,AI,Page 1,CLEANED,0.9,,[],,v2.0,NO_CONFLICT,2025-09-02T10:33:24.389045,JSON refined and scored by AI.
322fbe8ceba712e7,"{""calculation_context"": {""type"": ""aspect""}, ""components"": [{""planet"": ""Saturn"", ""type"": ""affliction"", ""aspects"": [{""aspecting_planet"": ""any"", ""degrees"": [0, 180], ""orb"": 0}, {""aspecting_planet"": ""any"", ""degrees"": [60, 120, 240, 300], ""orb"": 0}]}]}","Saturn Affliction: The influence of Saturn (Shani) by conjunction or aspect (3rd, 7th, 10th).","Saturn afflicts a planet or house through conjunction or its 3rd, 7th, or 10th aspect.","Saturn Affliction: The influence of Saturn (Shani) by conjunction or aspect (3rd, 7th, 10th).",doshas,saturn_affliction,a7bd51bac58b6f51,Gemini,AI,Page 29,CLEANED,0.9,,[],,v2.0,NO_CONFLICT,2025-09-02T10:58:50.080252,JSON refined and scored by AI.
e316631950f4f090,"{""calculation_context"": {""type"": ""house_lord_strength_and_connection""}, ""components"": [{""house"": 5, ""lord"": {""strength"": ""strong"", ""strength_calculation_type"": ""shadbala""}, ""connection_type"": ""any"", ""connected_houses"": [2, 11]}]}",,,A strong 5th lord connected to wealth houses can bring fortune through calculated risks.,wealth_assets_resources,speculative_gains_losses,a871d74cba1aeda1,Gemini,AI,Page 9,CLEANED,0.75,,[],,v2.0,NO_CONFLICT,2025-09-02T10:36:22.633128,JSON refined and scored by AI.
321a87701e53a937,"{""calculation_context"": {""type"": ""yoga_presence"", ""yoga_name"": ""Chandra Guru Yoga (Gajakesari)""}, ""components"": [{""type"": ""planetary_relationship"", ""planets"": [""Moon"", ""Jupiter""], ""relationship"": ""conjunction_or_aspect""}]}","Chandra Guru Yoga (Gajakesari): While it gives worldly success, this yoga is also a powerful knowledge yoga, granting wisdom, high morals, and a clear, benevolent mind.","Chandra Guru Yoga (Gajakesari) is considered a potent knowledge yoga, bestowing wisdom, strong moral principles, and a clear, compassionate mind.","Chandra Guru Yoga (Gajakesari) is a powerful knowledge yoga, granting wisdom, high morals, and a clear, benevolent mind.",yogas,"chandra_guru_yoga,gajakesari_yoga,other_spiritual_knowledge_yogas",a8a7c96736d689c4,Gemini,AI,Page 27,CLEANED,0.9,,[],,v2.0,NO_CONFLICT,2025-09-02T10:43:51.137128,JSON refined and scored by AI.
addbc0de02b1f869,"{""calculation_context"": {""type"": ""static_placement""}, ""components"": [{""planet"": ""mars"", ""house"": 1}, {""planet"": ""mars"", ""house"": 4}, {""planet"": ""mars"", ""house"": 7}, {""planet"": ""mars"", ""house"": 8}, {""planet"": ""mars"", ""house"": 12}]}","Mangal Dosha: Mars in the 1st, 4th, 7th, 8th, or 12th house.","Mars positioned in the 1st, 4th, 7th, 8th, or 12th house creates Mangal Dosha.","Mars (Mangala) in the 1st, 4th, 7th, 8th, or 12th house.",doshas,mangal_dosha,a8b217a1609a9de4,Gemini,AI,Page 28,CLEANED,0.9,,[],,v2.0,NO_CONFLICT,2025-09-02T10:30:20.255727,JSON refined and scored by AI.
1bba1aef5ddccd86,"{""calculation_context"": {""type"": ""static_placement""}, ""components"": [{""planet"": ""ketu"", ""influence_on"": {""house"": ""12""}}]}",Spiritual learning is primarily seen through the 12th House (liberation) and the influence of Ketu.,Spiritual learning and pursuits are indicated by the 12th house and Ketu's influence.,Spiritual learning is primarily seen through the 12th House (liberation) and the influence of Ketu.,learning_education_creativity,spiritual_learning,a8dd73432cd2837a,Gemini,AI,Page 16,CLEANED,0.75,,[],,v2.0,NO_CONFLICT,2025-09-02T10:39:10.083015,JSON refined and scored by AI.
e02ad57f92a3c7d5,"{""calculation_context"": {""type"": ""upapada_lagna""}, ""components"": []}","The Upapada Lagna (UL) for the institution of marriage, and specific doshas like Mangal Dosha.","The Upapada Lagna (UL) is significant for marriage, as are specific doshas like Mangal Dosha.",,relationships,marriage_spouse,a8ebe6607b962b39,Gemini,AI,Page 6,CLEANED,0.9,,[],,v2.0,NO_CONFLICT,2025-09-02T10:49:17.428578,JSON refined and scored by AI.
c004a6451e6e2127,"{""calculation_context"": {""type"": ""static_placement""}, ""components"": [{""planet"": null, ""sign"": null, ""house"": 4, ""sub_house"": null, ""degree"": null, ""nakshatra"": null, ""nakshatra_pada"": null, ""house_aspect"": null, ""sign_aspect"": null, ""conjunction"": null}]}",,The 4th house is associated with schooling.,4th House (schooling),learning_education_creativity,primary_education,a8f0ed5f530a3620,Gemini,AI,Page 11,CLEANED,0.75,,[],,v2.0,NO_CONFLICT,2025-09-02T10:36:59.267468,JSON refined and scored by AI.
e6f30415451434ef,"{""calculation_context"": {""type"": ""static_placement""}, ""components"": [{""planet"": ""rahu"", ""aspect"": null, ""sign"": null, ""house"": null, ""dignity"": null, ""strength"": null, ""conjunction"": null, ""dispositor"": null, ""dispositor_sign"": null, ""dispositor_house"": null, ""nak\u1e63atra"": null, ""nak\u1e63atra_p\u0101da"": null, ""sub"": null, ""sub_sub"": null}]}","Your unique skills and creative talents are revealed through the 3rd and 5th houses of your chart. The 3rd house governs practiced abilities like writing and manual arts, while the 5th house is the wellspring of your innate creativity and expressive power. The specific nature of your talent is colored by key planets—Venus for artistic pursuits, Mercury for intellectual skills, and Rahu for a gift of innovation.",Rahu grants a gift of innovation.,Rahu for a gift of innovation.,learning_education_creativity,innovation_invention,a9b653039224d281,Gemini,AI,Page 13,CLEANED,0.75,,[],,v2.0,NO_CONFLICT,2025-09-02T10:24:35.699149,JSON refined and scored by AI.
accd4a68b5510461,"{""calculation_context"": {""type"": ""static_placement""}, ""components"": [{""planet"": ""lagna""}, {""planet"": ""moon""}]}","Without good health and energy, a sustained and successful career is impossible.",Good health and energy are essential for a successful and long-lasting career.,"Without good health and energy, a sustained and successful career is impossible.",health_risks_longevity,"general_health,vitality_energy_levels",aa0d0969ee0d70fe,Gemini,AI,Page 33,CLEANED,0.75,,[],,v2.0,NO_CONFLICT,2025-09-02T10:32:51.794467,JSON refinement AI call failed; using original raw JSON.
1bd22c62c22cb5f6,"{""calculation_context"": {""type"": ""dhana_yoga""}, ""components"": [{""planet"": ""lord_2"", ""relationship"": ""connected_to"", ""target"": [""lord_11"", ""lord_9"", ""lord_5""], ""connection_type"": [""conjunction"", ""aspect"", ""sign_exchange""]}, {""planet"": ""lord_11"", ""relationship"": ""connected_to"", ""target"": [""lord_2"", ""lord_9"", ""lord_5""], ""connection_type"": [""conjunction"", ""aspect"", ""sign_exchange""]}, {""planet"": ""lord_9"", ""relationship"": ""connected_to"", ""target"": [""lord_2"", ""lord_11"", ""lord_5""], ""connection_type"": [""conjunction"", ""aspect"", ""sign_exchange""]}, {""planet"": ""lord_5"", ""relationship"": ""connected_to"", ""target"": [""lord_2"", ""lord_11"", ""lord_9""], ""connection_type"": [""conjunction"", ""aspect"", ""sign_exchange""]}]}",,,"The most powerful indicators of prosperity are the Dhana Yogas, formed by connections between the lords of the houses of wealth (2, 11), fortune (9), and intellect (5).",yogas,dhana_yogas,aa65a8e757aecff8,Gemini,AI,Page 9,CLEANED,0.75,,[],,v2.0,NO_CONFLICT,2025-09-02T10:22:47.297281,JSON refined and scored by AI.
08df6105702e9a94,"{""calculation_context"": {""type"": ""static_placement""}, ""components"": [{""operator"": ""OR"", ""operands"": [{""planets"": [""sun""], ""afflicted_by"": [""rahu"", ""ketu"", ""saturn""], ""aspects"": [""conjunction"", ""opposition"", ""square""]}, {""house"": 9, ""afflicted_by"": [""rahu"", ""ketu"", ""saturn""], ""aspects"": [""conjunction"", ""opposition"", ""square""]}]}]}","It can manifest as persistent obstacles in career, finances, health, or progeny","Pitru Dosha can create ongoing challenges in career, finances, health, and having children.","It can manifest as persistent obstacles in career, finances, health, or progeny, suggesting a need to honor the ancestors to clear the path forward.",career_public_life,other_career_dynamics,aa75a3926e37a067,Gemini,AI,Page 28,CLEANED,0.75,,[],,v2.0,NO_CONFLICT,2025-09-02T10:44:22.252041,JSON refined and scored by AI.
4529b769b4515896,"{""calculation_context"": {""type"": ""yoga_check"", ""yoga_type"": ""raja_yoga"", ""strength_matters"": true}, ""components"": [{""yoga_name"": ""raja_yoga"", ""condition"": ""present""}]}",Their presence indicates a rise to a position of leadership and influence.,Raja Yogas indicate rise to leadership and influence.,The presence of Raja Yogas indicates a rise to a position of leadership and influence.,yogas,raja_yogas,ab47c8ff538caf9c,Gemini,AI,Page 26,CLEANED,0.75,,[],,v2.0,NO_CONFLICT,2025-09-02T10:57:39.627964,JSON refined and scored by AI.
66fae0b39c77a7a5,"{""calculation_context"": {""type"": ""strength_dignity"", ""target"": ""planet"", ""strength_type"": [""shadbala"", ""vimsopaka_bala""], ""strength_condition"": ""strong""}, ""components"": [{""planet"": ""lord_6"", ""sign"": null, ""house"": null}]}",,A strong 6th lord makes one formidable and victorious over opponents.,A strong 6th lord can make one formidable and victorious over opponents (a good placement for lawyers or politicians).,relationships,disputes_conflicts,ab84b9813d6d0450,Gemini,AI,Page 8,CLEANED,0.75,,[],,v2.0,NO_CONFLICT,2025-09-02T10:22:15.769979,JSON refined and scored by AI.
22303d00aabafb56,"{""calculation_context"": {""type"": ""static_placement""}, ""components"": [{""planet"": ""jupiter"", ""sign"": null, ""house"": [2, 11], ""influence"": [{""aspect"": null, ""conjunction"": null, ""sign_lordship"": null, ""house_lordship"": null}]}, {""planet"": ""saturn"", ""sign"": null, ""house"": [2, 11], ""strength"": ""strong"", ""influence"": [{""aspect"": null, ""conjunction"": null, ""sign_lordship"": null, ""house_lordship"": null}]}, {""planet"": null, ""sign"": [""taurus"", ""leo"", ""scorpio"", ""aquarius""], ""house"": [2, 11]}]}","Wealth stability is often seen when the primary wealth houses (2nd and 11th) are located in Fixed signs (Taurus, Leo, Scorpio, Aquarius) and are influenced by stable planets like Jupiter or a strong Saturn.",2nd and 11th houses in fixed signs and influenced by Jupiter or strong Saturn indicate wealth stability.,"Wealth stability is indicated when the 2nd and 11th houses are in Fixed signs (Taurus, Leo, Scorpio, Aquarius) and influenced by Jupiter or a strong Saturn.",wealth_assets_resources,wealth_stability,ac98e1251bdd4227,Gemini,AI,Page 10,CLEANED,0.9,,[],,v2.0,NO_CONFLICT,2025-09-02T10:23:17.585684,JSON refined and scored by AI.
84438b6dc5aa97d8,"{""calculation_context"": {""type"": ""house_significance"", ""domain"": ""relationships""}, ""components"": [{""house"": 5, ""significance"": [""love_relationships"", ""romance""]}]}",,,The 5th House governs love relationships and romance.,relationships,love_relationships,aca1366db0196e67,Gemini,AI,Page 6,CLEANED,0.75,,[],,v2.0,NO_CONFLICT,2025-09-02T10:35:17.317273,JSON refined and scored by AI.
42cd45916a7f65fb,"{""calculation_context"": {""type"": ""lordship_strength"", ""target"": ""strong""}, ""components"": [{""house"": 12, ""planet"": {""is_lord_of"": 12}}]}",A strong 12th lord indicates a deep-seated desire for enlightenment and a life path that supports it.,A strong lord of the 12th house suggests a strong desire for enlightenment and a life path conducive to spiritual growth.,A strong 12th lord indicates a deep-seated desire for enlightenment and a life path that supports it.,karma_past_life,moksha_factors,acf56a64a949a2b6,Gemini,AI,Page 25,CLEANED,0.75,,[],,v2.0,NO_CONFLICT,2025-09-02T10:28:58.530413,JSON refined and scored by AI.
c8513fb95370c2b0,"{""calculation_context"": {""type"": ""static_placement""}, ""components"": [{""planet"": ""Saturn"", ""aspect"": {""to_planet"": ""Moon"", ""type"": [""aspect""]}}]}","Saturn Affliction: Saturn is the great taskmaster. Wherever it casts its influence, it brings lessons of patience, discipline, and perseverance through delay, obstruction, and responsibility. An affliction from Saturn to the Moon can cause pessimism; to Venus, it can bring dissatisfaction in relationships; to the 10th house, it demands immense hard work for career success. Its lessons are slow and profound.",Saturn afflicting the Moon can lead to pessimism.,An affliction from Saturn to the Moon can cause pessimism,doshas,saturn_affliction,ad8d797787376859,Gemini,AI,Page 29,CLEANED,0.75,,[],,v2.0,NO_CONFLICT,2025-09-02T10:44:49.297269,JSON refined and scored by AI.
fd7c1b0c36a40db8,"{""calculation_context"": {""type"": ""static_placement""}, ""components"": [{""house"": ""5"", ""strength"": ""strong"", ""significance"": [""powerful""]}]}","A powerful 5th house indicates that one will derive great happiness and pride from their descendants, ensuring lineage continuity","A strong 5th house signifies happiness and pride from descendants, ensuring lineage continuity.","A powerful 5th house indicates that one will derive great happiness and pride from their descendants, ensuring lineage continuity.",family_lineage,"child_success,lineage_continuity",ad8e582d51117618,Gemini,AI,Page 17,CLEANED,0.75,,[],,v2.0,NO_CONFLICT,2025-09-02T10:26:04.946046,JSON refined and scored by AI.
f1f03d49b0f604bc,"{""calculation_context"": {""type"": ""static_placement""}, ""components"": [{""house"": 9, ""significators"": [{""significator"": ""father"", ""aspects"": [""influence"", ""teacher_role"", ""fortune"", ""belief_system""]}]}, {""planet"": ""sun"", ""significators"": [{""significator"": ""father"", ""aspects"": [""vitality"", ""authority""]}]}]}","The father's influence is seen from the 9th House, representing him as a teacher, his fortune, and his belief system. The Sun's strength reflects his vitality, authority, and","The 9th house represents the father's influence, role as a teacher, fortune, and beliefs. The Sun's strength reflects his vitality and authority.","The father's influence is seen from the 9th House, representing him as a teacher, his fortune, and his belief system. The Sun's strength reflects his vitality, authority, and",family_lineage,father_status_influence,ad98bdb0631ef979,Gemini,AI,Page 16,CLEANED,0.75,,[],,v2.0,NO_CONFLICT,2025-09-02T10:25:40.675856,JSON refined and scored by AI.
147307739762c729,"{""calculation_context"": {""type"": ""dasha_lord_analysis""}, ""components"": [{""planet"": {""relationship"": {""target"": {""house"": [""8th"", ""12th""]}, ""type"": [""aspect"", ""conjunction"", ""ownership""]}}}]}","The Dasha of a planet connected to a difficult house (8th or 12th) can bring transformation, loss, or spiritual introspection.","If a planet associated with a challenging house like the 8th or 12th is in its Dasha period, it can lead to periods of transformation, loss, or spiritual introspection.","The Dasha of a planet connected to a difficult house (like the 8th or 12th) can bring periods of transformation, loss, or spiritual introspection.",timing_windows,other_dashas,ae2a9a93603104ce,Gemini,AI,Page 30,CLEANED,0.75,,[],,v2.0,NO_CONFLICT,2025-09-02T10:45:21.800542,JSON refined and scored by AI.
36e895d082f40c24,"{""calculation_context"": {""type"": ""static_placement""}, ""components"": [{""planet"": ""sun"", ""significance"": ""natural significator of authority""}, {""planet"": ""mars"", ""significance"": ""command""}, {""planet"": ""saturn"", ""significance"": ""influence over the masses""}, {""planet"": ""moon"", ""significance"": ""public perception""}]}",,"The Sun signifies authority, Mars command, Saturn influence over masses, and the Moon public perception.","Key Planets (Grahas): The Sun (Surya - natural significator of authority), Mars (Mangala - command), Saturn (Shani - influence over the masses), and the Moon (Chandra - public perception).",career_public_life,authority_leadership,ae70f75dc3532679,Gemini,AI,Page 1,CLEANED,0.75,,[],,v2.0,NO_CONFLICT,2025-09-02T10:19:54.272290,JSON refined and scored by AI.
3551cd3e958d869d,"{""calculation_context"": {""type"": ""dasha_bhukti""}, ""components"": [{""planet"": null, ""yoga"": [{""name"": ""Raja Yoga""}, {""name"": ""Dhana Yoga""}, {""name"": ""Gaja Kesari Yoga""}], ""relationship"": ""forming"", ""strength"": ""powerful""}]}",,,"Significant growth, promotions, or the start of a new venture invariably occurs in the Dasha or Bhukti of planets forming powerful Yogas.",career_public_life,career_peak_timing,ae958bfe4776cdf8,Gemini,AI,Page 3,CLEANED,0.75,,[],,v2.0,NO_CONFLICT,2025-09-02T10:47:58.913394,JSON refined and scored by AI.
b85e5ea9e4ac253d,"{""calculation_context"": {""type"": ""static_placement""}, ""components"": [{""planet"": null, ""sign"": null, ""house"": 11, ""relationship"": {""type"": ""elder_sibling"", ""aspect"": null}}]}",The 11th House similarly governs the relationship with elder siblings.,The 11th house signifies the relationship with elder siblings.,The 11th House similarly governs the relationship with elder siblings.,relationships,siblings_relations,aec3b45b9d86259b,Gemini,AI,Page 18,CLEANED,0.75,,[],,v2.0,NO_CONFLICT,2025-09-02T10:40:00.948055,JSON refined and scored by AI.
d0240827a02d488f,"{""calculation_context"": {""type"": ""aspect""}, ""components"": [{""planet"": ""Saturn"", ""aspect"": {""to_planet"": ""Venus"", ""type"": ""any""}}]}","Saturn Affliction: Saturn is the great taskmaster. Wherever it casts its influence, it brings lessons of patience, discipline, and perseverance through delay, obstruction, and responsibility. An affliction from Saturn to the Moon can cause pessimism; to Venus, it can bring dissatisfaction in relationships; to the 10th house, it demands immense hard work for career success. Its lessons are slow and profound.",Saturn afflicting Venus can cause dissatisfaction in relationships.,"to Venus, it can bring dissatisfaction in relationships",relationships,love_relationships,aee26425ade30d56,Gemini,AI,Page 29,CLEANED,0.75,,[],,v2.0,NO_CONFLICT,2025-09-02T10:44:49.297269,JSON refined and scored by AI.
39e89e0f0bbda8e1,"{""calculation_context"": {""type"": ""static_placement""}, ""components"": [{""planet"": null, ""sign"": null, ""house"": 2, ""lordship_strength"": ""strong"", ""interconnected_with"": [{""house"": 4, ""relationship_type"": [""conjunction"", ""aspect""]}, {""house"": 11, ""relationship_type"": [""conjunction"", ""aspect""]}]}, {""planet"": null, ""sign"": null, ""house"": 4, ""lordship_strength"": ""strong"", ""interconnected_with"": [{""house"": 2, ""relationship_type"": [""conjunction"", ""aspect""]}, {""house"": 11, ""relationship_type"": [""conjunction"", ""aspect""]}]}, {""planet"": null, ""sign"": null, ""house"": 11, ""lordship_strength"": ""strong"", ""interconnected_with"": [{""house"": 2, ""relationship_type"": [""conjunction"", ""aspect""]}, {""house"": 4, ""relationship_type"": [""conjunction"", ""aspect""]}]}]}","When the lords of the 2nd, 4th, and 11th (gains) houses are strong and interconnected, it indicates a life filled with material comforts and high-value possessions.","Strong and interconnected lords of the 2nd, 4th, and 11th houses indicate a life filled with material comforts and high-value possessions.","When the lords of the 2nd, 4th, and 11th (gains) houses are strong and interconnected, it indicates a life filled with material comforts and high-value possessions.",wealth_assets_resources,luxury_possessions,af490feb4090f5d6,Gemini,AI,Page 19,CLEANED,0.75,,[],,v2.0,NO_CONFLICT,2025-09-02T10:40:43.298257,JSON refined and scored by AI.
8ddbfff81c9acaab,"{""calculation_context"": {""type"": ""static_placement""}, ""components"": [{""planet"": ""Jupiter"", ""aspect"": {""target"": null, ""type"": null}, ""sign_house_rashi"": null, ""significance"": [""general_significator_of_wealth"", ""general_significator_of_fortune""]}]}",,,Jupiter (Guru) as the general significator of wealth and fortune,wealth_assets_resources,income_primary,afb6b53dfbd088fb,Gemini,AI,Page 9,CLEANED,0.75,,[],,v2.0,NO_CONFLICT,2025-09-02T10:22:47.295643,JSON refined and scored by AI.
1578c397323b1eaf,"{""calculation_context"": {""type"": ""dasha""}, ""components"": [{""planet"": {""type"": ""functional_planet"", ""functional_type"": ""lord_of_house"", ""house"": 10}}, {""planet"": {""type"": ""raja_yoga_planet""}}, {""planet"": {""type"": ""atmakaraka""}}], ""logic"": ""OR""}","The Dasha of the 10th lord, a Raja Yoga planet, or the Atmakaraka will bring your most significant professional periods.","Dashas of the 10th lord, Raja Yoga planet, or Atmakaraka signify important career periods.","The Dasha of the 10th lord, a Raja Yoga planet, or the Atmakaraka will bring your most significant professional periods.",timing_windows,other_dashas,afc7b1578e254f80,Gemini,AI,Page 33,CLEANED,0.75,,[],,v2.0,NO_CONFLICT,2025-09-02T10:32:51.795484,JSON refined and scored by AI.
a673a068245515d3,"{""calculation_context"": {""type"": ""static_placement""}, ""components"": [{""planet"": [""ketu""], ""house"": 12, ""influence"": ""no_malefic""}, {""planet"": [""jupiter""], ""house"": 12, ""influence"": ""no_malefic""}], ""interpretation_context"": {""moksha"": true}}",Moksha Yogas: ... indicating a soul in its final stages of the karmic cycle.,This placement suggests a soul nearing the end of its karmic cycle.,indicating a soul in its final stages of the karmic cycle.,karma_past_life,moksha_factors,afeff001ad40ac94,Gemini,AI,Page 27,CLEANED,0.75,,[],,v2.0,NO_CONFLICT,2025-09-02T10:58:00.637955,JSON refined and scored by AI.
ae92d385381de5bc,"{""calculation_context"": {""type"": ""static_placement""}, ""components"": [{""house"": ""12th"", ""relationship"": ""occupies"", ""entities"": [{""type"": ""any"", ""subtype"": null}], ""interpretation"": ""foreign connections/isolation""}, {""house"": ""3rd"", ""relationship"": ""occupies"", ""entities"": [{""type"": ""any"", ""subtype"": null}], ""interpretation"": ""communication""}, {""planet"": ""mercury"", ""relationship"": ""influences"", ""entities"": [{""type"": ""house"", ""subtype"": null}], ""interpretation"": ""technology""}, {""planet"": ""rahu"", ""relationship"": ""influences"", ""entities"": [{""type"": ""house"", ""subtype"": null}], ""interpretation"": ""technology""}]}",,"Remote work with global teams is indicated by a combination of the 12th, 3rd houses, and the influence of Mercury and Rahu.","The modern dynamic of remote work with global teams can be seen through a combination of the 12th house (foreign connections/isolation), 3rd house (communication), and the influence of Mercury and Rahu (technology).",career_public_life,remote_work_global_teams,affc0c8f9c3f3958,Gemini,AI,Page 3,CLEANED,0.75,,[],,v2.0,NO_CONFLICT,2025-09-02T10:20:35.565199,JSON refined and scored by AI.
8765224f172ded53,"{""calculation_context"": {""type"": ""static_placement""}, ""components"": [{""planet"": ""Mercury"", ""significator_of"": [{""karaka"": ""Buddhi"", ""meaning"": ""Intellect""}, {""karaka"": ""Analytical Skill""}]}]}",Mercury (Budha) as the significator of intellect (buddhi) and analytical skill,Mercury signifies intellect and analytical skills.,Mercury (Budha) as the significator of intellect (buddhi) and analytical skill,learning_education_creativity,intellectual_skills,b019eff5188412ae,Gemini,AI,Page 14,CLEANED,0.75,,[],,v2.0,NO_CONFLICT,2025-09-02T10:38:24.928471,JSON refined and scored by AI.
a55578d86113f758,"{""calculation_context"": {""type"": ""static_placement""}, ""components"": [{""planet"": null, ""sign"": null, ""house"": 5, ""aspects"": [], ""dignity"": null, ""strength"": null, ""is_retrograde"": null}]}",,,"The 5th House, in contrast, is the source of spontaneous creativity and original thought. It represents the joy of self-expression and is central to performance, drama, and intellectual creativity.",learning_education_creativity,"intellectual_skills,arts_performance",b070bb8755b9ab50,Gemini,AI,Page 12,CLEANED,0.75,,[],,v2.0,NO_CONFLICT,2025-09-02T10:37:27.582461,JSON refined and scored by AI.
a4652c0e0383fc2a,"{""calculation_context"": {""type"": ""static_placement"", ""target"": ""nakshatra""}, ""components"": [{""type"": ""planet"", ""planet"": ""Moon""}]}",,,The Moon's Nakshatra provides a highly detailed psychological profile.,core_self_vitality,self_identity_character,b074b079f7143203,Gemini,AI,Page 4,CLEANED,0.75,,[],,v2.0,NO_CONFLICT,2025-09-02T10:48:18.737199,JSON refined and scored by AI.
eb9cabffea151114,"{""calculation_context"": {""type"": ""static_placement""}, ""components"": [{""planet"": null, ""sign"": null, ""house"": 4, ""aspect"": null, ""dignity"": null, ""strength"": null, ""conjunction"": null, ""yoga"": null, ""dasha"": null, ""varga"": null, ""sign_lord"": null, ""house_lord"": null, ""nakshatra"": null, ""sub"": null, ""sub_sub"": null}, {""planet"": null, ""sign"": null, ""house"": 5, ""aspect"": null, ""dignity"": null, ""strength"": null, ""conjunction"": null, ""yoga"": null, ""dasha"": null, ""varga"": null, ""sign_lord"": null, ""house_lord"": null, ""nakshatra"": null, ""sub"": null, ""sub_sub"": null}, {""planet"": null, ""sign"": null, ""house"": 9, ""aspect"": null, ""dignity"": null, ""strength"": null, ""conjunction"": null, ""yoga"": null, ""dasha"": null, ""varga"": null, ""sign_lord"": null, ""house_lord"": null, ""nakshatra"": null, ""sub"": null, ""sub_sub"": null}, {""planet"": ""Jupiter"", ""sign"": null, ""house"": null, ""aspect"": null, ""dignity"": null, ""strength"": null, ""conjunction"": null, ""yoga"": null, ""dasha"": null, ""varga"": null, ""sign_lord"": null, ""house_lord"": null, ""nakshatra"": null, ""sub"": null, ""sub_sub"": null}, {""planet"": ""Mercury"", ""sign"": null, ""house"": null, ""aspect"": null, ""dignity"": null, ""strength"": null, ""conjunction"": null, ""yoga"": null, ""dasha"": null, ""varga"": null, ""sign_lord"": null, ""house_lord"": null, ""nakshatra"": null, ""sub"": null, ""sub_sub"": null}]}","This area assesses the potential and trajectory of structured learning, from primary schooling through higher education, research, and the possibility of studying abroad.","This section analyzes the potential for structured learning, encompassing primary school, higher education, research, and the possibility of studying abroad.","This area assesses the potential and trajectory of structured learning, from primary schooling through higher education, research, and the possibility of studying abroad.",learning_education_creativity,"primary_education,higher_education,intellectual_skills",b0882ac1834fe6bf,Gemini,AI,Page 14,CLEANED,0.75,,[],,v2.0,NO_CONFLICT,2025-09-02T10:38:24.927458,JSON refined and scored by AI.
a26cef21ae06da9f,"{""calculation_context"": {""type"": ""house_affliction""}, ""components"": [{""house"": 5, ""planets"": [], ""afflicted_by"": [""malefics""], ""affliction_type"": [""conjunction"", ""aspect""]}]}",,,afflictions here warn against gambling,wealth_assets_resources,speculative_gains_losses,b1bceb7b1bd83c87,Gemini,AI,Page 9,CLEANED,0.75,,[],,v2.0,NO_CONFLICT,2025-09-02T10:22:47.297281,JSON refined and scored by AI.
82b467ea1c9a641f,"{""calculation_context"": {""type"": ""house_lordship_placement""}, ""components"": [{""planet"": {""is_lord_of"": {""house"": 7}}, ""placement"": {""in_house"": 10}}]}",,,"If the 7th lord is in the 10th house, the spouse may be career-oriented or met through work.",relationships,marriage_spouse,b29204cf872b3807,Gemini,AI,Page 6,CLEANED,0.75,,[],,v2.0,NO_CONFLICT,2025-09-02T10:35:17.317273,JSON refined and scored by AI.
76d09239578c4f53,"{""calculation_context"": {""type"": ""static_placement""}, ""components"": [{""planet"": ""ketu"", ""influence"": {""aspect"": {""target"": {""house"": 12}}, ""conjunction"": {""target"": {""house"": 12}}, ""sign_lordship"": {""target"": {""house"": 12}}}}]}",Spiritual learning is primarily seen through the 12th House (liberation) and the influence of Ketu.,Spiritual learning is indicated by the 12th house and Ketu's influence.,Spiritual learning is primarily seen through the 12th House (liberation) and the influence of Ketu.,learning_education_creativity,spiritual_learning,b2a38974c416ac0b,Gemini,AI,Page 16,CLEANED,0.75,,[],,v2.0,NO_CONFLICT,2025-09-02T10:25:40.675856,JSON refined and scored by AI.
c16e06bcd6ce19e4,"{""calculation_context"": {""type"": ""static_placement""}, ""components"": [{""planets"": [""sun""], ""afflicted_by"": [""rahu"", ""ketu"", ""saturn""]}, {""planets"": [""moon""], ""afflicted_by"": [""rahu"", ""ketu"", ""saturn""]}, {""house"": 9, ""afflicted_by"": [""rahu"", ""ketu"", ""saturn""]}]}","Pitru Dosha: Affliction to the Sun, Moon, and/or 9th House by Rahu, Ketu, or Saturn.","Pitru Dosha is formed by the affliction of the Sun, Moon, or 9th house by Rahu, Ketu, or Saturn.","Pitru Dosha: Affliction to the Sun, Moon, and/or 9th House by Rahu, Ketu, or Saturn.",doshas,pitru_dosha,b2df1bdf72896c34,Gemini,AI,Page 28,CLEANED,0.9,,[],,v2.0,NO_CONFLICT,2025-09-02T10:58:19.256785,JSON refined and scored by AI.
d97749a3779854ea,"{""calculation_context"": {""type"": ""static_placement""}, ""components"": [{""planet"": ""venus"", ""dignity"": [""exalted"", ""own_sign"", ""moolatrikona"", ""friendly_sign"", ""enemy_sign"", ""debilitated""], ""strength"": [""shadbala"", ""vimsopaka_bala"", ""istha_phala"", ""kastha_phala""]}]}",The quality of the vehicle (whether it's functional or a luxury model) depends on the dignity and strength of Venus. Travel comforts are also seen from this combination. A strong 4th house and Venus ensure pleasurable and comfortable journeys.,The quality of the vehicle depends on Venus's dignity and strength.,The quality of the vehicle (whether it's functional or a luxury model) depends on the dignity and strength of Venus.,home_property_vehicles,"vehicle_ownership,travel_comforts",b2e6f463340d74ae,Gemini,AI,Page 19,CLEANED,0.75,,[],,v2.0,NO_CONFLICT,2025-09-02T10:55:00.556073,JSON refined and scored by AI.
ae8ef691e3e3f962,"{""calculation_context"": {""type"": ""static_placement"", ""chart"": ""D-10""}, ""components"": [{""type"": ""planet_aspect_strength"", ""planet"": {""type"": ""dasamsa_lagna_lord""}, ""strength_type"": ""shadbhala"", ""comparison_type"": ""relative"", ""comparison_target"": {""type"": ""all_planets_in_chart"", ""chart"": ""D-10""}}, {""type"": ""house_placement"", ""planet"": {""type"": ""dasamsa_lagna_lord""}, ""house"": {""type"": ""dasamsa_house"", ""house_number"": 1}}]}",The Dasamsa Chart (D-10): The Lagna of the D-10 and the strongest planet in it provide the most definitive clues.,The ascendant and strongest planet in the D-10 chart offer the clearest career indications.,The D-10 Lagna and its strongest planet provide the most definitive career clues.,career_public_life,other_career_related,b3367f6a4e4761e0,Gemini,AI,Page 2,CLEANED,0.75,,[],,v2.0,NO_CONFLICT,2025-09-02T10:47:37.010866,JSON refined and scored by AI.
60fed963d816e11c,"{""calculation_context"": {""type"": ""static_placement""}, ""components"": [{""house"": 5, ""strength"": ""strong""}]}","Karmic blessings are seen in a strong 5th House, which indicates purva punya, or the fruits of good deeds from past lives. This manifests as intelligence, creativity, or good fortune with children.","A strong 5th House signifies karmic blessings (purva punya) from past good deeds, manifesting as intelligence, creativity, or luck with children.","A strong 5th House is indicative of karmic blessings, referred to as purva punya, signifying the positive outcomes of virtuous actions performed in past lives. These blessings can manifest in various forms, such as enhanced intelligence, a flourishing of creative abilities, and overall good fortune related to children.",karma_past_life,karmic_blessings,b350f3885901a910,Gemini,AI,Page 24,CLEANED,0.75,60fed963d816e11c,[],,v2.0,NO_CONFLICT,2025-09-02T10:28:40.725019,"Consolidated from 2 facts. Original IDs: ['60fed963d816e11c', 'd8965927a4cd2807']"
9dd7f9cf0a079f60,"{""calculation_context"": {""type"": ""static_placement""}, ""components"": [{""house"": 3, ""significance"": ""secondary_indicator""}]}",Longevity is a complex calculation primarily assessed from the 8th House and its lord. A strong 8th house and a well-placed Saturn are indicators of a long life. The 3rd house is also analyzed as a secondary indicator.,The 3rd house is a secondary indicator of longevity.,The 3rd house is also analyzed as a secondary indicator.,health_risks_longevity,lifespan_overview,b35604d945d36fac,Gemini,AI,Page 22,CLEANED,0.75,,[],,v2.0,NO_CONFLICT,2025-09-02T10:56:02.593595,JSON refined and scored by AI.
0ff30ef07566e904,"{""calculation_context"": {""type"": ""static_placement""}, ""components"": [{""planet"": ""Mars"", ""dignity"": ""exalted"", ""strength"": ""strong"", ""house"": null, ""sign"": null}, {""planet"": ""Mars"", ""dignity"": ""own_sign"", ""strength"": ""strong"", ""house"": null, ""sign"": null}, {""planet"": ""Mars"", ""dignity"": ""moolatrikona"", ""strength"": ""strong"", ""house"": null, ""sign"": null}, {""planet"": ""Mars"", ""dignity"": ""friend_sign"", ""strength"": ""strong"", ""house"": null, ""sign"": null}, {""planet"": ""Mars"", ""aspect"": null, ""house"": ""4"", ""strength"": ""strong"", ""sign"": null}]}","A strong 4th lord, benefic planets (like Jupiter or Venus) in the 4th house, and a well-placed Mars are classic combinations for owning property.",A well-placed Mars indicates property ownership.,A well-placed Mars is a classic combination for owning property.,home_property_vehicles,property_acquisition,b36de6bf8633f092,Gemini,AI,Page 19,CLEANED,0.75,,[],,v2.0,NO_CONFLICT,2025-09-02T10:26:47.407289,JSON refined and scored by AI.
9bfca5a3b1c33be4,"{""calculation_context"": {""type"": ""static_placement""}, ""components"": [{""planet"": null, ""sign"": null, ""house"": 9, ""influence"": [{""aspect"": null, ""dignity"": null, ""strength"": null, ""movement"": null}]}], ""interpretation_context"": {""domain"": ""education"", ""topic"": ""higher_education""}}","9th House rules the highest levels of academia—university degrees, Ph.D. programs, and research.","The 9th house signifies higher education, including university degrees, PhD programs, and research work.","The 9th House rules the highest levels of academia—university degrees, Ph.D. programs, and research.",learning_education_creativity,higher_education,b39eddc2974bd57d,Gemini,AI,Page 12,CLEANED,0.75,,[],,v2.0,NO_CONFLICT,2025-09-02T10:52:00.662882,JSON refined and scored by AI.
a5adb950bd193898,"{""calculation_context"": {""type"": ""static_placement""}, ""components"": [{""planet"": ""mars"", ""dignity"": ""exalted"", ""condition"": ""well-placed""}, {""planet"": ""mars"", ""dignity"": ""own_sign"", ""condition"": ""well-placed""}, {""planet"": ""mars"", ""dignity"": ""moolatrikona"", ""condition"": ""well-placed""}, {""planet"": ""mars"", ""house"": ""4"", ""condition"": ""well-placed""}, {""planet"": ""mars"", ""house"": ""4"", ""dignity"": ""exalted"", ""condition"": ""well-placed""}, {""planet"": ""mars"", ""house"": ""4"", ""dignity"": ""own_sign"", ""condition"": ""well-placed""}, {""planet"": ""mars"", ""house"": ""4"", ""dignity"": ""moolatrikona"", ""condition"": ""well-placed""}]}","A strong 4th lord, benefic planets (like Jupiter or Venus) in the 4th house, and a well-placed Mars are classic combinations for owning property.",A well-placed Mars indicates property ownership.,A well-placed Mars is a classic combination for owning property.,home_property_vehicles,property_acquisition,b4038951e96c584f,Gemini,AI,Page 19,CLEANED,0.75,,[],,v2.0,NO_CONFLICT,2025-09-02T10:40:43.297256,JSON refined and scored by AI.
14af1a2adb0578f1,"{""calculation_context"": {""type"": ""static_placement""}, ""components"": [{""type"": ""house_cusp"", ""index"": 10}, {""type"": ""planet_in_house"", ""house"": 10}]}",The 10th House: The sign on its cusp and planets located within it.,"The 10th house, its cusp, and residing planets are key indicators of career.",The 10th house cusp and the planets within it are significant for career.,career_public_life,other_career_related,b4429dda640bb051,Gemini,AI,Page 2,CLEANED,0.75,,[],,v2.0,NO_CONFLICT,2025-09-02T10:47:37.010866,JSON refined and scored by AI.
0fd54eca85f62ab9,"{""calculation_context"": {""type"": ""yoga"", ""yoga_name"": ""Saraswati Yoga""}, ""components"": [{""planet"": ""mercury"", ""strength"": ""strong""}, {""planet"": ""venus"", ""strength"": ""strong""}, {""planet"": ""jupiter"", ""strength"": ""strong""}]}","The presence of a Saraswati Yoga (strong placements of Mercury, Venus, and Jupiter) is a powerful indicator of a learned, articulate, and highly respected individual.","Saraswati Yoga (strong Mercury, Venus, and Jupiter) indicates a learned, articulate, and respected individual.","The presence of a Saraswati Yoga (strong placements of Mercury, Venus, and Jupiter) is a powerful indicator of a learned, articulate, and highly respected individual.",yogas,saraswati_yoga,b4be98477c97de71,Gemini,AI,Page 14,CLEANED,0.9,,[],,v2.0,NO_CONFLICT,2025-09-02T10:24:58.733931,JSON refined and scored by AI.
1f2d25c9fc22890c,"{""calculation_context"": {""type"": ""planetary_combination_and_house_placement""}, ""components"": [{""planet"": ""Jupiter"", ""condition"": {""type"": ""or"", ""conditions"": [{""house"": 5}, {""house"": 9}, {""house"": 12}, {""type"": ""aspect"", ""target"": {""type"": ""or"", ""targets"": [{""planet"": ""Mercury""}, {""planet"": ""Venus""}, {""planet"": ""Moon""}]}}]}}, {""planet"": ""Mercury"", ""condition"": {""type"": ""or"", ""conditions"": [{""house"": 5}, {""house"": 9}, {""house"": 12}, {""type"": ""aspect"", ""target"": {""type"": ""or"", ""targets"": [{""planet"": ""Jupiter""}, {""planet"": ""Venus""}, {""planet"": ""Moon""}]}}]}}, {""planet"": ""Venus"", ""condition"": {""type"": ""or"", ""conditions"": [{""house"": 5}, {""house"": 9}, {""house"": 12}, {""type"": ""aspect"", ""target"": {""type"": ""or"", ""targets"": [{""planet"": ""Jupiter""}, {""planet"": ""Mercury""}, {""planet"": ""Moon""}]}}]}}, {""planet"": ""Moon"", ""condition"": {""type"": ""or"", ""conditions"": [{""house"": 5}, {""house"": 9}, {""house"": 12}, {""type"": ""aspect"", ""target"": {""type"": ""or"", ""targets"": [{""planet"": ""Jupiter""}, {""planet"": ""Mercury""}, {""planet"": ""Venus""}]}}]}}]}","Foundation Points: Combinations involving Jupiter, Mercury, Venus, the Moon, and the houses of knowledge (5, 9) and liberation (12).","Spiritual & Knowledge Yogas are formed by specific planetary combinations involving Jupiter, Mercury, Venus, and the Moon, particularly within the 5th, 9th, and 12th houses.","Spiritual & Knowledge Yogas are formed by combinations involving Jupiter, Mercury, Venus, the Moon, and the houses of knowledge (5, 9) and liberation (12).",yogas,other_spiritual_knowledge_yogas,b4fcf3e6a96c2cd2,Gemini,AI,Page 27,CLEANED,0.75,,[],,v2.0,NO_CONFLICT,2025-09-02T10:43:51.137128,JSON refined and scored by AI.
5af39f378c867c5f,"{""calculation_context"": {""type"": ""static_placement""}, ""components"": [{""planet"": ""venus"", ""house"": 3, ""strength"": ""strong""}, {""planet"": ""venus"", ""house"": 5, ""strength"": ""strong""}, {""planet"": ""venus"", ""house"": 10, ""strength"": ""strong""}]}","Venus is the quintessential artist, governing music, dance, design, and all things beautiful. Its strong influence on the 3rd, 5th, or 10th house is often found in the charts of successful artists.","Venus rules artistic expression, including music, dance, and design. A strong Venus in the 3rd, 5th, or 10th house is common in artists' charts.","Venus governs music, dance, design, and all things beautiful. A strong Venus influencing the 3rd, 5th, or 10th house is often found in the charts of successful artists.",learning_education_creativity,arts_performance,b50e96e30613b6de,Gemini,AI,Page 12,CLEANED,0.75,,[],,v2.0,NO_CONFLICT,2025-09-02T10:24:10.499341,JSON refined and scored by AI.
208be0b0943c6c4a,"{""calculation_context"": {""type"": ""planet_influence""}, ""components"": [{""planet"": ""Saturn"", ""influence"": {""type"": ""acquisition"", ""target"": {""type"": ""property"", ""size"": ""large"", ""duration"": ""long-lasting""}}}]}",,,"The influence of Saturn can indicate the acquisition of large, long-lasting properties.",home_property_vehicles,property_acquisition,b54e3829e4aee08f,Gemini,AI,Page 9,CLEANED,0.75,,[],,v2.0,NO_CONFLICT,2025-09-02T10:36:22.634076,JSON refined and scored by AI.
dbef4c2414933671,"{""calculation_context"": {""type"": ""static_placement"", ""target"": ""house"", ""purpose"": ""assess_promise_of_children""}, ""components"": [{""planet"": null, ""sign"": null, ""house"": ""5""}]}",The promise of children (childbearing_potential) is primarily assessed from the 5th House,Childbearing potential is primarily assessed from the 5th house.,The promise of children is primarily assessed from the 5th House.,family_lineage,childbearing_potential,b5751a5cfcd0742c,Gemini,AI,Page 17,CLEANED,0.75,,[],,v2.0,NO_CONFLICT,2025-09-02T10:53:52.795280,JSON refined and scored by AI.
b2377b07e2f5f901,"{""calculation_context"": {""type"": ""aspect""}, ""components"": [{""planet"": ""Saturn"", ""aspect"": {""to_planet"": ""Venus"", ""type"": null}, ""sign_house"": null, ""specific_degree"": null}]}","to Venus, it can bring dissatisfaction in relationships",Saturn afflicting Venus can bring dissatisfaction in relationships.,"to Venus, it can bring dissatisfaction in relationships",relationships,love_relationships,b636a59b7ca03b4e,Gemini,AI,Page 29,CLEANED,0.75,,[],,v2.0,NO_CONFLICT,2025-09-02T10:30:47.426010,JSON refined and scored by AI.
c67dc31c07771c9b,"{""calculation_context"": {""type"": ""static_placement""}, ""components"": [{""planet"": ""jupiter"", ""strength"": ""strong"", ""condition"": {""type"": ""house_quality"", ""value"": ""auspicious""}}, {""planet"": ""venus"", ""strength"": ""strong"", ""condition"": {""type"": ""house_quality"", ""value"": ""auspicious""}}, {""planet"": ""mercury"", ""strength"": ""strong"", ""condition"": {""type"": ""house_quality"", ""value"": ""auspicious""}}]}","Saraswati Yoga: Formed when Jupiter, Venus, and Mercury are all strongly placed in auspicious houses. This is the hallmark of a highly intelligent, learned, eloquent, and respected individual, blessed by the goddess of knowledge.","Saraswati Yoga is formed by the strong placement of Jupiter, Venus, and Mercury in favorable houses.","Formed when Jupiter, Venus, and Mercury are all strongly placed in auspicious houses.",yogas,saraswati_yoga,b63f22c94c5b0def,Gemini,AI,Page 27,CLEANED,0.9,,[],,v2.0,NO_CONFLICT,2025-09-02T10:58:00.637955,JSON refined and scored by AI.
d27922c800c7f4e4,"{""calculation_context"": {""type"": ""static_placement"", ""strength"": ""strong""}, ""components"": [{""planet"": ""jupiter"", ""house"": 12}, {""planet"": ""ketu"", ""house"": 12}], ""logic"": ""or""}","A strong 12th house, especially with the placement of Jupiter or Ketu, shows a powerful inclination towards introspection, meditation, and enlightenment.","A strong 12th house, particularly when Jupiter or Ketu is placed within it, indicates a strong tendency towards introspection, meditation, and spiritual enlightenment.","A strong 12th house, especially with the placement of Jupiter or Ketu, shows a powerful inclination towards introspection, meditation, and enlightenment.",travel_dharma_spirituality,spiritual_growth,b68e95a37b94ff27,Gemini,AI,Page 24,CLEANED,0.75,,[],,v2.0,NO_CONFLICT,2025-09-02T10:28:40.725019,JSON refined and scored by AI.
3c2101beb936b0c9,"{""calculation_context"": {""type"": ""static_placement""}, ""components"": [{""planet"": null, ""sign"": null, ""house"": 9, ""influence"": [{""aspect"": null, ""conjunction"": null, ""relationship"": ""general_influence""}]}, {""planet"": null, ""sign"": null, ""house"": 4, ""influence"": [{""aspect"": null, ""conjunction"": null, ""relationship"": ""general_influence""}]}, {""planet"": null, ""sign"": null, ""house"": null, ""special_condition"": ""pitru_dosha""}]}","Parents & Ancestors (9th, 4th Houses): Their status can provide a career platform. Ancestral karma (Pitru Dosha) can create professional blocks.",Parental and ancestral status (9th and 4th houses) can provide a platform for career advancement. Ancestral karma (Pitru Dosha) can create unforeseen obstacles in professional life.,"Parents & Ancestors (9th, 4th Houses): Their status can provide a platform for your career. Ancestral karma (Pitru Dosha) can create inexplicable blocks in your professional life.",family_lineage,"father_status_influence,mother_status_influence,ancestral_heritage",b751695f852eca82,Gemini,AI,Page 32,CLEANED,0.75,,[],,v2.0,NO_CONFLICT,2025-09-02T10:46:24.476291,JSON refined and scored by AI.
8ebe4a3ffbd99325,"{""calculation_context"": {""type"": ""static_placement""}, ""components"": [{""planet"": ""Moon"", ""dignity"": null, ""house"": null, ""sign_aspects"": [], ""planet_aspects"": []}]}",,The Moon's condition indicates public perception and popularity.,"the Moon's condition shows how one is perceived by the masses, indicating popularity.",relationships,social_influence_presence,b77b0a4d817c930c,Gemini,AI,Page 8,CLEANED,0.75,,[],,v2.0,NO_CONFLICT,2025-09-02T10:22:15.769979,JSON refined and scored by AI.
d7012088cb8556b5,"{""calculation_context"": {""type"": ""yoga_check"", ""yoga_name"": ""Gajakesari Yoga""}, ""components"": [{""planet1"": {""planet"": ""Jupiter""}, ""planet2"": {""planet"": ""Moon""}, ""relationship"": {""type"": ""angular_relationship"", ""degree_range"": [{""start"": 0, ""end"": 0}, {""start"": 90, ""end"": 90}, {""start"": 180, ""end"": 180}, {""start"": 270, ""end"": 270}]}}]}","Gajakesari Yoga (Elephant-Lion Yoga): Formed when Jupiter is in an angular position (1st, 4th, 7th, 10th) from the Moon.",Gajakesari Yoga is formed when Jupiter is in a Kendra from the Moon.,"Gajakesari Yoga (Elephant-Lion Yoga) is formed when Jupiter is in an angular position (1st, 4th, 7th, 10th) from the Moon.",yogas,gajakesari_yoga,b7bcf679a49103a5,Gemini,AI,Page 26,CLEANED,0.9,,[],,v2.0,NO_CONFLICT,2025-09-02T10:29:36.834662,JSON refined and scored by AI.
b764c6dfde9b7bca,"{""calculation_context"": {""type"": ""static_placement""}, ""components"": [{""planet"": ""mercury"", ""significator_of"": [{""domain"": ""intellect"", ""sanskrit_term"": ""buddhi""}, {""domain"": ""analytical_skill""}]}]}",Mercury (Budha) as the significator of intellect (buddhi) and analytical skill,Mercury signifies intellect and analytical abilities.,Mercury (Budha) as the significator of intellect (buddhi) and analytical skill,learning_education_creativity,intellectual_skills,b7dea2e46edd7b7d,Gemini,AI,Page 11,CLEANED,0.75,,[],,v2.0,NO_CONFLICT,2025-09-02T10:23:37.203942,JSON refined and scored by AI.
d6455355dfc551d3,"{""calculation_context"": {""type"": ""static_placement""}, ""components"": [{""house"": 8}, {""planet"": ""saturn"", ""aspect"": {""target_house"": 8}, ""nature"": ""malefic""}]}",Chronic diseases are often seen from the 8th House and the influence of slow-moving malefics like Saturn.,Chronic illnesses are linked to the 8th house and the influence of malefics like Saturn.,Chronic diseases are often seen from the 8th House and the influence of slow-moving malefics like Saturn.,health_risks_longevity,chronic_diseases,b7fcddddfcdd2787,Gemini,AI,Page 21,CLEANED,0.75,,[],,v2.0,NO_CONFLICT,2025-09-02T10:27:25.745289,JSON refined and scored by AI.
0f0ed580e0823e04,"{""calculation_context"": {""type"": ""static_placement""}, ""components"": [{""planet"": ""atmakaraka"", ""nature"": ""inherent"", ""aspect"": {""target"": ""soul"", ""type"": ""reveals"", ""subject"": ""primary_objective"", ""lifespan"": ""current""}}]}",An individual's life path and purpose are most profoundly indicated by the Atmakaraka (AK). The inherent nature of the AK planet reveals the soul's primary objective in this incarnation.,The Atmakaraka's nature reveals the soul's primary objective in this life.,The inherent nature of the Atmakaraka (AK) planet reveals the soul's primary objective in this incarnation.,core_self_vitality,life_path_purpose,b80a91c73c8329d1,Gemini,AI,Page 5,CLEANED,0.75,,[],,v2.0,NO_CONFLICT,2025-09-02T10:48:48.135013,JSON refined and scored by AI.
ac24fe080ad6b7a1,"{""calculation_context"": {""type"": ""transit""}, ""components"": [{""planet"": ""saturn"", ""relationship"": null, ""aspects"": []}]}",,"Saturn transits bring responsibility, hard work, and karmic results.","while transits of Saturn bring responsibility, hard work, and the karmic results of past actions.",career_public_life,other_career_dynamics,b83b480f0d6cd596,Gemini,AI,Page 3,CLEANED,0.75,,[],,v2.0,NO_CONFLICT,2025-09-02T10:20:35.565199,JSON refined and scored by AI.
ae4c1a323d6b108a,"{""calculation_context"": {""type"": ""house""}, ""components"": [{""house_number"": 10, ""significance"": ""operating_system_of_career""}]}",This is the underlying operating system of your career.,Karma and past life experiences fundamentally shape career trajectory.,This is the underlying operating system of your career.,karma_past_life,,b88fccb7e1f0059c,Gemini,AI,Page 33,CLEANED,0.75,,[],,v2.0,NO_CONFLICT,2025-09-02T10:32:51.795484,JSON refined and scored by AI.
c77dd8c5b2152820,"{""calculation_context"": {""type"": ""static_placement""}, ""components"": [{""planet"": ""mars"", ""house"": 1, ""significance"": [""self""]}, {""planet"": ""mars"", ""house"": 4, ""significance"": [""happiness""]}, {""planet"": ""mars"", ""house"": 7, ""significance"": [""partnership""]}, {""planet"": ""mars"", ""house"": 8, ""significance"": [""intimacy"", ""longevity""]}, {""planet"": ""mars"", ""house"": 12, ""significance"": [""bed pleasures""]}], ""dosha_name"": ""Mangal Dosha""}","Mangal Dosha (Kuja Dosha) primarily affects marital life. Mars' fiery energy in houses related to self (1st), happiness (4th), partnership (7th), intimacy/longevity (8th), and bed pleasures (12th) can create conflict, arguments, separation, or health issues for the partner.","Mangal Dosha can negatively impact marriage, leading to conflicts, arguments, separation, or health problems for the partner due to Mars' aggressive energy in the 1st, 4th, 7th, 8th, or 12th houses.","This is one of the most famous doshas, primarily affecting marital life. Mars is a fiery, aggressive planet. When placed in these sensitive houses related to self (1st), happiness (4th), partnership (7th), intimacy/longevity (8th), and bed pleasures (12th), its energy can create conflict, arguments, separation, or health issues for the partner.",doshas,mangal_dosha,b893e2e7c08ce320,Gemini,AI,Page 28,CLEANED,0.9,,[],,v2.0,NO_CONFLICT,2025-09-02T10:30:20.255727,JSON refined and scored by AI.
922b40ab42506237,"{""calculation_context"": {""type"": ""static_placement""}, ""components"": [{""planet"": ""Moon"", ""sign"": null, ""house"": null}, {""planet"": null, ""sign"": null, ""house"": ""4""}], ""relationship"": {""type"": ""influence"", ""subject"": ""mother"", ""object"": [{""planet"": ""Moon"", ""sign"": null, ""house"": null}, {""planet"": null, ""sign"": null, ""house"": ""4""}]}}",Your mother's influence is seen through the 4th house and the Moon,Maternal influence is observed through the 4th house and the Moon.,Your mother's influence is seen through the 4th house and the Moon.,family_lineage,mother_status_influence,b96cea5ac98cb08a,Gemini,AI,Page 17,CLEANED,0.75,,[],,v2.0,NO_CONFLICT,2025-09-02T10:26:04.946046,JSON refined and scored by AI.
dd630d0160f9cc8e,"{""calculation_context"": {""type"": ""static_placement""}, ""components"": [{""type"": ""yoga"", ""name"": ""Raja Yoga"", ""strength"": {""type"": ""qualitative"", ""value"": ""present""}}]}",Their presence indicates a rise to a position of leadership and influence.,Raja Yogas indicate a rise to leadership and influence.,The presence of Raja Yogas indicates a rise to a position of leadership and influence.,career_public_life,authority_leadership,b975f103224fd47e,Gemini,AI,Page 26,CLEANED,0.75,,[],,v2.0,NO_CONFLICT,2025-09-02T10:43:25.981213,JSON refined and scored by AI.
ab3c14000495123f,"{""calculation_context"": {""type"": ""static_placement""}, ""components"": [{""house"": 2, ""sign"": null, ""planet"": null, ""aspect"": null, ""strength"": null, ""dignity"": null, ""yoga"": null, ""house_lord"": null}]}",The overall harmony and support system of the immediate family is seen from the 2nd House.,The 2nd house represents the harmony and support system of the immediate family.,The overall harmony and support system of the immediate family is seen from the 2nd House.,family_lineage,family_support_conflicts,b9a1343e8a9035a6,Gemini,AI,Page 18,CLEANED,0.75,,[],,v2.0,NO_CONFLICT,2025-09-02T10:26:27.152084,JSON refined and scored by AI.
43fe94dcfd364af8,"{""calculation_context"": {""type"": ""static_placement""}, ""components"": [{""planet"": null, ""sign"": null, ""house"": 12, ""strength"": null, ""dignity"": null, ""aspect"": null, ""conjunction"": null, ""nakashtra"": null, ""sub"": null, ""sub_sub"": null}]}",The soul's potential for spiritual progress towards liberation is primarily seen from the 12th House.,The 12th house (Moksha Bhava) is the primary indicator of the soul's potential for spiritual progress and liberation.,The soul's potential for spiritual progress towards liberation is primarily seen from the 12th House.,karma_past_life,moksha_factors,ba035ad9c5b6e03b,Gemini,AI,Page 25,CLEANED,0.75,,[],,v2.0,NO_CONFLICT,2025-09-02T10:28:58.530413,JSON refined and scored by AI.
e2e3aaced5d62e08,"{""calculation_context"": {""type"": ""static_placement""}, ""components"": [{""planet"": ""venus"", ""sign"": null, ""house"": null, ""strength"": ""strong""}, {""planet"": null, ""sign"": null, ""house"": 2, ""strength"": ""strong""}, {""planet"": null, ""sign"": null, ""house"": 4, ""strength"": ""strong""}]}","The combined strength of the 2nd house, 4th house, and Venus indicates a life with material comforts, including nice homes and cars.","Strong 2nd/4th houses and Venus signify material well-being, including comfortable homes and potential vehicle ownership.","A prominent and well-aspected Venus, combined with strength in both the 2nd and 4th houses, suggests a strong focus on material security and enjoyment. This often manifests as an appreciation for beautiful homes, comfortable surroundings, and potentially luxury vehicles. These planetary placements indicate a desire for stability and the creation of a nurturing and aesthetically pleasing environment.",home_property_vehicles,"home_comforts,luxury_possessions",ba6a1227169ad273,Gemini,AI,Page 10,CLEANED,0.75,e2e3aaced5d62e08,[],,v2.0,NO_CONFLICT,2025-09-02T10:23:17.585684,"Consolidated from 2 facts. Original IDs: ['e2e3aaced5d62e08', '92639c2945a5248f']"
bb2c25395d6cc17e,"{""calculation_context"": {""type"": ""static_placement""}, ""components"": [{""planet"": {""type"": ""derived"", ""method"": ""lordship"", ""house"": 10}, ""house"": 12, ""relationship"": {""type"": ""placement"", ""aspect"": {""type"": ""any""}, ""conjunction"": {""type"": ""any"", ""degree_range"": null}, ""sign_exchange"": true}}, {""planet"": {""type"": ""derived"", ""method"": ""lordship"", ""house"": 10}, ""house"": 9, ""relationship"": {""type"": ""placement"", ""aspect"": {""type"": ""any""}, ""conjunction"": {""type"": ""any"", ""degree_range"": null}, ""sign_exchange"": true}}]}",,A connection between the 10th lord and the 12th or 9th house strongly indicates foreign career and relocation.,Foreign career and relocation are strongly indicated by a connection between the 10th lord and the 12th house (foreign lands) or 9th house (long journeys).,career_public_life,foreign_career_relocation,bb007e840f916190,Gemini,AI,Page 3,CLEANED,0.9,,[],,v2.0,NO_CONFLICT,2025-09-02T10:20:35.565199,JSON refined and scored by AI.
d874403684c91c82,"{""calculation_context"": {""type"": ""house_significator_and_planet""}, ""components"": [{""planet"": ""Moon"", ""sign"": null, ""house"": null}, {""planet"": null, ""sign"": null, ""house"": 4}]}",,Maternal care and parental quality are seen from the 4th house and the Moon.,"The quality of parental care, especially from the mother, is seen from the 4th House and the Moon.",home_property_vehicles,parental_care,bb328175640cf1df,Gemini,AI,Page 20,CLEANED,0.75,,[],,v2.0,NO_CONFLICT,2025-09-02T10:27:04.652815,JSON refined and scored by AI.
99a12999d0d74669,"{""calculation_context"": {""type"": ""static_placement""}, ""components"": [{""planet"": ""lagna_lord"", ""strength"": {""shadbala"": true, ""vimsopaka_bala"": true, ""istha_phala"": true, ""kashta_phala"": true}, ""placement"": {""house"": true, ""sign"": true, ""nakshatra"": true, ""aspects_received"": true, ""conjunctions"": true}}]}",,The strength and placement of the Ascendant Lord are important.,The Ascendant Lord (Lagna Lord): Its strength and placement.,career_public_life,authority_leadership,bb73a5a482a7d0a9,Gemini,AI,Page 1,CLEANED,0.75,,[],,v2.0,NO_CONFLICT,2025-09-02T10:19:54.272290,JSON refined and scored by AI.
f7e3e685d4878934,"{""calculation_context"": {""type"": ""chara_dasha_calculation"", ""sub_type"": ""sign_based""}, ""components"": []}",Jaimini Chara Dasha is a sign-based dasha system.,The Jaimini Chara Dasha is a dasha system based on the signs of the zodiac.,Jaimini Chara Dasha (sign-based),timing_windows,chara_dasha,bba49a4fb7404a7a,Gemini,AI,Page 30,CLEANED,0.9,,[],,v2.0,NO_CONFLICT,2025-09-02T10:31:21.014498,JSON refined and scored by AI.
cd016eb0652db0ac,"{""calculation_context"": {""type"": ""planetary_relationship""}, ""components"": [{""house"": 4, ""strength"": ""strong"", ""strength_condition"": {""type"": ""above_average""}}, {""planet"": ""lord_4"", ""strength"": ""strong"", ""strength_condition"": {""type"": ""above_average""}}, {""planet"": ""Mars"", ""disposition"": ""well_placed"", ""relationship"": {""type"": ""support"", ""target"": [{""house"": 4}, {""planet"": ""lord_4""}]}}]}",,,"A strong 4th house and its lord, especially when supported by a well-placed Mars, is the classic combination for owning land and a comfortable home.",home_property_vehicles,"property_acquisition,home_comforts",bbb5437fd8bd0f67,Gemini,AI,Page 9,CLEANED,0.75,,[],,v2.0,NO_CONFLICT,2025-09-02T10:22:47.297281,JSON refined and scored by AI.
d620009c1e0d862c,"{""calculation_context"": {""type"": ""static_placement""}, ""components"": [{""planet"": null, ""sign"": null, ""house"": 11, ""sign_lord"": null, ""house_lord"": null, ""nakshatra"": null, ""nakshatra_lord"": null, ""sub"": null, ""sub_lord"": null, ""aspect"": null, ""conjunction"": null}]}","Siblings: The 3rd House (younger siblings), the 11th House (elder siblings), and Mars (Mangala) as the Bhratru Karaka (significator of siblings).",The 11th house represents elder siblings.,The 11th house signifies elder siblings.,relationships,siblings_relations,bc1e1f008418032e,Gemini,AI,Page 18,CLEANED,0.75,,[],,v2.0,NO_CONFLICT,2025-09-02T10:54:19.944731,JSON refined and scored by AI.
a81d430d2686a5ac,"{""calculation_context"": {""type"": ""dasha_system""}, ""components"": [{""type"": ""dasha""}]}",Understanding your current Dasha provides a roadmap to likely opportunities and challenges.,"Knowing your current Dasha period offers insights into the potential opportunities and challenges that may arise during that time, acting as a guide for navigating life's events.",Understanding your current Dasha provides a roadmap to the opportunities and challenges you are likely to face.,timing_windows,other_dashas,bc2cedb37ce9c9fd,Gemini,AI,Page 30,CLEANED,0.75,,[],,v2.0,NO_CONFLICT,2025-09-02T10:59:24.708002,JSON refinement AI call failed; using original raw JSON.
874236ec21b5c4ac,"{""calculation_context"": {""type"": ""atmakaraka_identification""}, ""components"": [{""planet"": ""saturn"", ""is_atmakaraka"": true}]}","For example, a Saturn AK indicates a path connected to alleviating the suffering of others, while a Venus AK suggests a path of seeking pure love and creation.",A Saturn Atmakaraka signifies a life purpose focused on service and alleviating the suffering of others.,An individual with Saturn as their Atmakaraka (the planet with the highest degree in the birth chart) is often drawn to a life path centered around alleviating the suffering of others. This suggests a deep-seated sense of responsibility and a karmic inclination towards service and compassion.,core_self_vitality,life_path_purpose,bc31595ff4132932,Gemini,AI,Page 5,CLEANED,0.75,874236ec21b5c4ac,[],,v2.0,NO_CONFLICT,2025-09-02T10:21:16.849317,"Consolidated from 2 facts. Original IDs: ['874236ec21b5c4ac', '98f2886d32d7e2be']"
3bfc352174ad88dd,"{""calculation_context"": {""type"": ""static_placement""}, ""components"": [{""planet"": ""jupiter"", ""strength"": ""strong"", ""strength_calculation_type"": ""shadbala""}, {""house"": 9, ""strength"": ""strong"", ""strength_calculation_type"": ""bhava_bala""}]}",A strong 9th house and a powerful Jupiter create a natural philosopher and a lifelong learner.,A strong 9th house and a well-placed Jupiter indicate a natural inclination towards philosophy and continuous learning.,A strong 9th house and a powerful Jupiter create a natural philosopher and a lifelong learner.,learning_education_creativity,philosophical_understanding,bc5cd49b8df28725,Gemini,AI,Page 16,CLEANED,0.75,,[],,v2.0,NO_CONFLICT,2025-09-02T10:25:40.674855,JSON refined and scored by AI.
9ac4d61787d62c04,"{""calculation_context"": {""type"": ""static_placement""}, ""components"": [{""planet"": ""Saturn"", ""aspect"": {""target"": null, ""type"": null}, ""dignity"": null, ""sign"": null, ""house"": null, ""motion"": null}]}",,"Saturn can indicate long, draining disputes.","Saturn can indicate long, draining disputes.",relationships,disputes_conflicts,bc80f1b4dc69b6ea,Gemini,AI,Page 8,CLEANED,0.75,,[],,v2.0,NO_CONFLICT,2025-09-02T10:22:15.769979,JSON refined and scored by AI.
250f5a21e1aef6df,"{""calculation_context"": {""type"": ""static_placement"", ""system"": ""tropical""}, ""components"": [{""planet"": ""sun"", ""house"": 10}]}",,"Sun in the 10th house indicates leadership potential, especially in governance, politics, or executive roles.","The Sun acts as the universal indicator of leadership. Its placement in the 10th house is a powerful signature for a career in governance, politics, or a high-level executive position.",career_public_life,"authority_leadership,politics_public_service",bd1a9b4f63cfb5c5,Gemini,AI,Page 1,CLEANED,0.9,,[],,v2.0,NO_CONFLICT,2025-09-02T10:19:54.272290,JSON refined and scored by AI.
bd0d56d2de70d4fd,"{""calculation_context"": {""type"": ""house_comparison"", ""comparison_type"": ""financial_balance""}, ""components"": [{""planet"": null, ""sign"": null, ""house"": 12, ""semantic_role"": ""expenses""}, {""planet"": null, ""sign"": null, ""house"": 11, ""semantic_role"": ""income""}]}",The 12th House represents expenses; its condition relative to the 11th house (income) shows whether one's finances are managed with a surplus or a deficit.,The 12th house represents expenses. Its strength relative to the 11th house (income) shows surplus or deficit.,The 12th house represents expenses. Comparing the 12th house to the 11th house (income) indicates whether finances are managed with a surplus or deficit.,wealth_assets_resources,financial_risks,bd8c944366a48512,Gemini,AI,Page 10,CLEANED,0.75,,[],,v2.0,NO_CONFLICT,2025-09-02T10:23:17.585684,JSON refined and scored by AI.
7856d310c94e8a5b,"{""calculation_context"": {""type"": ""dasha_bhukti""}, ""components"": [{""planet"": null, ""house"": ""10th"", ""relationship"": ""connected_to"", ""strength"": ""strong"", ""connection_type"": [""ownership"", ""aspect"", ""placement""]}, {""planet"": null, ""yoga"": {""type"": null, ""strength"": ""powerful""}}], ""interpretation_context"": {""domain"": ""career"", ""event"": [""growth"", ""promotion"", ""new_venture""], ""magnitude"": ""significant""}}",,,"Significant growth, promotions, or the start of a new venture invariably occurs in the Dasha or Bhukti of planets strongly connected to the 10th house, or planets forming powerful Yogas.",career_public_life,career_peak_timing,bd93b2a5abc2e2cb,Gemini,AI,Page 3,CLEANED,0.75,,[],,v2.0,NO_CONFLICT,2025-09-02T10:34:05.031979,JSON refined and scored by AI.
10cdacbadbb0f2ae,"{""calculation_context"": {""type"": ""static_placement""}, ""components"": [{""house"": 9, ""strength"": ""strong""}, {""planet"": ""lagna_lord"", ""house"": 9}, {""house"": 9, ""sign_nature"": ""watery""}]}",Long-distance and foreign travel are governed by the 9th House.,The 9th House governs long-distance and foreign travel.,"Long-distance and foreign travel are governed by the 9th House. A powerful 9th house, or the Lagna lord's placement there, indicates a life with significant long journeys. Watery signs associated with the 9th house strongly suggest travel over seas.",travel_dharma_spirituality,long_travel_foreign,bdb16c0b983288a4,Gemini,AI,Page 23,CLEANED,0.75,,[],,v2.0,NO_CONFLICT,2025-09-02T10:28:21.808086,JSON refined and scored by AI.
273b1e952b772b6d,"{""calculation_context"": {""type"": ""dignity_strength""}, ""components"": [{""planet"": ""Moon"", ""dignity"": ""exalted,own_sign,moolatrikona,friendly_sign"", ""strength"": ""strong"", ""house"": null, ""aspect"": null, ""conjunction"": null}, {""planet"": null, ""dignity"": null, ""strength"": ""strong"", ""house"": 4, ""aspect"": null, ""conjunction"": null}]}",,A well-placed Moon and strong 4th house indicate nurturing childhood care.,"A well-placed, bright Moon and a strong 4th house indicate nurturing and emotionally fulfilling care during childhood.",home_property_vehicles,parental_care,bde6a78126c44567,Gemini,AI,Page 20,CLEANED,0.75,,[],,v2.0,NO_CONFLICT,2025-09-02T10:27:04.652815,JSON refined and scored by AI.
9b865997b2704d45,"{""calculation_context"": {""type"": ""static_placement""}, ""components"": [{""planet"": ""moon"", ""sign"": null, ""house"": 4, ""influence"": true, ""aspect"": null, ""conjunction"": null}, {""planet"": ""rahu"", ""sign"": null, ""house"": 4, ""influence"": true, ""aspect"": null, ""conjunction"": null}, {""planet"": ""moon"", ""sign"": null, ""house"": null, ""influence_on"": {""relationship"": ""lordship"", ""house"": 4}, ""aspect"": null, ""conjunction"": null}, {""planet"": ""rahu"", ""sign"": null, ""house"": null, ""influence_on"": {""relationship"": ""lordship"", ""house"": 4}, ""aspect"": null, ""conjunction"": null}]}","Relocation and changes in residence are indicated by the 4th house falling in a Movable sign (Aries, Cancer, Libra, Capricorn) or by the influence of mobile planets like the Moon or Rahu on the 4th house or its lord.",Moon or Rahu influencing the 4th house or its lord indicates relocation and changes of residence.,Relocation and changes in residence are indicated by the influence of mobile planets like the Moon or Rahu on the 4th house or its lord.,home_property_vehicles,relocation_residence_changes,bdecc983908b92cf,Gemini,AI,Page 19,CLEANED,0.75,,[],,v2.0,NO_CONFLICT,2025-09-02T10:40:43.297256,JSON refined and scored by AI.
71aa294feeecabf1,"{""calculation_context"": {""type"": ""chart_analysis"", ""domain"": ""ancestral_karma""}, ""components"": [{""type"": ""general_influence"", ""planet"": null, ""house"": null, ""sign"": null, ""aspect"": null, ""specific_yoga"": null, ""description"": ""Ancestral karma influences the chart""}]}","You are a part of a long ancestral story, and its karma is reflected in your chart.",An individual's chart reflects their ancestral karma.,"You are a part of a long ancestral story, and its karma is reflected in your chart.",family_lineage,ancestral_heritage,be3375635dfeb214,Gemini,AI,Page 26,CLEANED,0.6,,[],,v2.0,NO_CONFLICT,2025-09-02T10:29:36.834662,JSON refined and scored by AI.
f9e401dc299e8921,"{""calculation_context"": {""type"": ""static_placement""}, ""components"": [{""planet"": ""sun"", ""strength"": {""consider"": true}, ""nature"": {""consider"": true}}, {""planet"": ""moon"", ""strength"": {""consider"": true}, ""nature"": {""consider"": true}}, {""house"": ""9"", ""strength"": {""consider"": true}, ""nature"": {""consider"": true}}, {""dosha"": ""pitru_dosha"", ""presence"": true}]}","Ancestral Karma: The condition of the Sun, Moon, and 9th House, and the presence of Pitru Dosha.","Ancestral karma is seen through the condition of the Sun, Moon, 9th house, and the presence of Pitru Dosha.","Ancestral Karma: The condition of the Sun, Moon, and 9th House, and the presence of Pitru Dosha.",karma_past_life,ancestral_karmas,be6b4ec346bbe274,Gemini,AI,Page 16,CLEANED,0.75,,[],,v2.0,NO_CONFLICT,2025-09-02T10:39:10.085025,JSON refined and scored by AI.
9925700314823829,"{""calculation_context"": {""type"": ""yoga"", ""yoga_name"": ""Saraswati Yoga""}, ""components"": [{""planet"": ""Mercury"", ""strength"": ""strong""}, {""planet"": ""Venus"", ""strength"": ""strong""}, {""planet"": ""Jupiter"", ""strength"": ""strong""}]}","The presence of a Saraswati Yoga (strong placements of Mercury, Venus, and Jupiter) is a powerful indicator of a learned, articulate, and highly respected individual.","Saraswati Yoga (strong Mercury, Venus, and Jupiter) indicates a learned, articulate, and respected individual.","The presence of a Saraswati Yoga (strong placements of Mercury, Venus, and Jupiter) is a powerful indicator of a learned, articulate, and highly respected individual.",yogas,saraswati_yoga,bea1964a3951f579,Gemini,AI,Page 14,CLEANED,0.75,,[],,v2.0,NO_CONFLICT,2025-09-02T10:52:51.930853,JSON refined and scored by AI.
5de329d5c4151568,"{""calculation_context"": {""type"": ""static_placement""}, ""components"": [{""planet"": null, ""sign"": {""mode"": [""fixed"", ""movable"", ""dual""]}, ""house"": 4}]}","Nature of the Sign: The modality (Fixed, Movable, Dual) of the sign on the 4th house cusp.","The modality (Fixed, Movable, or Dual) of the sign on the 4th house cusp affects the stability and nature of the home and the likelihood of relocation.","The modality (Fixed, Movable, Dual) of the sign on the 4th house cusp influences the nature of residence and potential relocations.",home_property_vehicles,relocation_residence_changes,bebf864a748eb2d6,Gemini,AI,Page 18,CLEANED,0.75,,[],,v2.0,NO_CONFLICT,2025-09-02T10:54:19.945730,JSON refined and scored by AI.
7770bbf47572240f,"{""calculation_context"": {""type"": ""static_placement""}, ""components"": [{""planet"": ""Jupiter"", ""strength"": ""analyzed""}, {""house"": ""5"", ""lord"": {""strength"": ""analyzed""}}]}",The success and well-being of the children are also seen from the strength of the 5th lord and Jupiter,Children's success and well-being are seen from the strength of the 5th lord and Jupiter.,The success and well-being of the children are also seen from the strength of the 5th lord and Jupiter.,family_lineage,child_success,bede28bf1b4d05a2,Gemini,AI,Page 17,CLEANED,0.75,,[],,v2.0,NO_CONFLICT,2025-09-02T10:26:04.946046,JSON refined and scored by AI.
67e97304290d2e08,"{""calculation_context"": {""type"": ""yoga_check"", ""yoga_name"": ""gajakesari_yoga""}, ""components"": [{""planet1"": ""Jupiter"", ""planet2"": ""Moon"", ""relationship"": [{""type"": ""aspect"", ""aspect_degrees"": [0, 180]}, {""type"": ""conjunction""}, {""type"": ""positional_relationship"", ""relationship"": [""kendras_from_each_other"", ""same_house""]}]}]}","It blesses the native with intelligence, fame, wealth, and a noble character.","Gajakesari Yoga grants intelligence, fame, wealth, and noble character.","Gajakesari Yoga blesses the native with intelligence, fame, wealth, and a noble character.",yogas,gajakesari_yoga,bf1f910ac3370f37,Gemini,AI,Page 26,CLEANED,0.9,,[],,v2.0,NO_CONFLICT,2025-09-02T10:57:39.627964,JSON refined and scored by AI.
c72e98344b8a6084,"{""calculation_context"": {""type"": ""house_strength_comparison""}, ""components"": [{""house"": 11, ""strength"": {""type"": ""relative"", ""relative_strength"": ""strong""}}, {""house"": 2, ""strength"": {""type"": ""relative"", ""relative_strength"": ""strong""}}]}",,,True prosperity requires strength in both.,wealth_assets_resources,"income_primary,savings_investments,wealth_stability",bf760c21415f1b37,Gemini,AI,Page 9,CLEANED,0.75,,[],,v2.0,NO_CONFLICT,2025-09-02T10:50:33.154605,JSON refined and scored by AI.
513a545bf2301f9b,"{""calculation_context"": {""type"": ""divisional_chart"", ""divisional_chart_type"": ""chaturvimsamsa"", ""purpose"": ""education_analysis""}, ""components"": [{""divisional_chart"": ""d24""}]}","The Chaturvimsamsa (D-24), the specific chart for analyzing educational potential in detail.",The D-24 divisional chart provides detailed insights into educational potential.,"The Chaturvimsamsa (D-24), the specific chart for analyzing educational potential in detail.",learning_education_creativity,other_formal_education,c0941b04506c6fd8,Gemini,AI,Page 11,CLEANED,0.9,,[],,v2.0,NO_CONFLICT,2025-09-02T10:23:37.203942,JSON refined and scored by AI.
f99b895007b7b59a,"{""calculation_context"": {""type"": ""house_significance""}, ""components"": [{""house"": 8, ""significance"": [""intimacy"", ""sexuality"", ""deep_transformative_bond""]}]}",,,"The 8th House governs intimacy and sexuality, and its health is vital for a deep, transformative bond.",relationships,intimacy_sexuality,c1581d8a93f02edc,Gemini,AI,Page 6,CLEANED,0.75,,[],,v2.0,NO_CONFLICT,2025-09-02T10:35:17.317273,JSON refined and scored by AI.
7fbab8993c1a5f6f,"{""calculation_context"": {""type"": ""static_placement""}, ""components"": [{""planet"": ""Mars"", ""aspect"": null, ""sign_house"": null, ""specific_degree"": null, ""condition"": ""ill_placed""}, {""planet"": null, ""aspect"": null, ""sign_house"": null, ""specific_degree"": null, ""condition"": ""functional_malefic""}]}",Other Malefic Influences: The impact of an ill-placed Mars or a functionally malefic planet.,Other malefic influences include the impact of a poorly placed Mars or any planet acting as a functional malefic.,Other Malefic Influences: The impact of an ill-placed Mars or a functionally malefic planet.,doshas,other_malefic_influences,c1c43059e838b9e2,Gemini,AI,Page 29,CLEANED,0.75,,[],,v2.0,NO_CONFLICT,2025-09-02T10:30:47.426010,JSON refined and scored by AI.
a70f1021561d4fae,"{""calculation_context"": {""type"": ""static_placement""}, ""components"": [{""planet"": null, ""sign"": null, ""house"": 3, ""aspects"": [], ""dignity"": null, ""strength"": null, ""is_retrograde"": null, ""special_placements"": []}]}","The 3rd House governs skills acquired through effort and courage (parakrama). This includes writing expression, playing a musical instrument, painting, and other crafts involving the hands. It is also a key house for the performing arts.","The 3rd house signifies skills developed through effort and courage, such as writing, playing musical instruments, painting, and handcrafts. It is also associated with performing arts.","The 3rd house governs skills acquired through effort and courage (parakrama), including writing, playing musical instruments, painting, and other crafts involving the hands. It is also a key house for performing arts.",learning_education_creativity,"writing_expression,practical_skills,arts_performance",c1dd182c33a8b06c,Gemini,AI,Page 12,CLEANED,0.75,,[],,v2.0,NO_CONFLICT,2025-09-02T10:24:10.499341,JSON refined and scored by AI.
26eba3e5f18234da,"{""calculation_context"": {""type"": ""dosha_check"", ""target_area"": ""marriage""}, ""components"": [{""dosha_type"": ""mangal_dosha""}]}",,,Mangal Dosha is a specific dosha related to marriage.,doshas,mangal_dosha,c1e4212a84f51378,Gemini,AI,Page 6,CLEANED,0.9,,[],,v2.0,NO_CONFLICT,2025-09-02T10:35:17.317273,JSON refined and scored by AI.
4adedff96c11b4b1,"{""calculation_context"": {""type"": ""static_placement_and_strength""}, ""components"": [{""planet"": ""Jupiter"", ""strength"": ""analyzed"", ""placement"": ""analyzed""}]}","The strength and placement of Jupiter in the chart is equally critical, as it is the natural giver of children and blessings","Jupiter's strength and placement are crucial for childbearing, as it signifies children and blessings.","The strength and placement of Jupiter in the chart is equally critical, as it is the natural giver of children and blessings.",family_lineage,childbearing_potential,c2814fe3f3562067,Gemini,AI,Page 17,CLEANED,0.75,,[],,v2.0,NO_CONFLICT,2025-09-02T10:26:04.946046,JSON refined and scored by AI.
7ef4c7555db60600,"{""calculation_context"": {""type"": ""yoga_presence"", ""yoga_name"": ""Spiritual Knowledge and Artistic Talent Yoga""}, ""components"": [{""type"": ""planetary_combination"", ""description"": ""Combination signifying profound knowledge and wisdom""}, {""type"": ""planetary_combination"", ""description"": ""Combination signifying artistic talent""}, {""type"": ""planetary_combination"", ""description"": ""Combination signifying strong inclination towards spirituality""}]}","Spiritual & Knowledge Yogas These combinations bless an individual with inner gifts, such as profound knowledge, wisdom, artistic talent, and a strong inclination towards the spiritual path.","Spiritual and Knowledge Yogas can grant deep understanding, wisdom, artistic abilities, and a strong spiritual inclination.","These combinations bless an individual with profound knowledge, wisdom, artistic talent, and a strong inclination towards the spiritual path.",yogas,other_spiritual_knowledge_yogas,c2a1f7fd014eb29f,Gemini,AI,Page 27,CLEANED,0.75,,[],,v2.0,NO_CONFLICT,2025-09-02T10:58:00.637955,JSON refined and scored by AI.
175104e56e0451b4,"{""calculation_context"": {""type"": ""static_placement""}, ""components"": [{""house"": 5, ""strength"": ""strong"", ""relationship_with"": [{""planet"": ""Jupiter"", ""aspect_type"": ""beneficial""}, {""planet_group"": ""benefics"", ""aspect_type"": ""beneficial""}]}, {""divisional_chart"": ""D-7""}]}",Children: The 5th House is the primary indicator. Jupiter (Guru) is the significator of children. The Saptamsa (D-7) is the specific divisional chart.,"The 5th house and Jupiter signify children. A strong 5th house with benefic influence is favorable for progeny. The Saptamsa (D-7) chart provides detailed insights into children's happiness, success, and nature.","The potential for and relationship with children are analyzed through the 5th House and Jupiter. A strong 5th house blessed by benefics is favorable for progeny. For a microscopic view, the Saptamsa (D-7) chart is examined to understand the happiness, success, and nature of one's children.",relationships,children_relations,c2f6293e49238e56,Gemini,AI,Page 7,CLEANED,0.75,,[],,v2.0,NO_CONFLICT,2025-09-02T10:21:50.343130,JSON refined and scored by AI.
a4f914b734d8a1a1,"{""calculation_context"": {""type"": ""static_placement""}, ""components"": [{""planet"": ""Saturn"", ""aspect"": [""3rd"", ""7th"", ""10th""], ""sign_house"": null, ""specific_degree"": null}]}","Saturn Affliction: The influence of Saturn (Shani) by conjunction or aspect (3rd, 7th, 10th).","Saturn affliction occurs when Saturn influences a planet or house through conjunction or aspect (3rd, 7th, or 10th).","Saturn Affliction: The influence of Saturn (Shani) by conjunction or aspect (3rd, 7th, 10th).",doshas,saturn_affliction,c3dba4e335692be8,Gemini,AI,Page 29,CLEANED,0.75,,[],,v2.0,NO_CONFLICT,2025-09-02T10:30:47.426010,JSON refinement AI call failed; using original raw JSON.
5640d904b1d16077,"{""calculation_context"": {""type"": ""general_principles"", ""domain"": ""dharma_and_wisdom""}, ""components"": [{""type"": ""planet_aspect"", ""planet"": ""Jupiter"", ""aspect"": ""any"", ""target"": {""type"": ""house"", ""house_number"": 9}}, {""type"": ""planet_aspect"", ""planet"": ""Saturn"", ""aspect"": ""any"", ""target"": {""type"": ""house"", ""house_number"": 9}}, {""type"": ""planet_position"", ""planet"": ""Jupiter"", ""sign"": ""Sagittarius"", ""house_number"": 9}, {""type"": ""planet_position"", ""planet"": ""Saturn"", ""sign"": ""Capricorn"", ""house_number"": 9}, {""type"": ""planet_position"", ""planet"": ""Sun"", ""house_number"": 9}, {""type"": ""planet_position"", ""planet"": ""Moon"", ""house_number"": 9}, {""type"": ""planet_position"", ""planet"": ""Atmakaraka"", ""house_number"": 9}, {""type"": ""house_strength"", ""house_number"": 9, ""strength_indicator"": ""strong""}]}","This area looks beyond formal learning to assess the potential for deeper understanding, including philosophical insights, spiritual growth, and the accumulation of practical, lifelong wisdom.","Assesses potential for deeper understanding beyond formal learning, including philosophical insights, spiritual growth, and practical wisdom.","This area looks beyond formal learning to assess the potential for deeper understanding, including philosophical insights, spiritual growth, and the accumulation of practical, lifelong wisdom.",learning_education_creativity,"philosophical_understanding,spiritual_learning,practical_skills",c4134493c3526008,Gemini,AI,Page 13,CLEANED,0.75,,[],,v2.0,NO_CONFLICT,2025-09-02T10:24:35.699149,JSON refined and scored by AI.
9b4ae43e0e790792,"{""calculation_context"": {""type"": ""divisional_chart_analysis"", ""divisional_chart"": ""D9"", ""domain"": ""marriage""}, ""components"": [{""planet"": null, ""house"": null, ""sign"": null, ""aspect"": null, ""conjunction"": null, ""yoga"": null, ""special_lagna"": null, ""purpose"": ""confirmation_of_marital_bond""}]}",,,The Navamsa (D-9) chart provides the ultimate confirmation of the marital bond.,relationships,marriage_spouse,c44d86eb91fc2b51,Gemini,AI,Page 6,CLEANED,0.75,,[],,v2.0,NO_CONFLICT,2025-09-02T10:35:17.317273,JSON refined and scored by AI.
acd34f942593fae8,"{""calculation_context"": {""type"": ""static_placement""}, ""components"": [{""planet"": ""sun"", ""strength"": {""consider"": true}, ""nature"": {""consider"": true}, ""sign_lordship"": {""consider"": true}, ""house_lordship"": {""consider"": true}, ""nakashtra_lordship"": {""consider"": true}, ""aspects"": {""consider"": true}, ""conjunctions"": {""consider"": true}}, {""planet"": ""moon"", ""strength"": {""consider"": true}, ""nature"": {""consider"": true}, ""sign_lordship"": {""consider"": true}, ""house_lordship"": {""consider"": true}, ""nakashtra_lordship"": {""consider"": true}, ""aspects"": {""consider"": true}, ""conjunctions"": {""consider"": true}}, {""house"": 9, ""planets_in_house"": {""consider"": true}, ""house_lord"": {""consider"": true}, ""sign_of_house"": {""consider"": true}, ""aspects_to_house"": {""consider"": true}}, {""dosha"": ""pitru_dosha""}]}","Ancestral Karma: The condition of the Sun, Moon, and 9th House, and the presence of Pitru Dosha.","Ancestral karma is seen through the condition of the Sun, Moon, 9th house, and the presence of Pitru Dosha.","Ancestral Karma: The condition of the Sun, Moon, and 9th House, and the presence of Pitru Dosha.",karma_past_life,ancestral_karmas,c48c613c52a1c2a3,Gemini,AI,Page 16,CLEANED,0.75,,[],,v2.0,NO_CONFLICT,2025-09-02T10:25:40.675856,JSON refined and scored by AI.
96b216f724d9edd7,"{""calculation_context"": {""type"": ""dosha_present"", ""details"": {""dosha_type"": ""pitru_dosha"", ""impact_area"": ""professional_success"", ""impact_nature"": ""impediment"", ""conditionality"": ""until_addressed""}}, ""components"": [{""dosha"": ""pitru_dosha""}]}","As mentioned, this can be a direct impediment to professional success until it is understood and addressed.",Pitru Dosha can hinder professional success until resolved.,"As mentioned, this can be a direct impediment to professional success until it is understood and addressed.",karma_past_life,"ancestral_karmas,pitru_dosha",c4a10f5cfcf8d3c5,Gemini,AI,Page 33,CLEANED,0.75,,[],,v2.0,NO_CONFLICT,2025-09-02T10:46:50.789282,JSON refined and scored by AI.
61d7621754cf9e7c,"{""calculation_context"": {""type"": ""static_placement""}, ""components"": [{""house"": ""8""}, {""planet"": {""relationship"": ""lord_of"", ""target"": {""house"": ""8""}}}]}",Longevity is a complex calculation primarily assessed from the 8th House and its lord. A strong 8th house and a well-placed Saturn are indicators of a long life. The 3rd house is also analyzed as a secondary indicator.,Longevity is determined by the 8th house and its lord.,Longevity is a complex calculation primarily assessed from the 8th House and its lord.,health_risks_longevity,lifespan_overview,c4aecc09d548785d,Gemini,AI,Page 22,CLEANED,0.75,,[],,v2.0,NO_CONFLICT,2025-09-02T10:27:45.920723,JSON refined and scored by AI.
12be4e525eb3752d,"{""calculation_context"": {""type"": ""static_placement""}, ""components"": [{""planet"": ""Sun"", ""affliction"": true}, {""house"": 9, ""affliction"": true}, {""planet"": ""Rahu"", ""aspect"": {""type"": ""affliction"", ""target"": [{""planet"": ""Sun""}, {""house"": 9}]}}, {""planet"": ""Ketu"", ""aspect"": {""type"": ""affliction"", ""target"": [{""planet"": ""Sun""}, {""house"": 9}]}}]}","Afflictions to the Sun and 9th house, particularly by Rahu or Ketu, can indicate Pitru Dosha, suggesting unresolved ancestral karma","Pitru Dosha, indicating unresolved ancestral karma, is suggested by afflictions to the Sun and 9th house, especially by Rahu or Ketu.","Afflictions to the Sun and 9th house, particularly by Rahu or Ketu, can indicate Pitru Dosha, suggesting unresolved ancestral karma.",karma_past_life,"pitru_dosha,ancestral_karmas",c57113e05f37239b,Gemini,AI,Page 17,CLEANED,0.75,,[],,v2.0,NO_CONFLICT,2025-09-02T10:26:04.946046,JSON refined and scored by AI.
3d6298604c7e74fe,"{""calculation_context"": {""type"": ""static_placement""}, ""components"": [{""planet"": ""sun"", ""significance"": ""natural significator of authority""}, {""planet"": ""mars"", ""significance"": ""command""}, {""planet"": ""saturn"", ""significance"": ""influence over the masses""}, {""planet"": ""moon"", ""significance"": ""public perception""}], ""interpretation_context"": {""domain"": ""prominence and governance""}}","Key Planets (Grahas): The Sun (Surya - natural significator of authority), Mars (Mangala - command), Saturn (Shani - influence over the masses), and the Moon (Chandra - public perception).","Key planets for prominence and governance are: Sun (authority), Mars (command), Saturn (influence over masses), and Moon (public perception).","The Sun (Surya - natural significator of authority), Mars (Mangala - command), Saturn (Shani - influence over the masses), and the Moon (Chandra - public perception) are key planets for prominence and governance.",career_public_life,authority_leadership,c613e45ccefd4abc,Gemini,AI,Page 1,CLEANED,0.75,,[],,v2.0,NO_CONFLICT,2025-09-02T10:47:15.467079,JSON refined and scored by AI.
9de6a41c4175ad7e,"{""calculation_context"": {""type"": ""static_placement""}, ""components"": [{""planet"": ""saturn"", ""nature"": ""significator"", ""significations"": [""practical_skills"", ""hard_earned_wisdom""]}]}","Finally, practical skills and hard-earned wisdom are the gift of Saturn.",Saturn bestows practical skills and wisdom gained through experience.,"Finally, practical skills and hard-earned wisdom are the gift of Saturn.",learning_education_creativity,practical_skills,c630be03f4cf820c,Gemini,AI,Page 16,CLEANED,0.75,,[],,v2.0,NO_CONFLICT,2025-09-02T10:39:10.083015,JSON refined and scored by AI.
a01c40d351772804,"{""calculation_context"": {""type"": ""static_placement"", ""chart_type"": ""rasi""}, ""components"": [{""planet"": ""jupiter"", ""significator_type"": ""karaka"", ""karaka"": ""husband"", ""applies_to"": ""female""}]}",Jupiter (Guru) as the significator of the husband in a female chart.,"In a female's chart, Jupiter (Guru) signifies the husband.",Jupiter (Guru) as the significator of the husband in a female chart.,relationships,marriage_spouse,c634d6b37205b28f,Gemini,AI,Page 6,CLEANED,0.75,,[],,v2.0,NO_CONFLICT,2025-09-02T10:21:35.664680,JSON refined and scored by AI.
7f14850bdaa34384,"{""calculation_context"": {""type"": ""static_placement""}, ""components"": [{""planet"": ""jupiter"", ""significatorships"": [""wisdom"", ""guidance""]}]}","Key Planets: Jupiter (Guru) as the significator of wisdom and guidance, and Ketu (MokshaKaraka) as the significator of spiritual liberation.",Jupiter signifies wisdom and guidance.,Jupiter (Guru) is the significator of wisdom and guidance.,travel_dharma_spirituality,philosophical_beliefs,c6b9a02afa7d5016,Gemini,AI,Page 5,CLEANED,0.75,,[],,v2.0,NO_CONFLICT,2025-09-02T10:21:16.849317,JSON refined and scored by AI.
9b660419d5ec2798,"{""calculation_context"": {""type"": ""static_placement""}, ""components"": [{""planet"": null, ""sign"": null, ""house"": 5, ""influence"": [{""aspect"": null, ""dignity"": null, ""strength"": null, ""movement"": null}]}]}","Key Houses: The 3rd House (skills of the hand, writing, performance) and the 5th House (creativity, intellect, self-expression).","The 5th house represents creativity, intellect, and self-expression.","The 5th House governs creativity, intellect, and self-expression.",learning_education_creativity,"intellectual_skills,arts_performance",c6d0f36d5eb72fe6,Gemini,AI,Page 15,CLEANED,0.75,,[],,v2.0,NO_CONFLICT,2025-09-02T10:25:17.163454,JSON refined and scored by AI.
a03d190013b1e968,"{""calculation_context"": {""type"": ""karaka""}, ""components"": [{""planet"": ""mercury"", ""karaka"": [{""name"": ""writing""}, {""name"": ""crafts""}]}]}",,,Mercury (Budha) for writing and crafts,learning_education_creativity,writing_expression,c72661275c42f91f,Gemini,AI,Page 12,CLEANED,0.75,,[],,v2.0,NO_CONFLICT,2025-09-02T10:37:27.582461,JSON refined and scored by AI.
cb09aaf411107cff,"{""calculation_context"": {""type"": ""moksha_obstacle""}, ""components"": [{""planet"": ""rahu"", ""significance"": ""worldly_attachment"", ""relationship"": ""represents"", ""obstacle_to"": ""moksha""}]}","The primary obstacle to moksha is worldly attachment, represented by Rahu.","Worldly attachment, symbolized by Rahu, is the main obstacle to moksha.","The primary obstacle to moksha is worldly attachment, represented by Rahu.",karma_past_life,obstacles_to_moksha,c75ea9023bf61003,Gemini,AI,Page 25,CLEANED,0.75,,[],,v2.0,NO_CONFLICT,2025-09-02T10:42:46.799387,JSON refined and scored by AI.
500a64b3dbf7e163,"{""calculation_context"": {""type"": ""house_lordship""}, ""components"": [{""planet"": null, ""sign"": null, ""house"": 4}]}","This area assesses the atmosphere of the home, including the level of harmony, the quality of parental care, and the overall sense of family security.","This section analyzes the home environment, focusing on harmony, parental care, and family security.",,home_property_vehicles,"domestic_harmony,parental_care,family_security",c7d6ec8a2a7abb41,Gemini,AI,Page 20,CLEANED,0.75,,[],,v2.0,NO_CONFLICT,2025-09-02T10:27:04.652815,JSON refined and scored by AI.
7266aca7c7801ed5,"{""calculation_context"": {""type"": ""static_placement""}, ""components"": [{""planet"": null, ""sign"": null, ""house"": 12, ""relationship"": ""aspect"", ""related_house"": 9, ""aspect_strength"": null}, {""planet"": null, ""sign"": null, ""house"": 12, ""relationship"": ""conjunction"", ""related_house"": 9}, {""planet"": ""Rahu"", ""sign"": null, ""house"": null, ""relationship"": ""aspect"", ""related_planet"": {""planet"": null, ""relationship"": ""lord_of"", ""related_house"": 9}, ""aspect_strength"": null}, {""planet"": ""Rahu"", ""sign"": null, ""house"": null, ""relationship"": ""conjunction"", ""related_planet"": {""planet"": null, ""relationship"": ""lord_of"", ""related_house"": 9}}]}",A strong connection between the 9th Lord and the 12th House (foreign lands) or the planet Rahu is a classic combination for foreign education.,A strong connection between the 9th lord and the 12th house or Rahu indicates foreign education.,A strong connection between the 9th Lord and the 12th House (foreign lands) or the planet Rahu is a classic combination for foreign education.,learning_education_creativity,foreign_education,c7e79c406e99fc72,Gemini,AI,Page 14,CLEANED,0.75,,[],,v2.0,NO_CONFLICT,2025-09-02T10:52:51.930853,JSON refined and scored by AI.
d4c7b16f7b2824e7,"{""calculation_context"": {""type"": ""house_significator_planet"", ""house"": 3}, ""components"": [{""type"": ""planet_sign_house_aspect"", ""planet"": ""mars"", ""aspect"": {""type"": ""any"", ""planets"": [], ""signs"": [], ""houses"": []}, ""sign"": null, ""house"": null}, {""type"": ""planet_sign_house_aspect"", ""planet"": ""saturn"", ""aspect"": {""type"": ""any"", ""planets"": [], ""signs"": [], ""houses"": []}, ""sign"": null, ""house"": null}, {""type"": ""planet_sign_house_aspect"", ""planet"": ""sun"", ""aspect"": {""type"": ""any"", ""planets"": [], ""signs"": [], ""houses"": []}, ""sign"": null, ""house"": null}, {""type"": ""planet_sign_house_aspect"", ""planet"": ""moon"", ""aspect"": {""type"": ""any"", ""planets"": [], ""signs"": [], ""houses"": []}, ""sign"": null, ""house"": null}, {""type"": ""planet_sign_house_aspect"", ""planet"": ""jupiter"", ""aspect"": {""type"": ""any"", ""planets"": [], ""signs"": [], ""houses"": []}, ""sign"": null, ""house"": null}, {""type"": ""planet_sign_house_aspect"", ""planet"": ""mercury"", ""aspect"": {""type"": ""any"", ""planets"": [], ""signs"": [], ""houses"": []}, ""sign"": null, ""house"": null}, {""type"": ""planet_sign_house_aspect"", ""planet"": ""venus"", ""aspect"": {""type"": ""any"", ""planets"": [], ""signs"": [], ""houses"": []}, ""sign"": null, ""house"": null}, {""type"": ""planet_sign_house_aspect"", ""planet"": ""rahu"", ""aspect"": {""type"": ""any"", ""planets"": [], ""signs"": [], ""houses"": []}, ""sign"": null, ""house"": null}, {""type"": ""planet_sign_house_aspect"", ""planet"": ""ketu"", ""aspect"": {""type"": ""any"", ""planets"": [], ""signs"": [], ""houses"": []}, ""sign"": null, ""house"": null}]}","This area assesses the relationships with siblings and the broader family, including the level of support or conflict within the family unit.","This section analyzes the relationship with siblings and the overall family dynamic, including potential support or conflict.","This area assesses the relationships with siblings and the broader family, including the level of support or conflict within the family unit.",relationships,siblings_relations,c84dafd637159a24,Gemini,AI,Page 18,CLEANED,0.9,,[],,v2.0,NO_CONFLICT,2025-09-02T10:54:19.944731,JSON refined and scored by AI.
4a5f078886ba1d2d,"{""calculation_context"": {""type"": ""house_placement""}, ""components"": [{""planet"": {""any"": true}, ""house"": 5}]}","5th House (romance, love affairs)",The 5th house represents romance and love affairs.,"5th House (romance, love affairs)",relationships,love_relationships,c8ba1662e0058825,Gemini,AI,Page 6,CLEANED,0.75,,[],,v2.0,NO_CONFLICT,2025-09-02T10:21:35.664680,JSON refined and scored by AI.
11bbf882d605049a,"{""calculation_context"": {""type"": ""divisional_chart_planet_aspect_relationship"", ""divisional_chart"": ""D9""}, ""components"": [{""planet_1"": {""any"": true}, ""aspect"": {""any_negative"": true}, ""planet_2"": {""any"": true}}]}",,,Afflictions in the D-9 can bring trouble even if the main chart looks promising.,relationships,marriage_spouse,c969f0c434c30b47,Gemini,AI,Page 6,CLEANED,0.75,,[],,v2.0,NO_CONFLICT,2025-09-02T10:35:17.318361,JSON refined and scored by AI.
dac767bf8cd1b2fc,"{""calculation_context"": {""type"": ""strength_assessment"", ""target"": ""house"", ""strength_type"": ""negative""}, ""components"": [{""house"": 6}]}",A challenging 6th house can indicate a struggle with debt,A weak or afflicted 6th house can indicate struggles with debt.,A challenging 6th house can indicate a struggle with debt,wealth_assets_resources,debts_liabilities,c981da9c0cb7fe9a,Gemini,AI,Page 10,CLEANED,0.75,,[],,v2.0,NO_CONFLICT,2025-09-02T10:36:38.493081,JSON refined and scored by AI.
46cbc691ed7fbc17,"{""calculation_context"": {""type"": ""static_placement""}, ""components"": [{""planet"": ""moon"", ""influence"": [""afflicted_by_malefic"", ""combust"", ""in_debilitation"", ""in_enemy_sign"", ""conjunction_with_malefic""]}]}","Conversely, afflictions to the Moon can indicate a predisposition to stress and anxiety.",Afflictions to the Moon can indicate a tendency towards stress and anxiety.,"Conversely, afflictions to the Moon can indicate a predisposition to stress and anxiety.",health_risks_longevity,stress_anxiety,c9f4b0c881b68eb1,Gemini,AI,Page 21,CLEANED,0.75,,[],,v2.0,NO_CONFLICT,2025-09-02T10:55:36.322463,JSON refined and scored by AI.
bea710ac46725f1c,"{""calculation_context"": {""type"": ""interhouse_relationship"", ""target_houses"": [4, 8, 12], ""target_house_group"": ""moksha_trikona""}, ""components"": [{""house"": 4, ""meaning"": ""inner happiness""}, {""house"": 8, ""meaning"": ""deep transformation""}, {""house"": 12, ""meaning"": ""final liberation""}, {""relationship"": ""strong_connection"", ""description"": ""A strong connection exists between these houses.""}]}","A strong connection between the houses of the Moksha Trikona (4th - inner happiness, 8th - deep transformation, 12th - final liberation) creates a powerful spiritual foundation.","A strong connection between the 4th, 8th, and 12th houses (Moksha Trikona) builds a strong spiritual foundation.","A strong connection between the houses of the Moksha Trikona (4th - inner happiness, 8th - deep transformation, 12th - final liberation) creates a powerful spiritual foundation.",karma_past_life,moksha_factors,ca31f227d6001b48,Gemini,AI,Page 25,CLEANED,0.75,,[],,v2.0,NO_CONFLICT,2025-09-02T10:42:46.799387,JSON refined and scored by AI.
3633b28de0d9d994,"{""calculation_context"": {""type"": ""static_placement""}, ""components"": [{""planet"": null, ""sign"": [""Taurus"", ""Leo"", ""Scorpio"", ""Aquarius""], ""house"": 4}, {""planet"": ""Saturn"", ""aspect"": {""target"": {""house"": 4}, ""type"": ""influence""}}]}","Conversely, a 4th house in a Fixed sign (Taurus, Leo, Scorpio, Aquarius) with the influence of Saturn suggests stability and fewer changes in residence.","4th house in a fixed sign (Taurus, Leo, Scorpio, Aquarius) with Saturn's influence suggests stability and fewer changes in residence.","A 4th house in a Fixed sign (Taurus, Leo, Scorpio, Aquarius) with the influence of Saturn suggests stability and fewer changes in residence.",home_property_vehicles,relocation_residence_changes,ca6e3390ecb466bc,Gemini,AI,Page 19,CLEANED,0.9,,[],,v2.0,NO_CONFLICT,2025-09-02T10:26:47.407289,JSON refined and scored by AI.
897e7960bae19012,"{""calculation_context"": {""type"": ""static_placement""}, ""components"": [{""planet"": ""mars"", ""strength"": ""strong""}, {""planet"": ""mars"", ""influence"": [{""house"": 3, ""aspect_type"": ""aspect"", ""strength"": ""strong""}, {""house"": 10, ""aspect_type"": ""aspect"", ""strength"": ""strong""}]}]}",,"A strong Mars gives executive ability and courage for military, defense, or management roles, particularly influencing the 3rd or 10th house.","The strength of Mars provides the executive ability and courage needed for military, defense, or management roles, especially when influencing the 3rd (courage) or 10th house.",career_public_life,"authority_leadership,military_defense_security",cb65a9349dcd13c5,Gemini,AI,Page 1,CLEANED,0.75,,[],,v2.0,NO_CONFLICT,2025-09-02T10:19:54.272290,JSON refined and scored by AI.
6809fb9c81a5ca9b,"{""calculation_context"": {""type"": ""static_placement""}, ""components"": [{""house"": 8}, {""planet"": {""relationship"": ""lord_of"", ""relative_to"": {""house"": 8}}}]}",Longevity is a complex calculation primarily assessed from the 8th House and its lord. A strong 8th house and a well-placed Saturn are indicators of a long life. The 3rd house is also analyzed as a secondary indicator.,Longevity is determined by the 8th house and its lord.,Longevity is a complex calculation primarily assessed from the 8th House and its lord.,health_risks_longevity,lifespan_overview,cc74823c966c28d1,Gemini,AI,Page 22,CLEANED,0.75,,[],,v2.0,NO_CONFLICT,2025-09-02T10:56:02.593595,JSON refined and scored by AI.
1b369d28c5b88b3b,"{""calculation_context"": {""type"": ""static_placement""}, ""components"": [{""planet"": null, ""sign"": null, ""house"": ""2"", ""sub_component"": null, ""aspect"": null, ""dignity"": null, ""strength"": null, ""motion"": null}]}",the 2nd house reflects the values and ancestral heritage passed down,Ancestral heritage and values are seen in the 2nd house.,the 2nd house reflects the values and ancestral heritage passed down.,family_lineage,ancestral_heritage,cc78cbc5d22f8196,Gemini,AI,Page 17,CLEANED,0.75,,[],,v2.0,NO_CONFLICT,2025-09-02T10:26:04.946046,JSON refined and scored by AI.
bd9a1747f62ab1f1,"{""calculation_context"": {""type"": ""static_placement""}, ""components"": [{""planet"": null, ""sign"": [""Cancer"", ""Scorpio"", ""Pisces""], ""house"": 9}]}",Watery signs associated with the 9th house strongly suggest travel over seas.,Watery signs connected to the 9th house suggest overseas travel.,Watery signs associated with the 9th house strongly suggest travel over seas.,travel_dharma_spirituality,long_travel_foreign,cca9c90ce4f599e4,Gemini,AI,Page 23,CLEANED,0.75,,[],,v2.0,NO_CONFLICT,2025-09-02T10:42:04.545684,JSON refined and scored by AI.
5a0487f9b61f5042,"{""calculation_context"": {""type"": ""static_placement""}, ""components"": [{""planet"": ""ketu"", ""karaka"": ""moksha""}]}","As the significator for moksha (enlightenment), Ketu provides profound intuitive insights and a natural detachment from worldly matters.","Ketu, as the significator of moksha, grants deep intuition and detachment from worldly affairs.","As the significator for moksha (enlightenment), Ketu provides profound intuitive insights and a natural detachment from worldly matters.",karma_past_life,moksha_factors,cd29585bec42f0e0,Gemini,AI,Page 16,CLEANED,0.75,,[],,v2.0,NO_CONFLICT,2025-09-02T10:25:40.675856,JSON refinement AI call failed; using original raw JSON.
bdbcc865a12f739c,"{""calculation_context"": {""type"": ""static_placement""}, ""components"": [{""planet"": ""saturn"", ""strength"": ""strong""}]}",,A strong Saturn can grant influence over masses and success in democratic politics.,"Saturn, when strong, can bestow immense influence over the masses and success in democratic politics.",career_public_life,"authority_leadership,politics_public_service",cd57f681529e7849,Gemini,AI,Page 1,CLEANED,0.75,,[],,v2.0,NO_CONFLICT,2025-09-02T10:19:54.272290,JSON refinement AI call failed; using original raw JSON.
e381c016cfc98986,"{""calculation_context"": {""type"": ""static_placement""}, ""components"": [{""type"": ""planet"", ""planet"": ""atmakaraka"", ""sign_house_rashi_longitude"": {""type"": ""any""}, ""functional_nature"": {""type"": ""any""}, ""strength"": {""type"": ""any""}, ""relationship_with_other_planets"": {""type"": ""any""}}]}",The Atmakaraka (AK): The nature of this planet reveals the soul's calling.,The Atmakaraka planet indicates one's true vocation.,The Atmakaraka's nature reveals the soul's calling.,career_public_life,other_career_related,cd5f6a2597a20127,Gemini,AI,Page 2,CLEANED,0.75,,[],,v2.0,NO_CONFLICT,2025-09-02T10:47:37.010866,JSON refined and scored by AI.
9dd7e4c7e2393c12,"{""calculation_context"": {""type"": ""logical_or""}, ""components"": [{""calculation_context"": {""type"": ""house_affliction_status"", ""parameters"": {""affliction_status"": ""heavy""}}, ""components"": []}, {""calculation_context"": {""type"": ""retrograde_planets""}, ""components"": []}]}","Karmic debts and lessons can be indicated by heavily afflicted houses or the presence of retrograde planets, which suggest a need to revisit and resolve issues related to that planet's significance.",Heavily afflicted houses or retrograde planets can indicate karmic debts and lessons that need to be addressed.,"Karmic debts and lessons can be indicated by heavily afflicted houses or the presence of retrograde planets, which suggest a need to revisit and resolve issues related to that planet's significance.",karma_past_life,karmic_debts_lessons,cd78e8284730404a,Gemini,AI,Page 24,CLEANED,0.75,,[],,v2.0,NO_CONFLICT,2025-09-02T10:56:42.959012,JSON refined and scored by AI.
db7fb6eedb50f4fc,"{""calculation_context"": {""type"": ""yoga"", ""yoga_name"": ""saraswati_yoga""}, ""components"": [{""planet"": ""jupiter"", ""in_house"": [2, 4, 5, 7, 9, 11], ""condition"": ""or""}, {""planet"": ""venus"", ""in_house"": [2, 4, 5, 7, 9, 11], ""condition"": ""or""}, {""planet"": ""mercury"", ""in_house"": [2, 4, 5, 7, 9, 11], ""condition"": ""or""}]}",,Saraswati Yoga is present.,Saraswati Yoga,learning_education_creativity,"higher_education,intellectual_skills",cd81c449b72b6e3c,Gemini,AI,Page 11,CLEANED,0.9,,[],,v2.0,NO_CONFLICT,2025-09-02T10:36:59.267468,JSON refined and scored by AI.
be7f8e061581521f,"{""calculation_context"": {""type"": ""static_placement""}, ""components"": [{""planet"": ""Rahu"", ""conjunction_with"": [""Sun""], ""aspect_to"": [""Sun"", ""H9"", ""H9_lord""]}, {""planet"": ""Ketu"", ""conjunction_with"": [""Sun""], ""aspect_to"": [""Sun"", ""H9"", ""H9_lord""]}]}","This is a specific affliction, most commonly caused by Rahu or Ketu conjoining or aspecting the Sun and the 9th house or its lord.",Pitru Dosha is commonly caused by Rahu or Ketu's conjunction or aspect to the Sun and the 9th house/lord.,Pitru Dosha is most commonly caused by Rahu or Ketu conjoining or aspecting the Sun and the 9th house or its lord.,karma_past_life,"pitru_dosha,rahu_ketu_affliction",cd90937f05051a84,Gemini,AI,Page 26,CLEANED,0.9,,[],,v2.0,NO_CONFLICT,2025-09-02T10:43:25.981213,JSON refined and scored by AI.
ae11f0f5c98221ef,"{""calculation_context"": {""type"": ""static_placement""}, ""components"": [{""planet"": null, ""sign"": null, ""house"": 2, ""sign_lord"": null, ""house_lord"": null, ""nakshatra"": null, ""nakshatra_lord"": null, ""sub"": null, ""sub_lord"": null, ""aspects"": []}]}","Family Unit: The 2nd House (Kutumba Bhava), representing the immediate family circle, its harmony, and shared resources.","The 2nd house signifies the immediate family, including its harmony and shared resources.","The 2nd house represents the immediate family, its harmony, and shared resources.",family_lineage,family_support_conflicts,cdccd4137f9eef26,Gemini,AI,Page 18,CLEANED,0.75,,[],,v2.0,NO_CONFLICT,2025-09-02T10:54:19.944731,JSON refined and scored by AI.
adb82c9431bec62f,"{""calculation_context"": {""type"": ""house_significance""}, ""components"": [{""house"": 6, ""significance"": [{""domain"": ""general"", ""aspect"": ""debts""}]}]}",,,6th House (debts),wealth_assets_resources,debts_liabilities,cde167c037f0e44c,Gemini,AI,Page 9,CLEANED,0.75,,[],,v2.0,NO_CONFLICT,2025-09-02T10:22:47.297281,JSON refined and scored by AI.
fc11b6e5533b84a5,"{""calculation_context"": {""type"": ""static_placement""}, ""components"": [{""planet"": ""rahu"", ""significance"": ""karaka"", ""domain"": ""innovation""}]}","Key Planets (Karakas): Venus (Shukra) for fine arts and aesthetics, Mercury (Budha) for writing and crafts, the Moon (Chandra) for emotional expression, and Rahu for innovation.",Rahu signifies innovation and invention.,Rahu is the karaka for innovation.,learning_education_creativity,innovation_invention,ce88c46dc31e2ac7,Gemini,AI,Page 15,CLEANED,0.75,,[],,v2.0,NO_CONFLICT,2025-09-02T10:25:17.163454,JSON refined and scored by AI.
09d295b71773e1d2,"{""calculation_context"": {""type"": ""static_placement""}, ""components"": [{""planet"": [""ketu"", ""jupiter""], ""house"": 12, ""aspect_by"": {""planets"": [], ""condition"": ""none""}, ""conjunction_with"": {""planets"": [], ""condition"": ""none""}}]}","Moksha Yogas: These combinations facilitate spiritual liberation. The most potent is having a spiritual planet like Ketu or Jupiter in the 12th house, free from malefic influence, indicating a soul in its final stages of the karmic cycle.","A strong Moksha Yoga involves Ketu or Jupiter in the 12th house without malefic aspects, suggesting a soul nearing the end of its karmic journey.","The most potent is having a spiritual planet like Ketu or Jupiter in the 12th house, free from malefic influence, indicating a soul in its final stages of the karmic cycle.",yogas,moksha_yogas,ceb842a50b36cf69,Gemini,AI,Page 27,CLEANED,0.9,,[],,v2.0,NO_CONFLICT,2025-09-02T10:29:56.716151,JSON refined and scored by AI.
b18deb6af1aa3e3c,"{""calculation_context"": {""type"": ""yoga_combination"", ""domain"": ""prominence_and_governance""}, ""components"": [{""yoga"": ""Raja Yoga"", ""description"": ""Combination for power""}, {""yoga"": ""Pancha Mahapurusha Yoga"", ""description"": ""Combination for greatness""}, {""yoga"": ""Gajakesari Yoga"", ""description"": ""Combination for fame""}]}","Raja Yogas (combinations for power), Pancha Mahapurusha Yogas (combinations for greatness), and Gajakesari Yoga (combination for fame) are special combinations for prominence and governance.","Raja Yogas (power), Pancha Mahapurusha Yogas (greatness), and Gajakesari Yoga (fame) are special combinations contributing to prominence and governance.","Raja Yogas (combinations for power), Pancha Mahapurusha Yogas (combinations for greatness), and Gajakesari Yoga (combination for fame) are special combinations for prominence and governance.",yogas,"raja_yogas,pancha_mahapurusha_yogas,gajakesari_yoga",cefd0ad6aeb9d1b2,Gemini,AI,Page 1,CLEANED,0.75,,[],,v2.0,NO_CONFLICT,2025-09-02T10:33:24.389045,JSON refined and scored by AI.
bdf50d5451a14234,"{""calculation_context"": {""type"": ""static_placement""}, ""components"": [{""planet"": ""Jupiter"", ""sign"": null, ""house"": 4, ""condition"": {""type"": ""benefic""}}, {""planet"": ""Venus"", ""sign"": null, ""house"": 4, ""condition"": {""type"": ""benefic""}}]}",,Benefic planets like Jupiter and Venus in the 4th house create a peaceful and supportive home.,"Benefic planets like Jupiter and Venus here create a peaceful, loving, and supportive home environment.",home_property_vehicles,domestic_harmony,cf18b96adb9ebb7b,Gemini,AI,Page 20,CLEANED,0.9,,[],,v2.0,NO_CONFLICT,2025-09-02T10:27:04.652815,JSON refined and scored by AI.
5c9a3ee16f9ddee9,"{""calculation_context"": {""type"": ""static_placement""}, ""components"": [{""planet"": ""lagna"", ""strength"": {""type"": ""shadbala"", ""strength_type"": ""strong""}}, {""planet"": ""sun"", ""strength"": {""type"": ""shadbala"", ""strength_type"": ""strong""}}]}",Your overall physical health and vitality are anchored by the strength of your Ascendant and the Sun.,Physical health and vitality are linked to the strength of the Ascendant and the Sun.,Your overall physical health and vitality are anchored by the strength of your Ascendant and the Sun.,health_risks_longevity,general_health,cf315aff7a978887,Gemini,AI,Page 21,CLEANED,0.75,,[],,v2.0,NO_CONFLICT,2025-09-02T10:55:36.322463,JSON refined and scored by AI.
16bf4456bceb6686,"{""calculation_context"": {""type"": ""aspect_or_occupation"", ""planets"": [""Rahu"", ""Ketu""], ""target_type"": ""house""}, ""components"": [{""planet"": ""Rahu"", ""aspect_or_occupation"": {""type"": [""aspect"", ""occupation""], ""target_type"": ""house""}}, {""planet"": ""Ketu"", ""aspect_or_occupation"": {""type"": [""aspect"", ""occupation""], ""target_type"": ""house""}}]}",Rahu-Ketu Affliction: The influence of the nodal axis on the houses they occupy and aspect.,Rahu and Ketu afflict the houses they occupy and aspect.,Rahu-Ketu Affliction: The influence of the nodal axis on the houses they occupy and aspect.,doshas,rahu_ketu_affliction,cfa8db7cb368f5f2,Gemini,AI,Page 29,CLEANED,0.75,,[],,v2.0,NO_CONFLICT,2025-09-02T10:58:50.080252,JSON refined and scored by AI.
19a173d61d795b2b,"{""calculation_context"": {""type"": ""static_placement""}, ""components"": [{""planet"": ""ketu"", ""house"": ""12""}]}",Your journey towards spiritual learning is guided by the 12th house and Ketu.,The 12th house and Ketu guide the path of spiritual learning.,Your journey towards spiritual learning is guided by the 12th house and Ketu.,learning_education_creativity,spiritual_learning,cfb837a7b1bd87b0,Gemini,AI,Page 16,CLEANED,0.75,,[],,v2.0,NO_CONFLICT,2025-09-02T10:39:10.083015,JSON refined and scored by AI.
02e7afb7d54dd735,"{""calculation_context"": {""type"": ""static_placement"", ""sub_type"": ""lordship""}, ""components"": [{""planet"": null, ""house"": 4, ""strength"": {""type"": ""shadbala"", ""condition"": ""strong""}, ""aspect"": null}]}","A strong 4th lord, benefic planets (like Jupiter or Venus) in the 4th house, and a well-placed Mars are classic combinations for owning property.",A strong 4th lord indicates property ownership.,A strong 4th lord is a classic combination for owning property.,home_property_vehicles,property_acquisition,cfdc2377ef8ab08a,Gemini,AI,Page 19,CLEANED,0.75,,[],,v2.0,NO_CONFLICT,2025-09-02T10:26:47.407289,JSON refined and scored by AI.
c8864437187ea1ad,"{""calculation_context"": {""type"": ""divisional_chart"", ""divisional_chart_type"": ""chaturvimsamsa""}, ""components"": []}","The Chaturvimsamsa (D-24), the specific chart for analyzing educational potential in detail",The Chaturvimsamsa (D-24) chart provides detailed analysis of educational potential.,"The Chaturvimsamsa (D-24), the specific chart for analyzing educational potential in detail",learning_education_creativity,other_learning_related,cff805cb650e280d,Gemini,AI,Page 14,CLEANED,0.9,,[],,v2.0,NO_CONFLICT,2025-09-02T10:38:24.928471,JSON refined and scored by AI.
8f488f9b88bca2d8,"{""calculation_context"": {""type"": ""atmakaraka""}, ""components"": [{""planet"": {""is_atmakaraka"": true}, ""sign"": {}, ""house"": {}, ""nakshatra"": {}, ""aspect"": {}, ""conjunction"": {}}]}",An individual's life path and purpose are most profoundly indicated by the Atmakaraka (AK). The inherent nature of the AK planet reveals the soul's primary objective in this incarnation.,The Atmakaraka's nature reveals the soul's primary objective in this life.,The inherent nature of the Atmakaraka (AK) planet reveals the soul's primary objective in this incarnation.,core_self_vitality,life_path_purpose,d006ed59481a91c9,Gemini,AI,Page 5,CLEANED,0.75,,[],,v2.0,NO_CONFLICT,2025-09-02T10:34:55.102878,JSON refined and scored by AI.
69208c9b56840cec,"{""calculation_context"": {""type"": ""planetary_influence""}, ""components"": [{""planet"": ""Saturn"", ""influence_aspect"": ""acquisition"", ""domain_of_influence"": ""property"", ""nature_of_influence"": [""large"", ""long_lasting""]}]}",,,"The influence of Saturn can indicate the acquisition of large, long-lasting properties.",home_property_vehicles,property_acquisition,d0c26a8f9888a1db,Gemini,AI,Page 9,CLEANED,0.75,,[],,v2.0,NO_CONFLICT,2025-09-02T10:50:33.154605,JSON refined and scored by AI.
e301de66bfe1a3d3,"{""calculation_context"": {""type"": ""static_placement""}, ""components"": [{""planet"": ""rahu"", ""house"": 10}]}","Rahu, with its forward-looking and unconventional nature, is the karaka for innovation and invention, often providing the spark of genius that breaks from tradition, especially when influencing the 5th house of intellect or the 10th house of action.","Rahu in the 10th house can signify innovation, invention, and unconventional approaches in career and actions.","Rahu, with its forward-looking and unconventional nature, is the karaka for innovation and invention, often providing the spark of genius that breaks from tradition, especially when influencing the 10th house of action.",career_public_life,other_career_dynamics,d18779aab6e351b9,Gemini,AI,Page 12,CLEANED,0.9,,[],,v2.0,NO_CONFLICT,2025-09-02T10:52:00.662882,JSON refined and scored by AI.
a5151958a0c21378,"{""calculation_context"": {""type"": ""static_placement""}, ""components"": [{""planet"": ""rahu"", ""house"": ""10th"", ""relationship"": {""type"": ""influence"", ""aspect_nature"": null, ""conjunction"": null, ""sign_lordship"": null}}]}",,,"10th house under the influence of Rahu indicates a career with frequent changes, mobility, and dynamism.",career_public_life,career_mobility_changes,d1c3a2707a313e4d,Gemini,AI,Page 3,CLEANED,0.75,,[],,v2.0,NO_CONFLICT,2025-09-02T10:34:05.031979,JSON refined and scored by AI.
27aac3184ba3ecfb,"{""calculation_context"": {""type"": ""static_placement""}, ""components"": [{""planet"": null, ""sign"": null, ""house"": 3}, {""planet"": ""ruler_of_house_3"", ""sign"": {""group"": ""movable""}, ""house"": null}, {""planet"": ""ruler_of_house_3"", ""sign"": null, ""house"": 3, ""strength"": ""strong""}]}","Short, local travel is the domain of the 3rd House.","The 3rd house governs short, local travel.","Short, local travel is the domain of the 3rd House. A strong 3rd house or its lord, especially in a Movable sign, indicates frequent trips, commutes, and local exploration.",travel_dharma_spirituality,short_travel_local,d1d83d37c8afbbc7,Gemini,AI,Page 23,CLEANED,0.75,,[],,v2.0,NO_CONFLICT,2025-09-02T10:42:04.545684,JSON refined and scored by AI.
c42d7544fdea8886,"{""calculation_context"": {""type"": ""static_placement""}, ""components"": [{""planet"": ""sun"", ""dignity"": ""exalted"", ""strength"": ""strong"", ""shadbala_points"": {""operator"": "">"", ""value"": 6}}]}",The Sun is the source of vitality; its strength is crucial for a strong immunity.,A strong Sun indicates strong immunity and vitality.,The Sun is the source of vitality; its strength is crucial for a strong immunity.,health_risks_longevity,immunity_strength,d20957493f48ef5a,Gemini,AI,Page 21,CLEANED,0.75,,[],,v2.0,NO_CONFLICT,2025-09-02T10:27:25.745289,JSON refined and scored by AI.
c2f634d78971a390,"{""calculation_context"": {""type"": ""static_placement""}, ""components"": [{""planet"": null, ""sign"": null, ""house"": 5, ""influence"": [{""aspect"": null, ""dignity"": null, ""strength"": null, ""movement"": null}]}], ""interpretation_context"": {""domain"": ""career"", ""motivation"": ""providing_for_children"", ""effect"": ""shift_professional_priorities""}}",Children (5th House): Providing for them can motivate career choices and shift priorities.,"Children (5th house) can be a strong career motivator, influencing career choices and shifting professional priorities.",Children (5th House): The desire to provide for them can be a powerful career motivator and can shift professional priorities.,family_lineage,child_success,d256fe958487796a,Gemini,AI,Page 32,CLEANED,0.75,,[],,v2.0,NO_CONFLICT,2025-09-02T10:46:24.476291,JSON refined and scored by AI.
45086117d66ca7da,"{""calculation_context"": {""type"": ""static_placement""}, ""components"": [{""planet"": null, ""sign"": null, ""house"": 4, ""strength"": {""condition"": ""strong""}}]}",The 4th House represents formal schooling and the capacity to absorb knowledge; its strength indicates a supportive learning environment.,The 4th house represents formal education and the ability to learn. A strong 4th house suggests a conducive learning environment.,The 4th House represents formal schooling and the capacity to absorb knowledge; its strength indicates a supportive learning environment.,learning_education_creativity,"primary_education,intellectual_skills",d269de54b8f31049,Gemini,AI,Page 11,CLEANED,0.75,,[],,v2.0,NO_CONFLICT,2025-09-02T10:23:37.203942,JSON refined and scored by AI.
c9dba7ccb3a4cd87,"{""calculation_context"": {""type"": ""yoga_check"", ""yoga_type"": ""raja_yoga""}, ""components"": [{""yoga_name"": ""Raja Yoga"", ""presence"": true}]}",Their presence indicates a rise to a position of leadership and influence.,Raja Yogas indicate leadership and influence.,The presence of Raja Yogas indicates a rise to a position of leadership and influence.,yogas,raja_yogas,d27937e4ef84bc8a,Gemini,AI,Page 26,CLEANED,0.75,,[],,v2.0,NO_CONFLICT,2025-09-02T10:29:36.834662,JSON refined and scored by AI.
bc1c62363477985f,"{""calculation_context"": {""type"": ""static_placement""}, ""components"": [{""planet"": ""venus"", ""house"": 5, ""strength"": ""strong""}]}","Venus is the quintessential artist, governing music, dance, design, and all things beautiful. Its strong influence on the 3rd, 5th, or 10th house is often found in the charts of successful artists.","Strong Venus in the 5th house is common in the charts of successful artists, signifying talent in music, dance, design, and aesthetics.","Venus is the quintessential artist, governing music, dance, design, and all things beautiful. Its strong influence on the 5th house is often found in the charts of successful artists.",career_public_life,creative_arts_entertainment,d29aca39a74c3bc5,Gemini,AI,Page 12,CLEANED,0.75,,[],,v2.0,NO_CONFLICT,2025-09-02T10:52:00.662882,JSON refined and scored by AI.
62ceed13ccce6033,"{""calculation_context"": {""type"": ""dasha_calculation"", ""sub_type"": [""yogini_dasha"", ""jaimini_chara_dasha""], ""purpose"": [""confirmation"", ""special_analysis""]}, ""components"": []}",Other dasha systems like Yogini and Jaimini Chara Dasha are used for confirmation or special analysis.,"Besides Vimshottari Dasha, other systems like Yogini Dasha and Jaimini Chara Dasha (sign-based) are employed for confirming predictions or conducting specialized analyses.","Other Systems: Yogini Dasha, Jaimini Chara Dasha (sign-based), etc., used for confirmation or special analysis.",timing_windows,other_dashas,d2a14364c06a7a1c,Gemini,AI,Page 30,CLEANED,0.75,,[],,v2.0,NO_CONFLICT,2025-09-02T10:31:21.014498,JSON refined and scored by AI.
2fcdb6b287863c45,"{""calculation_context"": {""type"": ""static_placement""}, ""components"": [{""planet"": null, ""sign"": null, ""house"": 9}]}","The 9th House (higher education, university).","The 9th House signifies higher education, philosophy, the search for truth, and one's Dharma or life purpose.","The 9th House is traditionally associated with the pursuit of higher knowledge and understanding. This encompasses formal higher education and university studies, but also extends to the broader realms of philosophy, the search for higher truths, and the exploration of one's Dharma or life purpose. It represents our yearning for expansion beyond the familiar, venturing into new intellectual and spiritual territories.",learning_education_creativity,"higher_education,philosophical_understanding,research_academic_success",d2da7a2a34ec49de,Gemini,AI,Page 11; Page 13; Page 14,CLEANED,0.75,2fcdb6b287863c45,[],,v2.0,NO_CONFLICT,2025-09-02T10:23:37.203942,"Consolidated from 4 facts. Original IDs: ['2fcdb6b287863c45', 'c09334ec0bd8605c', '20cc5a6e7183b8cc', '25fdd82c863cbb5a']"
b8272a46815b3bec,"{""calculation_context"": {""type"": ""static_placement""}, ""components"": [{""planet"": null, ""sign"": null, ""house"": 3, ""influence"": [{""nature"": ""domain"", ""aspect"": null, ""relationship"": null, ""strength"": null}]}], ""interpretation_context"": {""domain"": ""travel"", ""travel_type"": ""short"", ""travel_distance"": ""local""}}","Short, local travel is the domain of the 3rd House.","Short, local travel is associated with the 3rd House.","Short, local travel is the domain of the 3rd House.",travel_dharma_spirituality,short_travel_local,d33adaee29cd8265,Gemini,AI,Page 23,CLEANED,0.75,,[],,v2.0,NO_CONFLICT,2025-09-02T10:56:21.979907,JSON refined and scored by AI.
92f277f2ad985182,"{""calculation_context"": {""type"": ""karaka"", ""karaka_type"": ""natural""}, ""components"": [{""planet"": ""mercury"", ""strength"": {""condition"": ""strong""}}], ""interpretation_context"": {""domains"": [""writing"", ""communication"", ""crafts""]}}",,,"Mercury provides the dexterity and intellect for writing, communication, and intricate crafts.",learning_education_creativity,writing_expression,d39787190898c5ce,Gemini,AI,Page 12,CLEANED,0.75,,[],,v2.0,NO_CONFLICT,2025-09-02T10:37:27.582461,JSON refined and scored by AI.
ba8c10a60796bd81,"{""calculation_context"": {""type"": ""atmakaraka_identification""}, ""components"": [{""planet"": ""venus"", ""is_atmakaraka"": true}]}","For example, a Saturn AK indicates a path connected to alleviating the suffering of others, while a Venus AK suggests a path of seeking pure love and creation.",Venus as Atmakaraka suggests a life path focused on love and creation.,A Venus Atmakaraka suggests a life path of seeking pure love and creation.,core_self_vitality,life_path_purpose,d3ff70577fb44a94,Gemini,AI,Page 5,CLEANED,0.75,,[],,v2.0,NO_CONFLICT,2025-09-02T10:48:48.135013,JSON refined and scored by AI.
a59ef135c2387cb7,"{""calculation_context"": {""type"": ""karma"", ""subtype"": ""ancestral""}, ""components"": [{""lineage"": ""paternal"", ""influence"": ""inherited""}, {""lineage"": ""maternal"", ""influence"": ""inherited""}]}",Ancestral karmas are passed down through both parental lines.,Ancestral karmas are inherited through both parents.,Ancestral karmas are passed down through both parental lines.,karma_past_life,ancestral_karmas,d406c3b034cdb141,Gemini,AI,Page 25,CLEANED,0.75,,[],,v2.0,NO_CONFLICT,2025-09-02T10:42:46.799387,JSON refined and scored by AI.
38e6b46e3a2042c1,"{""calculation_context"": {""type"": ""static_placement""}, ""components"": [{""planet"": ""sun"", ""strength"": ""strong"", ""dignity"": {""type"": ""any"", ""strength"": ""strong""}, ""shadbala_points"": {""operator"": "">"", ""value"": 6}}]}",The Sun is the source of vitality; its strength is crucial for a strong immunity.,The Sun's strength determines vitality and immunity.,The Sun is the source of vitality; its strength is crucial for a strong immunity.,health_risks_longevity,immunity_strength,d4266dd2936c5127,Gemini,AI,Page 21,CLEANED,0.75,,[],,v2.0,NO_CONFLICT,2025-09-02T10:55:36.322463,JSON refined and scored by AI.
d96488c855b1f5e4,"{""calculation_context"": {""type"": ""static_placement""}, ""components"": [{""planet"": ""Saturn"", ""aspect"": {""to_planet"": ""Moon"", ""type"": [""aspect""]}, ""sign_house"": null, ""specific_degree"": null}]}",An affliction from Saturn to the Moon can cause pessimism,Saturn afflicting the Moon can cause pessimism.,An affliction from Saturn to the Moon can cause pessimism,doshas,saturn_affliction,d4e4d6b7be59dba8,Gemini,AI,Page 29,CLEANED,0.75,,[],,v2.0,NO_CONFLICT,2025-09-02T10:30:47.426010,JSON refined and scored by AI.
c277363d898e91ea,"{""calculation_context"": {""type"": ""static_placement_and_strength""}, ""components"": [{""planet"": ""ascendant_lord"", ""strength"": {""considerations"": [""shadbala"", ""vimsopaka_bala"", ""istha_phala"", ""kashta_phala""]}, ""placement"": {""considerations"": [""house"", ""sign"", ""nakshatra"", ""aspects_received"", ""conjunctions""]}}]}",The Ascendant Lord (Lagna Lord): Its strength and placement.,The strength and placement of the Ascendant Lord are significant factors for prominence and governance.,The strength and placement of the Ascendant Lord (Lagna Lord) are important for prominence and governance.,career_public_life,authority_leadership,d52b8f2701bd85f8,Gemini,AI,Page 1,CLEANED,0.75,,[],,v2.0,NO_CONFLICT,2025-09-02T10:47:15.467079,JSON refined and scored by AI.
f48600a36cd674c7,"{""calculation_context"": {""type"": ""highest_degree_planet""}, ""components"": [{""planet"": ""atmakaraka"", ""definition"": ""highest_degree""}]}","The Atmakaraka (AK): The planet at the highest degree, signifying the soul's desire for authority or recognition.","The Atmakaraka (planet with highest degree), signifying the soul's desire for authority or recognition, influences prominence and governance.","The Atmakaraka (AK), the planet at the highest degree, signifies the soul's desire for authority or recognition and influences prominence and governance.",career_public_life,authority_leadership,d53bf2fb0455b321,Gemini,AI,Page 1,CLEANED,0.9,,[],,v2.0,NO_CONFLICT,2025-09-02T10:47:15.467079,JSON refined and scored by AI.
f944ec5efc6b5680,"{""calculation_context"": {""type"": ""yoga_presence"", ""yoga_type"": ""moksha_yoga""}, ""components"": [{""type"": ""moksha_yoga"", ""strength"": ""potent"", ""details"": {""interpretation"": ""Indicates a soul in its final stages of the karmic cycle""}}]}",Moksha Yogas: ... indicating a soul in its final stages of the karmic cycle.,A strong Moksha Yoga can suggest a soul nearing the end of its karmic cycle.,A potent Moksha Yoga indicates a soul in its final stages of the karmic cycle.,karma_past_life,moksha_factors,d69bea5821edeba9,Gemini,AI,Page 27,CLEANED,0.75,,[],,v2.0,NO_CONFLICT,2025-09-02T10:43:51.137128,JSON refined and scored by AI.
cc33204c6f72e267,"{""calculation_context"": {""type"": ""house""}, ""components"": [{""house_number"": 9, ""significance"": [""career"", ""direction"", ""expansion""]}]}",This provides the direction and expansion for your career.,"Travel, dharma, and spirituality influence career direction and growth.",This provides the direction and expansion for your career.,travel_dharma_spirituality,,d6d616cb9c1d77d5,Gemini,AI,Page 33,CLEANED,0.75,,[],,v2.0,NO_CONFLICT,2025-09-02T10:32:51.795484,JSON refined and scored by AI.
b4274d28202669c6,"{""calculation_context"": {""type"": ""static_placement""}, ""components"": [{""planet_condition"": {""lordship_of"": {""house_numbers"": [1, 4, 7, 10]}}, ""relationship"": [""conjunction"", ""mutual_aspect"", ""sign_exchange""], ""with_planet_condition"": {""lordship_of"": {""house_numbers"": [1, 5, 9]}}}]}","Raja Yogas (Royal Yogas): The most powerful yogas for status and success. They are formed by an association (conjunction, mutual aspect, or exchange) between a Kendra (action/power) lord and a Trikona (fortune/purpose) lord.","Raja Yogas are formed by association (conjunction, mutual aspect, or exchange) between Kendra and Trikona lords, granting status and success.","Raja Yogas (Royal Yogas) are the most powerful yogas for status and success. They are formed by an association (conjunction, mutual aspect, or exchange) between a Kendra (1, 4, 7, 10 - action/power houses) lord and a Trikona (1, 5, 9 - fortune/purpose houses) lord.",yogas,raja_yogas,d6dde5bcf897d38b,Gemini,AI,Page 26,CLEANED,0.9,,[],,v2.0,NO_CONFLICT,2025-09-02T10:43:25.981213,JSON refined and scored by AI.
50940b7807d18f90,"{""calculation_context"": {""type"": ""Generic""}, ""components"": []}","This guide examines the astrological indicators for physical and mental well-being, highlighting predispositions, periods of risk, and the overall outlook on longevity.","Deep introspection and inner transformation are emphasized, prompting emotional shifts and a reevaluation of personal values.","This astrological trigger signifies a period of heightened introspection and a focus on inner transformation. It encourages deep self-analysis and the exploration of subconscious patterns. This time may bring about significant emotional shifts, prompting a reevaluation of personal values and priorities. It's a time to confront inner demons and embrace shadow aspects of the self, leading to profound personal growth and a stronger sense of self-awareness. This period may also involve increased sensitivity and a need for solitude to process these inner changes.",health_risks_longevity,"accidents_injuries,chronic_diseases,financial_risks,general_health,sudden_gains_losses,wealth_stability",d89ba75ed6dd7051,Gemini,AI,Page 20; Page 11,CLEANED,0.6,50940b7807d18f90,[],,v2.0,NO_CONFLICT,2025-09-02T10:27:04.652815,"Consolidated from 2 facts. Original IDs: ['50940b7807d18f90', '44136fa355b3678a']"
f10f0b14769a5448,"{""calculation_context"": {""type"": ""static_placement""}, ""components"": [{""planet"": null, ""sign"": null, ""house"": 6, ""ruler"": null, ""degree"": null, ""nakshatra"": null, ""aspect"": null, ""conjunction"": null}]}","On the other side of the ledger are debts and liabilities, which are governed by the 6th House.",The 6th house governs debts and liabilities.,Debts and liabilities are governed by the 6th House.,wealth_assets_resources,debts_liabilities,d915fba019a55642,Gemini,AI,Page 10,CLEANED,0.75,,[],,v2.0,NO_CONFLICT,2025-09-02T10:23:17.585684,JSON refined and scored by AI.
3ce7d42f9d28c18b,"{""calculation_context"": {""type"": ""static_placement""}, ""components"": [{""planet"": null, ""sign"": null, ""house"": 3, ""interpretation_context"": ""skills_and_creativity""}, {""planet"": null, ""sign"": null, ""house"": 5, ""interpretation_context"": ""skills_and_creativity""}]}","Skills & Creativity (3rd, 5th Houses) are talents brought to the marketplace, defining work performance and uniqueness.","Skills and creativity (3rd and 5th houses) represent the unique talents applied in the professional sphere, influencing work performance and individual distinctiveness.","Skills & Creativity (3rd, 5th Houses): These are the specific talents you bring to the marketplace, defining how you perform your work and what makes you unique.",learning_education_creativity,"intellectual_skills,practical_skills",d965280b04be458c,Gemini,AI,Page 32,CLEANED,0.75,,[],,v2.0,NO_CONFLICT,2025-09-02T10:46:24.476291,JSON refined and scored by AI.
0862d55cdbdd0e0b,"{""calculation_context"": {""type"": ""static_placement""}, ""components"": [{""planet"": ""Jupiter"", ""strength"": {""condition"": ""strong""}}, {""planet"": ""Jupiter"", ""placement"": {""condition"": ""any""}}]}","The strength and placement of Jupiter in the chart is equally critical, as it is the natural giver of children and blessings",Jupiter's strength and placement are crucial for children and their well-being.,"The strength and placement of Jupiter in the chart is equally critical, as it is the natural giver of children and blessings.",family_lineage,"childbearing_potential,child_success",d976eb74d2559c3f,Gemini,AI,Page 17,CLEANED,0.75,,[],,v2.0,NO_CONFLICT,2025-09-02T10:39:36.260453,JSON refined and scored by AI.
2d995ab359610775,"{""calculation_context"": {""type"": ""transit""}, ""components"": [{""planet"": ""jupiter"", ""relationship"": null, ""aspect"": null, ""sign"": null, ""house"": null}]}",,Jupiter transits bring career expansion opportunities.,Transits of Jupiter bring opportunities for expansion,career_public_life,career_peak_timing,d9e3cde324406f53,Gemini,AI,Page 3,CLEANED,0.75,,[],,v2.0,NO_CONFLICT,2025-09-02T10:20:35.565199,JSON refined and scored by AI.
f555c23d60352142,"{""calculation_context"": {""type"": ""general_principles""}, ""components"": [{""type"": ""planet"", ""attributes"": [{""type"": ""strength"", ""aspects"": [""shadbala"", ""vimsopaka_bala"", ""istha_phala"", ""kashta_phala""]}, {""type"": ""lordship"", ""aspects"": [""sign_lordship"", ""house_lordship"", ""nakshatra_lordship""]}, {""type"": ""placement"", ""aspects"": [""sign"", ""house"", ""nakshatra"", ""degree"", ""navamsa""]}]}, {""type"": ""results"", ""aspects"": [""predictions"", ""interpretations""]}]}","Dasha results depend on the planet's strength, lordship, and placement.","The specific outcomes during a Dasha period are determined by the strength, lordship (house rulership), and placement of the planet governing that period in the natal chart.","The results are always a function of the planet's strength, lordship, and placement in the natal chart.",timing_windows,other_dashas,da97e455dcf4eb02,Gemini,AI,Page 30,CLEANED,0.75,,[],,v2.0,NO_CONFLICT,2025-09-02T10:59:24.708002,JSON refined and scored by AI.
491fdfd3942ec636,"{""calculation_context"": {""type"": ""static_placement""}, ""components"": [{""planet"": null, ""sign"": [""aries"", ""cancer"", ""libra"", ""capricorn""], ""house"": ""10th"", ""relationship"": ""in""}]}",,,"a 10th house in a Movable sign (Aries, Cancer, Libra, Capricorn) indicates a career with frequent changes, mobility, and dynamism.",career_public_life,career_mobility_changes,db0af85c1dd12974,Gemini,AI,Page 3,CLEANED,0.75,,[],,v2.0,NO_CONFLICT,2025-09-02T10:47:58.913394,JSON refined and scored by AI.
6b254fe4d41c0300,"{""calculation_context"": {""type"": ""timing_window"", ""subtype"": ""dasha""}, ""components"": [{""dasha_lord"": {""condition_type"": ""or"", ""conditions"": [{""lordship"": ""10th_house""}, {""planet_status"": ""raja_yoga_planet""}, {""planet_status"": ""atmakaraka""}]}}]}","The Dasha of the 10th lord, a Raja Yoga planet, or the Atmakaraka will bring your most significant professional periods.","Dashas of the 10th lord, Raja Yoga planets, or the Atmakaraka signify important career periods.","The Dasha of the 10th lord, a Raja Yoga planet, or the Atmakaraka will bring your most significant professional periods.",timing_windows,other_dashas,db76b010bcae7423,Gemini,AI,Page 33,CLEANED,0.75,,[],,v2.0,NO_CONFLICT,2025-09-02T10:46:50.790277,JSON refined and scored by AI.
1d6c80e4b2cf9944,"{""calculation_context"": {""type"": ""karaka"", ""karaka"": ""venus""}, ""components"": [{""planet"": ""venus"", ""domain"": [""music"", ""dance"", ""design"", ""beauty""]}]}",,,"Venus is the quintessential artist, governing music, dance, design, and all things beautiful.",learning_education_creativity,arts_performance,dbb88283ffbd0ea6,Gemini,AI,Page 12,CLEANED,0.75,,[],,v2.0,NO_CONFLICT,2025-09-02T10:37:27.582461,JSON refined and scored by AI.
3ea1262916d3437c,"{""calculation_context"": {""type"": ""yoga_presence"", ""yoga_type"": ""moksha""}, ""components"": [{""type"": ""moksha_yoga"", ""details"": ""Generic Moksha Yoga presence.  Specific planetary combinations are not defined in the provided text.""}]}","Moksha Yogas: These combinations facilitate spiritual liberation. The most potent is having a spiritual planet like Ketu or Jupiter in the 12th house, free from malefic influence, indicating a soul in its final stages of the karmic cycle.",Moksha Yogas are associated with spiritual liberation and enlightenment.,Moksha Yogas: These combinations facilitate spiritual liberation.,yogas,moksha_yogas,dbe3869ba11446e7,Gemini,AI,Page 27,CLEANED,0.75,,[],,v2.0,NO_CONFLICT,2025-09-02T10:29:56.716151,JSON refined and scored by AI.
12dbc99f1d2dc371,"{""calculation_context"": {""type"": ""static_placement""}, ""components"": [{""planet"": ""all"", ""sign"": ""all"", ""house"": ""4"", ""aspect"": ""all"", ""strength"": ""all"", ""dignity"": ""all"", ""motion"": ""all""}, {""planet"": ""Mars"", ""sign"": ""all"", ""house"": ""4"", ""aspect"": ""all"", ""strength"": ""all"", ""dignity"": ""all"", ""motion"": ""all""}, {""planet"": ""Venus"", ""sign"": ""all"", ""house"": ""4"", ""aspect"": ""all"", ""strength"": ""all"", ""dignity"": ""all"", ""motion"": ""all""}, {""planet"": ""Saturn"", ""sign"": ""all"", ""house"": ""4"", ""aspect"": ""all"", ""strength"": ""all"", ""dignity"": ""all"", ""motion"": ""all""}, {""planet"": ""Rahu"", ""sign"": ""all"", ""house"": ""4"", ""aspect"": ""all"", ""strength"": ""all"", ""dignity"": ""all"", ""motion"": ""all""}, {""planet"": ""Ketu"", ""sign"": ""all"", ""house"": ""4"", ""aspect"": ""all"", ""strength"": ""all"", ""dignity"": ""all"", ""motion"": ""all""}, {""planet"": ""lord of 4th house"", ""sign"": ""all"", ""house"": ""all"", ""aspect"": ""all"", ""strength"": ""all"", ""dignity"": ""all"", ""motion"": ""all""}]}","This area analyzes the potential for owning a home, the quality of one's residence, and the likelihood of relocations or changes in dwelling.","This section analyzes the potential for homeownership, the quality of residence, and the likelihood of relocation.","This area analyzes the potential for owning a home, the quality of one's residence, and the likelihood of relocations or changes in dwelling.",home_property_vehicles,"property_acquisition,relocation_residence_changes",dc328ac80ab62c63,Gemini,AI,Page 18,CLEANED,0.75,,[],,v2.0,NO_CONFLICT,2025-09-02T10:26:27.152084,JSON refined and scored by AI.
e06903110433924c,"{""calculation_context"": {""type"": ""transit"", ""relative_to"": ""moon""}, ""components"": [{""planet"": ""saturn"", ""transit_phase_aspect"": {""type"": ""sadesati"", ""angle_degrees"": null}}]}",Saturn transits include Sade Sati.,Saturn transits encompass the significant 7.5-year Sade Sati period.,Saturn Transits: Including the crucial 7.5-year period of Sade Sati.,timing_windows,saturn_transits,dc4eb977e412f536,Gemini,AI,Page 30,CLEANED,0.9,,[],,v2.0,NO_CONFLICT,2025-09-02T10:31:21.014498,JSON refined and scored by AI.
da14ab14b1fdb398,"{""calculation_context"": {""type"": ""dasha_lord_analysis"", ""target_event"": ""marriage""}, ""components"": [{""planet"": null, ""house_lordship"": [7], ""in_house"": null, ""aspecting_house"": null, ""conjunct_with"": null}]}",The dasha of the 7th lord can activate marriage.,The dasha period of the 7th lord can signify a time when marriage becomes a prominent theme.,The Dasha of the 7th lord can activate marriage.,relationships,marriage_spouse,dcd1eec7d14e86e6,Gemini,AI,Page 30,CLEANED,0.75,,[],,v2.0,NO_CONFLICT,2025-09-02T10:31:21.014498,JSON refined and scored by AI.
4d82a62523fc4b6b,"{""calculation_context"": {""type"": ""static_placement""}, ""components"": [{""retrograde_planets"": {""any"": true, ""description"": ""Presence of one or more retrograde planets suggests karmic debts related to the planet's significance.""}}, {""afflicted_houses"": {""any"": true, ""severity"": ""heavy"", ""description"": ""Heavily afflicted houses indicate karmic debts and lessons to be learned.""}}]}","Karmic debts and lessons can be indicated by heavily afflicted houses or the presence of retrograde planets, which suggest a need to revisit and resolve issues related to that planet's significance.",Heavily afflicted houses or retrograde planets can indicate karmic debts and lessons that need to be addressed.,"Karmic debts and lessons can be indicated by heavily afflicted houses or the presence of retrograde planets, which suggest a need to revisit and resolve issues related to that planet's significance.",karma_past_life,karmic_debts_lessons,dd64723dca0acc47,Gemini,AI,Page 24,CLEANED,0.75,,[],,v2.0,NO_CONFLICT,2025-09-02T10:28:40.725019,JSON refined and scored by AI.
ed728f38430ffbc2,"{""calculation_context"": {""type"": ""financial_stability_and_fluctuations""}, ""components"": [{""type"": ""planetary_influence_on_finances"", ""parameters"": {""planets"": [""Rahu""], ""influence_type"": [""sudden_gains"", ""sudden_losses""]}}, {""type"": ""house_sign_influence_on_finances"", ""parameters"": {""houses"": [""2"", ""11""], ""influence_type"": ""stability""}}, {""type"": ""interplay_between_houses"", ""parameters"": {""house_groups"": [{""group"": ""wealth_houses"", ""houses"": [""2"", ""11""]}, {""group"": ""challenge_houses"", ""houses"": [""6"", ""8"", ""12""]}], ""interplay_type"": ""risk_assessment""}}, {""type"": ""planetary_periods_influence"", ""parameters"": {""periods"": [""dashas""], ""influence_type"": [""financial_peaks"", ""financial_troughs""]}}]}","Your financial journey is not static; it has its own rhythm and pattern. The stability of your wealth is indicated by the signs governing your financial houses, while the influence of planets like Rahu can point to periods of sudden gains or losses. The chart also highlights potential financial risks by examining the interplay between houses of wealth and houses of challenge. Ultimately, the timing of financial peaks and troughs throughout your life is precisely mapped by the unfolding of your planetary periods (Dashas).",Financial stability is shown by the signs ruling the financial houses. Rahu's influence can indicate sudden gains or losses. Financial risks are highlighted by the relationship between houses of wealth and challenge. The timing of financial highs and lows is determined by planetary periods (Dashas).,"Your financial journey is not static; it has its own rhythm and pattern. The stability of your wealth is indicated by the signs governing your financial houses, while the influence of planets like Rahu can point to periods of sudden gains or losses. The chart also highlights potential financial risks by examining the interplay between houses of wealth and houses of challenge. Ultimately, the timing of financial peaks and troughs throughout your life is precisely mapped by the unfolding of your planetary periods (Dashas).",wealth_assets_resources,"financial_risks,sudden_gains_losses,wealth_stability",dd661efa39d082d2,Gemini,AI,Page 11,CLEANED,0.75,,[],,v2.0,NO_CONFLICT,2025-09-02T10:23:37.203942,JSON refined and scored by AI.
cdaa81784db0eea4,"{""calculation_context"": {""type"": ""static_placement""}, ""components"": [{""planet"": ""Moon"", ""house"": 4, ""strength"": {""type"": ""any""}, ""affliction"": {""type"": ""any""}}, {""house"": 4, ""strength"": {""type"": ""any""}, ""affliction"": {""type"": ""any""}}, {""planet"": ""Sun"", ""house"": 9, ""strength"": {""type"": ""any""}, ""affliction"": {""type"": ""any""}}, {""house"": 9, ""strength"": {""type"": ""any""}, ""affliction"": {""type"": ""any""}}], ""logic"": ""OR""}",Parental Relations: The 4th House and the Moon (Chandra) for the mother; the 9th House and the Sun (Surya) for the father.,"The 4th house and Moon represent the mother's influence, health, and nourishment received. The 9th house and Sun signify the father's role, status, and guidance. Afflictions suggest challenges in parental relationships.","The connection with the mother—her influence, health, and the nourishment received—is seen from the condition of the 4th House and the Moon. Similarly, the father's role, status, and the guidance he provides are reflected in the 9th House and the Sun. Afflictions to these houses or planets can indicate challenges in the parental relationship.",relationships,parental_relations,dd9cefa8af2035ff,Gemini,AI,Page 7,CLEANED,0.75,,[],,v2.0,NO_CONFLICT,2025-09-02T10:21:50.343130,JSON refined and scored by AI.
96066ef7c77ba980,"{""calculation_context"": {""type"": ""atmakaraka_placement""}, ""components"": [{""type"": ""planet_sign_house_interpretation"", ""planet"": ""atmakaraka"", ""sign"": null, ""house"": null, ""interpretation_type"": ""life_lesson""}]}",The journey of your Atmakaraka reveals the specific lessons your soul is here to learn.,The path of the Atmakaraka in the birth chart reveals the specific lessons an individual's soul is meant to learn in this lifetime.,The journey of your Atmakaraka reveals the specific lessons your soul is here to learn.,core_self_vitality,spiritual_self_alignment,dddd1b8e24b8f89f,Gemini,AI,Page 24,CLEANED,0.75,,[],,v2.0,NO_CONFLICT,2025-09-02T10:56:42.959012,JSON refined and scored by AI.
42a2c64369aef9f9,"{""calculation_context"": {""type"": ""summary""}, ""components"": []}","Your identity is a dynamic interplay between your outer persona and your inner self. Your Ascendant, or Lagna, defines your physical characteristics and the personality you project, while the condition of its ruling planet determines your overall strength of character. Your Moon sign reveals your inner emotional world and mindset. Finally, the strength of the Sun in your chart is the core driver of your vitality, confidence, and the radiant charisma you possess.",,,core_self_vitality,"self_identity_character,physical_appearance,confidence_charisma,vitality_energy_levels,other_identity_personality",ddec6da54c8c5aaf,Gemini,AI,Page 4,CLEANED,0.6,,[],,v2.0,NO_CONFLICT,2025-09-02T10:34:24.503519,JSON refined and scored by AI.
b49bb117dff7e306,"{""calculation_context"": {""type"": ""yoga_formation"", ""yoga_name"": ""dhana_yoga""}, ""components"": [{""planet_relationship"": {""relationship_type"": ""conjunction_or_aspect"", ""planets"": [{""house_lordship"": [2]}, {""house_lordship"": [11]}, {""house_lordship"": [9]}, {""house_lordship"": [5]}]}}]}",,,"The most powerful indicators of prosperity are the Dhana Yogas, formed by connections between the lords of the houses of wealth (2, 11), fortune (9), and intellect (5).",wealth_assets_resources,dhana_yogas,de213e6a1e7d0c56,Gemini,AI,Page 9,CLEANED,0.75,,[],,v2.0,NO_CONFLICT,2025-09-02T10:36:22.634076,JSON refined and scored by AI.
0f6032db7ea4fa21,"{""calculation_context"": {""type"": ""yoga_check"", ""yoga_name"": ""Strength & Success Yoga""}, ""components"": [{""planet_combinations"": {""relationship"": ""combination"", ""planets"": [{""house_group"": ""kendra"", ""role"": ""lord""}, {""house_group"": ""trikona"", ""role"": ""lord""}, {""house_group"": ""dhana"", ""role"": ""lord""}]}}]}","Specific combinations involving the lords of Kendra (1, 4, 7, 10), Trikona (1, 5, 9), and Dhana (2, 11) houses.","Strength & Success Yogas involve Kendra (1, 4, 7, 10), Trikona (1, 5, 9), and Dhana (2, 11) house lords.","Strength & Success Yogas are formed by specific combinations involving the lords of Kendra (1, 4, 7, 10), Trikona (1, 5, 9), and Dhana (2, 11) houses.",yogas,other_strength_success_yogas,de25bd4ff050adc6,Gemini,AI,Page 26,CLEANED,0.75,,[],,v2.0,NO_CONFLICT,2025-09-02T10:57:39.627964,JSON refined and scored by AI.
f268090668ee3197,"{""calculation_context"": {""type"": ""yoga_presence"", ""yoga_name"": ""Gajakesari Yoga""}, ""components"": [{""type"": ""planetary_combination"", ""planets"": [{""planet"": ""Jupiter"", ""position"": {""relationship"": ""angular"", ""relative_to"": ""Moon""}}]}]}","Chandra Guru Yoga (Gajakesari): While it gives worldly success, this yoga is also a powerful knowledge yoga, granting wisdom, high morals, and a clear, benevolent mind.","Chandra Guru Yoga (Gajakesari) bestows worldly success and is a potent knowledge yoga, granting wisdom, high morals, and a clear, benevolent mind.","While it gives worldly success, this yoga is also a powerful knowledge yoga, granting wisdom, high morals, and a clear, benevolent mind.",yogas,"gajakesari_yoga,other_spiritual_knowledge_yogas",de7135eb6262bb76,Gemini,AI,Page 27,CLEANED,0.9,,[],,v2.0,NO_CONFLICT,2025-09-02T10:58:00.637955,JSON refined and scored by AI.
d41b806b4c322cad,"{""calculation_context"": {""type"": ""static_placement""}, ""components"": [{""planet"": {""type"": ""derived"", ""method"": ""house_lordship"", ""house"": 10}, ""house"": 12, ""relationship"": {""type"": ""placement"", ""aspect"": null}}]}",,,Foreign career and relocation are strongly indicated by a connection between the 10th lord and the 12th house (foreign lands).,career_public_life,foreign_career_relocation,decd3a713bba8025,Gemini,AI,Page 3,CLEANED,0.9,,[],,v2.0,NO_CONFLICT,2025-09-02T10:47:58.913394,JSON refined and scored by AI.
360de230fe22daa9,"{""calculation_context"": {""type"": ""house_placement""}, ""components"": [{""planet"": ""rahu"", ""interpretation_context"": {""meaning"": ""area of innovation and growth"", ""related_to"": ""career""}}]}","The house Rahu is in shows the area where you must innovate and grow, which is often a career theme.","Rahu's house placement indicates areas requiring innovation and growth, often related to career.","The house Rahu is in shows the area where you must innovate and grow, which is often a career theme.",career_public_life,other_career_dynamics,decff9c35b0dd6ad,Gemini,AI,Page 33,CLEANED,0.75,,[],,v2.0,NO_CONFLICT,2025-09-02T10:46:50.789282,JSON refined and scored by AI.
1d109f62693406c0,"{""calculation_context"": {""type"": ""static_placement""}, ""components"": [{""planet"": ""rahu"", ""house"": 5, ""sign"": null, ""influence_type"": ""aspect_or_placement""}]}","Rahu, with its forward-looking and unconventional nature, is the karaka for innovation and invention, often providing the spark of genius that breaks from tradition, especially when influencing the 5th house of intellect or the 10th house of action.","Rahu in the 5th house can signify innovation, invention, and unconventional thinking.","Rahu, with its forward-looking and unconventional nature, is the karaka for innovation and invention, often providing the spark of genius that breaks from tradition, especially when influencing the 5th house of intellect.",learning_education_creativity,innovation_invention,df1fe9a261ec8464,Gemini,AI,Page 12,CLEANED,0.75,,[],,v2.0,NO_CONFLICT,2025-09-02T10:52:00.662882,JSON refined and scored by AI.
a9332dda07022cda,"{""calculation_context"": {""type"": ""static_placement""}, ""components"": [{""house"": ""house_8"", ""planets"": [{""planet"": ""saturn"", ""influence"": ""malefic""}]}]}",Chronic diseases are often seen from the 8th House and the influence of slow-moving malefics like Saturn.,Chronic diseases are linked to the 8th house and Saturn's influence.,Chronic diseases are often seen from the 8th House and the influence of Saturn.,health_risks_longevity,chronic_diseases,df824358313f66bb,Gemini,AI,Page 21,CLEANED,0.75,,[],,v2.0,NO_CONFLICT,2025-09-02T10:55:36.322463,JSON refined and scored by AI.
ae0d0236821d5522,"{""calculation_context"": {""type"": ""static_placement""}, ""components"": [{""planet"": ""lord_9"", ""sign"": null, ""aspect"": {""target"": ""rahu"", ""type"": ""conjunction""}}]}",A strong connection between the 9th Lord and the 12th House (foreign lands) or the planet Rahu is a classic combination for foreign education.,A strong connection between the 9th lord and Rahu indicates the possibility of foreign education.,A strong connection between the 9th Lord and the planet Rahu is a classic combination for foreign education.,learning_education_creativity,foreign_education,dfb9d08a76673a3b,Gemini,AI,Page 12,CLEANED,0.9,,[],,v2.0,NO_CONFLICT,2025-09-02T10:52:00.662882,JSON refined and scored by AI.
f6f8a95ba1bf027e,"{""calculation_context"": {""type"": ""static_placement""}, ""components"": [{""planet"": ""Sun"", ""significance"": ""natural significator of authority""}, {""planet"": ""Mars"", ""significance"": ""command""}, {""planet"": ""Saturn"", ""significance"": ""influence over the masses""}, {""planet"": ""Moon"", ""significance"": ""public perception""}], ""interpretation_area"": ""prominence and governance""}","The Sun (Surya - natural significator of authority), Mars (Mangala - command), Saturn (Shani - influence over the masses), and the Moon (Chandra - public perception) are key planets for prominence and governance.","Key planets influencing prominence and governance include the Sun (authority), Mars (command), Saturn (influence over masses), and the Moon (public perception).","The Sun (Surya - natural significator of authority), Mars (Mangala - command), Saturn (Shani - influence over the masses), and the Moon (Chandra - public perception) are key planets for prominence and governance.",career_public_life,"authority_leadership,public_image_reputation",e000727691213545,Gemini,AI,Page 1,CLEANED,0.75,,[],,v2.0,NO_CONFLICT,2025-09-02T10:33:24.389045,JSON refined and scored by AI.
9657ec2c2f43a9a7,"{""calculation_context"": {""type"": ""karaka""}, ""components"": [{""planet"": ""venus"", ""domain"": [""fine_arts"", ""aesthetics""]}]}",,,Venus (Shukra) for fine arts and aesthetics,learning_education_creativity,arts_performance,e039237458de1358,Gemini,AI,Page 12,CLEANED,0.75,,[],,v2.0,NO_CONFLICT,2025-09-02T10:37:27.582461,JSON refined and scored by AI.
7a6a0e5b4e770e96,"{""calculation_context"": {""type"": ""static_placement""}, ""components"": [{""all_planets"": ""between_rahu_ketu"", ""comment"": ""This component represents the astrological condition of all planets being positioned between Rahu and Ketu in the birth chart.  While the interpretation mentions the effects lessening after mid-30s/early 40s, this trigger focuses solely on the planetary placement, as age is handled separately in the interpretation text and not part of the core astrological trigger.""}]}","The effects are often felt most intensely until the mid-30s or early 40s, after which the karmic pattern tends to release its grip.","The impact of Kaal Sarpa Dosha is strongest until the mid-30s or early 40s, after which its influence diminishes.","The effects are often felt most intensely until the mid-30s or early 40s, after which the karmic pattern tends to release its grip.",timing_windows,other_timing_related,e041ca40c1973bb4,Gemini,AI,Page 28,CLEANED,0.9,,[],,v2.0,NO_CONFLICT,2025-09-02T10:44:22.252041,JSON refined and scored by AI.
99ea92f253a50ec2,"{""calculation_context"": {""type"": ""house_placement""}, ""components"": [{""planet"": {""any"": true}, ""house"": 9}]}",This provides the direction and expansion for your career.,"This aspect guides career expansion, aligning professional actions with higher purpose for long-term satisfaction.",This astrological influence empowers career growth and expansion by aligning your professional pursuits with your higher purpose. This alignment ensures not only direction and progress in your chosen field but also fosters a deep sense of long-term satisfaction and fulfillment derived from pursuing work that resonates with your core values.,travel_dharma_spirituality,"other_career_related,other_travel_spirituality_related",e06097edd9328a7e,Gemini,AI,Page 33,CLEANED,0.75,99ea92f253a50ec2,[],,v2.0,NO_CONFLICT,2025-09-02T10:46:50.789282,"Consolidated from 2 facts. Original IDs: ['99ea92f253a50ec2', '5a572cf3ec2c2a89']"
a6475e404da5bd67,"{""calculation_context"": {""type"": ""static_placement""}, ""components"": [{""planet"": ""any"", ""aspect"": {""to"": ""any"", ""type"": ""any_negative""}, ""house"": ""6""}, {""planet"": ""any"", ""aspect"": {""to"": ""any"", ""type"": ""any_negative""}, ""house"": ""8""}, {""planet"": ""any"", ""aspect"": {""to"": ""any"", ""type"": ""any_negative""}, ""house"": ""12""}, {""planet"": ""saturn"", ""aspect"": {""to"": ""any"", ""type"": ""any_negative""}, ""house"": ""10""}]}",Chronic health issues can be the single biggest obstacle to professional longevity.,Chronic health problems can significantly hinder long-term career success.,Chronic health issues can be the single biggest obstacle to professional longevity.,health_risks_longevity,chronic_diseases,e06b02ee27e59e9a,Gemini,AI,Page 33,CLEANED,0.75,,[],,v2.0,NO_CONFLICT,2025-09-02T10:32:51.794467,JSON refined and scored by AI.
fb82698392a1f439,"{""calculation_context"": {""type"": ""static_placement""}, ""components"": [{""planet"": ""venus"", ""house"": 10, ""strength"": ""strong""}]}","Venus is the quintessential artist, governing music, dance, design, and all things beautiful. Its strong influence on the 3rd, 5th, or 10th house is often found in the charts of successful artists.","Strong Venus in the 10th house is common in the charts of successful artists, signifying talent in music, dance, design, and aesthetics.","Venus is the quintessential artist, governing music, dance, design, and all things beautiful. Its strong influence on the 10th house is often found in the charts of successful artists.",career_public_life,creative_arts_entertainment,e0baa04be7a902ce,Gemini,AI,Page 12,CLEANED,0.75,,[],,v2.0,NO_CONFLICT,2025-09-02T10:52:00.662882,JSON refined and scored by AI.
fbfd0f29f394c5f8,"{""calculation_context"": {""type"": ""yoga"", ""yoga_type"": ""dhana_yoga""}, ""components"": [{""planet_combinations"": {""description"": ""Specific planetary combinations indicative of Dhana Yoga.  Requires further specification based on the specific Dhana Yoga being evaluated.""}}]}",,,"Dhana Yogas, which are specific planetary combinations that promise significant wealth.",wealth_assets_resources,dhana_yogas,e0c2a8fbe819b299,Gemini,AI,Page 9,CLEANED,0.75,,[],,v2.0,NO_CONFLICT,2025-09-02T10:36:22.633128,JSON refined and scored by AI.
d8fd871f6b52b448,"{""calculation_context"": {""type"": ""static_placement""}, ""components"": [{""planet"": ""moon"", ""dignity"": ""exalted"", ""is_in_positive_house"": true, ""is_aspected_by_benefics"": true}]}",,"A bright, well-placed Moon is crucial for a positive public image and popularity.","A bright and well-placed Moon is crucial for a positive public image, ensuring popularity and favor from the public.",career_public_life,public_image_reputation,e0f9585153236f75,Gemini,AI,Page 1,CLEANED,0.75,,[],,v2.0,NO_CONFLICT,2025-09-02T10:19:54.272290,JSON refined and scored by AI.
23c5f0cc209d9fcc,"{""calculation_context"": {""type"": ""interhouse_relationship"", ""relationship"": ""strong_connection""}, ""components"": [{""house"": 4, ""significance"": ""inner_happiness""}, {""house"": 8, ""significance"": ""deep_transformation""}, {""house"": 12, ""significance"": ""final_liberation""}], ""group_name"": ""moksha_trikona""}","A strong connection between the houses of the Moksha Trikona (4th - inner happiness, 8th - deep transformation, 12th - final liberation) creates a powerful spiritual foundation.","A strong connection between the 4th, 8th, and 12th houses (Moksha Trikona) creates a strong spiritual foundation.","A strong connection between the houses of the Moksha Trikona (4th - inner happiness, 8th - deep transformation, 12th - final liberation) creates a powerful spiritual foundation.",karma_past_life,moksha_factors,e10894aea8815e6d,Gemini,AI,Page 25,CLEANED,0.75,,[],,v2.0,NO_CONFLICT,2025-09-02T10:28:58.530413,JSON refined and scored by AI.
a487bc9aa2014d4d,"{""calculation_context"": {""type"": ""yoga_formation"", ""yoga_name"": ""Saraswati Yoga""}, ""components"": [{""planet"": ""mercury"", ""strength"": {""dignity"": ""strong""}}, {""planet"": ""venus"", ""strength"": {""dignity"": ""strong""}}, {""planet"": ""jupiter"", ""strength"": {""dignity"": ""strong""}}]}","The presence of a Saraswati Yoga (strong placements of Mercury, Venus, and Jupiter) is a powerful indicator of a learned, articulate, and highly respected individual.","Saraswati Yoga is created when Mercury, Venus, and Jupiter are strongly placed.","Saraswati Yoga is formed by strong placements of Mercury, Venus, and Jupiter.",yogas,saraswati_yoga,e10e3f99e46d4464,Gemini,AI,Page 12,CLEANED,0.9,,[],,v2.0,NO_CONFLICT,2025-09-02T10:24:10.499341,JSON refined and scored by AI.
23fe1557c2806235,"{""calculation_context"": {""type"": ""atmakaraka_placement""}, ""components"": [{""planet"": ""atmakaraka"", ""sign_house_planet_aspects_relationships"": [{""relationship_type"": ""placement"", ""target"": {""target_type"": ""house""}}, {""relationship_type"": ""placement"", ""target"": {""target_type"": ""sign""}}, {""relationship_type"": ""aspect"", ""target"": {""target_type"": ""planet""}}]}]}",The journey of your Atmakaraka reveals the specific lessons your soul is here to learn.,The path of the Atmakaraka in the birth chart reveals the specific lessons an individual's soul is meant to learn in this lifetime.,The journey of your Atmakaraka reveals the specific lessons your soul is here to learn.,core_self_vitality,spiritual_self_alignment,e12ede75f054deab,Gemini,AI,Page 24,CLEANED,0.75,,[],,v2.0,NO_CONFLICT,2025-09-02T10:28:40.725019,JSON refined and scored by AI.
6e42a8df3274d873,"{""calculation_context"": {""type"": ""static_placement""}, ""components"": [{""planet"": ""venus""}]}","Your unique skills and creative talents are revealed through the 3rd and 5th houses of your chart. The 3rd house governs practiced abilities like writing and manual arts, while the 5th house is the wellspring of your innate creativity and expressive power. The specific nature of your talent is colored by key planets—Venus for artistic pursuits, Mercury for intellectual skills, and Rahu for a gift of innovation.",,,learning_education_creativity,arts_performance,e21553212292c789,Gemini,AI,Page 13,CLEANED,0.6,,[],,v2.0,NO_CONFLICT,2025-09-02T10:52:33.273007,JSON refined and scored by AI.
4fa58525c33e46c8,"{""calculation_context"": {""type"": ""static_placement""}, ""components"": [{""planet"": ""venus""}, {""planet"": ""jupiter""}], ""relationship"": {""type"": ""any""}}","Venus (Shukra) as the universal significator of love and relationship, and Jupiter (Guru) as the significator of the husband in a female chart.","Venus signifies love and relationships, while Jupiter signifies the husband in a female's chart.",,relationships,"marriage_spouse,love_relationships",e22d8a098f205094,Gemini,AI,Page 6,CLEANED,0.6,,[],,v2.0,NO_CONFLICT,2025-09-02T10:49:17.428578,JSON refined and scored by AI.
c78d6e35f2401b34,"{""calculation_context"": {""type"": ""house_lord_strength_and_planet_placement""}, ""components"": [{""house"": 4, ""house_strength"": ""strong"", ""lord_of_house"": 4, ""lord_strength"": ""strong"", ""supporting_planet"": ""Mars"", ""supporting_planet_placement_strength"": ""strong"", ""supporting_planet_dignity"": ""friend_sign"", ""supporting_planet_not_debilitated"": true, ""supporting_planet_not_combust"": true, ""supporting_planet_not_in_enemy_sign"": true, ""aspect_to_house"": {""aspecting_planet"": ""Mars"", ""aspected_house"": 4, ""aspect_strength"": ""strong""}, ""conjunction_in_house"": {""planet1"": ""Mars"", ""planet2"": {""type"": ""lord_of_house"", ""house"": 4}, ""house"": 4}}]}",,,"A strong 4th house and its lord, especially when supported by a well-placed Mars, is the classic combination for owning land and a comfortable home.",home_property_vehicles,property_acquisition,e2f0e8730063bc56,Gemini,AI,Page 9,CLEANED,0.75,,[],,v2.0,NO_CONFLICT,2025-09-02T10:36:22.634076,JSON refined and scored by AI.
ee7fc379bff76939,"{""calculation_context"": {""type"": ""yoga_check"", ""yoga_name"": ""Dhana Yoga""}, ""components"": [{""planet1"": {""house_lordship"": [2, 11]}, ""relationship"": [{""type"": ""conjunction""}, {""type"": ""aspect"", ""direction"": ""mutual""}, {""type"": ""exchange""}], ""planet2"": {""house_lordship"": [1, 5, 9]}}]}","Dhana Yogas (Wealth Yogas): These combinations specifically bestow wealth. They are formed by connections between the lords of wealth houses (2nd, 11th) and the lords of fortune (1st, 5th, 9th).",Dhana Yogas are formed by connections between 2nd/11th lords and 1st/5th/9th lords.,"Dhana Yogas (Wealth Yogas) specifically bestow wealth. They are formed by connections between the lords of wealth houses (2nd, 11th) and the lords of fortune (1st, 5th, 9th).",yogas,dhana_yogas,e35ad96aa123acf9,Gemini,AI,Page 26,CLEANED,0.9,,[],,v2.0,NO_CONFLICT,2025-09-02T10:29:36.834662,JSON refined and scored by AI.
70371d808aef863d,"{""calculation_context"": {""type"": ""static_placement""}, ""components"": [{""planet"": ""lagna_lord"", ""sign"": null, ""house"": 9}, {""planet"": null, ""sign"": null, ""house"": 9, ""strength"": ""powerful""}]}","A powerful 9th house, or the Lagna lord's placement there, indicates a life with significant long journeys.",The Lagna lord placed in the 9th house indicates a life with significant long journeys.,"A powerful 9th house, or the Lagna lord's placement there, indicates a life with significant long journeys.",travel_dharma_spirituality,long_travel_foreign,e3dcceb32ac7df66,Gemini,AI,Page 23,CLEANED,0.75,,[],,v2.0,NO_CONFLICT,2025-09-02T10:56:21.979907,JSON refined and scored by AI.
40d8e794eb5a5007,"{""calculation_context"": {""type"": ""house_significance_for_romance_and_marriage""}, ""components"": [{""house"": 7, ""significance"": ""marriage_and_partnerships""}, {""house"": 5, ""significance"": ""romance_and_love_affairs""}, {""house"": 8, ""significance"": ""intimacy_and_longevity_of_bond""}]}",,,"The 7th House (marriage, partnerships), 5th House (romance, love affairs), and 8th House (intimacy, longevity of the bond) are primary houses for romantic and marital potential.",relationships,"marriage_spouse,love_relationships",e4174103525897b5,Gemini,AI,Page 6,CLEANED,0.75,,[],,v2.0,NO_CONFLICT,2025-09-02T10:35:17.317273,JSON refined and scored by AI.
b93a91ad95951e74,"{""calculation_context"": {""type"": ""static_placement""}, ""components"": [{""type"": ""planet"", ""name"": ""ketu"", ""aspect"": {""type"": ""sign_aspect"", ""target"": {""type"": ""any""}}}]}","Ketu points towards the ultimate, non-material purpose of the soul.","Ketu indicates the soul's ultimate, non-material purpose.","Ketu points towards the ultimate, non-material purpose of the soul.",core_self_vitality,life_path_purpose,e44a9f94f3831edf,Gemini,AI,Page 5,CLEANED,0.75,,[],,v2.0,NO_CONFLICT,2025-09-02T10:34:55.102878,JSON refined and scored by AI.
f280e4bd97f432f8,"{""calculation_context"": {""type"": ""yoga_present"", ""yoga_name"": ""saraswati_yoga""}, ""components"": [{""yoga"": ""saraswati_yoga"", ""description"": ""Saraswati Yoga""}]}","The presence of a Saraswati Yoga (strong placements of Mercury, Venus, and Jupiter) is a powerful indicator of a learned, articulate, and highly respected individual.","The presence of Saraswati Yoga signifies a learned, articulate, and highly respected person.","Saraswati Yoga indicates a learned, articulate, and highly respected individual.",learning_education_creativity,"intellectual_skills,writing_expression",e4d6135cec0c039f,Gemini,AI,Page 12,CLEANED,0.9,,[],,v2.0,NO_CONFLICT,2025-09-02T10:24:10.499341,JSON refined and scored by AI.
fb67c7e75445a537,"{""calculation_context"": {""type"": ""static_placement""}, ""components"": [{""type"": ""planet"", ""planet"": ""Moon"", ""significance"": ""significator_of_inner_self"", ""domains"": [""mind"", ""emotions"", ""consciousness"", ""true_character""]}, {""type"": ""planet"", ""planet"": ""Lagna"", ""significance"": ""significator_of_outer_self""}]}",,,"While the Lagna is the outer self, the Moon is the inner self. It governs the mind, emotions, and consciousness, revealing the person's true character when not ""on stage.""",core_self_vitality,self_identity_character,e52867312c246db9,Gemini,AI,Page 4,CLEANED,0.75,,[],,v2.0,NO_CONFLICT,2025-09-02T10:48:18.736189,JSON refined and scored by AI.
9f0ae36989ca3fee,"{""calculation_context"": {""type"": ""static_placement""}, ""components"": [{""planet"": ""venus"", ""sign"": null, ""house"": null, ""influence_type"": ""rulership""}, {""planet"": null, ""sign"": null, ""house"": 2, ""influence_type"": ""domain""}]}",Luxury possessions and other valuable movable assets are the domain of the 2nd House (accumulated wealth) and Venus.,The 2nd house and Venus govern luxury possessions and other valuable movable assets.,Luxury possessions and other valuable movable assets are the domain of the 2nd House (accumulated wealth) and Venus.,wealth_assets_resources,"movable_assets,luxury_possessions",e5981ee5c59a2341,Gemini,AI,Page 19,CLEANED,0.75,,[],,v2.0,NO_CONFLICT,2025-09-02T10:40:43.298257,JSON refined and scored by AI.
3444ab8a2b0ef253,"{""calculation_context"": {""type"": ""static_placement""}, ""components"": [{""planet"": ""Mars"", ""house"": 7, ""nature"": ""malefic""}, {""planet"": ""Saturn"", ""house"": 7, ""nature"": ""malefic""}]}",,,Malefics like Mars or Saturn in the 7th house can indicate conflict or delays.,relationships,marriage_spouse,e5a2f1a81d49b1c8,Gemini,AI,Page 6,CLEANED,0.9,,[],,v2.0,NO_CONFLICT,2025-09-02T10:35:17.317273,JSON refined and scored by AI.
3e9aafd4f206c3e1,"{""calculation_context"": {""type"": ""static_placement""}, ""components"": [{""planet"": null, ""sign"": null, ""house"": 6, ""influence"": [{""aspect"": null, ""conjunction"": null, ""sign_lordship"": null, ""nakashtra_lordship"": null, ""sub_lordship"": null}]}, {""planet"": null, ""sign"": null, ""house"": 12, ""influence"": [{""aspect"": null, ""conjunction"": null, ""sign_lordship"": null, ""nakashtra_lordship"": null, ""sub_lordship"": null}]}], ""interpretation_context"": {""domain"": ""material_well_being"", ""topic"": [""debt"", ""expenditure""]}}","In contrast, the 6th and 12th houses reveal your tendencies regarding debt and expenditure, offering a complete overview of your material well-being.","The 6th and 12th houses show tendencies towards debt and expenses, indicating material well-being.","The 6th and 12th houses reveal tendencies related to debt and expenditure, providing insights into material well-being.",wealth_assets_resources,"debts_liabilities,financial_risks",e610ef124aacb5bb,Gemini,AI,Page 10,CLEANED,0.75,,[],,v2.0,NO_CONFLICT,2025-09-02T10:23:17.585684,JSON refined and scored by AI.
b72a0c19a082fa48,"{""calculation_context"": {""type"": ""static_placement""}, ""components"": [{""planet"": null, ""sign"": null, ""house"": 4}]}","The 4th House (Sukha Bhava), which governs home, land, and mother.","The 4th house (Sukha Bhava) signifies home, land, and the mother.","The 4th House (Sukha Bhava), which governs home, land, and mother.",home_property_vehicles,"home_comforts,parental_care",e62083db8b3e94aa,Gemini,AI,Page 18,CLEANED,0.9,,[],,v2.0,NO_CONFLICT,2025-09-02T10:40:00.948055,JSON refined and scored by AI.
24ce8a625bef1460,"{""calculation_context"": {""type"": ""static_placement""}, ""components"": [{""house"": ""4"", ""lord"": {""strength"": ""strong""}}, {""planet"": ""Moon"", ""luminosity"": ""bright"", ""placement"": {""quality"": ""well-placed""}}]}","The mother's influence is seen through the 4th House, which represents the comfort, nurturing, and home environment she provides. The Moon's condition reveals the emotional bond with her and her overall well-being. A strong 4th lord and a bright, well-placed Moon indicate a supportive and positive maternal figure.","The 4th house represents the mother's influence, comfort, and nurturing. The Moon's condition reflects the emotional bond and her well-being. A strong 4th lord and a well-placed Moon indicate a supportive and positive mother.","The mother's influence is seen through the 4th House, which represents the comfort, nurturing, and home environment she provides. The Moon's condition reveals the emotional bond with her and her overall well-being. A strong 4th lord and a bright, well-placed Moon indicate a supportive and positive maternal figure.",family_lineage,mother_status_influence,e6494e9c17abb8ef,Gemini,AI,Page 16,CLEANED,0.75,,[],,v2.0,NO_CONFLICT,2025-09-02T10:53:34.423313,JSON refined and scored by AI.
8eb9644c1bd377c4,"{""calculation_context"": {""type"": ""yoga_present"", ""strength_condition"": ""strong""}, ""components"": [{""yoga"": ""raja_yogas"", ""domain_of_influence"": [""career"", ""public_life""]}, {""yoga"": ""dhana_yogas"", ""domain_of_influence"": [""career"", ""public_life""]}], ""outcome"": {""nature"": [""high_status"", ""wealth""], ""source"": ""profession""}}",Raja Yogas and Dhana Yogas are the most powerful indicators of high status and wealth gained directly through your profession and public life.,Raja Yogas and Dhana Yogas strongly indicate high status and wealth through career and public life.,Raja Yogas and Dhana Yogas are the most powerful indicators of high status and wealth gained directly through your profession and public life.,yogas,"raja_yogas,dhana_yogas",e68fa6ae21560f1d,Gemini,AI,Page 33,CLEANED,0.75,,[],,v2.0,NO_CONFLICT,2025-09-02T10:46:50.789282,JSON refined and scored by AI.
b66e4ae358d8dac9,"{""calculation_context"": {""type"": ""static_placement""}, ""components"": [{""planet"": ""Saturn"", ""influence_type"": [""aspect"", ""sign_placement"", ""house_placement""]}]}","Saturn Affliction: Saturn is the great taskmaster. Wherever it casts its influence, it brings lessons of patience, discipline, and perseverance through delay, obstruction, and responsibility. An affliction from Saturn to the Moon can cause pessimism; to Venus, it can bring dissatisfaction in relationships; to the 10th house, it demands immense hard work for career success. Its lessons are slow and profound.","Saturn's influence teaches patience, discipline, and perseverance through delays, obstacles, and responsibilities.","Saturn is the great taskmaster. Wherever it casts its influence, it brings lessons of patience, discipline, and perseverance through delay, obstruction, and responsibility.",doshas,saturn_affliction,e6c51cb8c2d0f64b,Gemini,AI,Page 29,CLEANED,0.75,,[],,v2.0,NO_CONFLICT,2025-09-02T10:44:49.297269,JSON refined and scored by AI.
dd3b350ea3a78433,"{""calculation_context"": {""type"": ""static_placement""}, ""components"": [{""planet"": null, ""sign"": null, ""house"": 9, ""degree"": null, ""minutes"": null, ""seconds"": null, ""aspect"": null, ""conjunction"": null, ""yoga"": null, ""house_sign_relationship"": null}]}","Your spiritual compass is defined by the 9th house, which governs your beliefs, philosophy, and higher purpose.","The 9th house defines an individual's spiritual compass, governing beliefs, philosophy, and higher purpose.","Your spiritual compass is defined by the 9th house, which governs your beliefs, philosophy, and higher purpose.",travel_dharma_spirituality,philosophical_beliefs,e6f034cbd544bffe,Gemini,AI,Page 24,CLEANED,0.75,,[],,v2.0,NO_CONFLICT,2025-09-02T10:28:40.725019,JSON refined and scored by AI.
145f70c1ec8c5719,"{""calculation_context"": {""type"": ""static_placement"", ""system"": ""tropical""}, ""components"": [{""planet"": ""Sun"", ""house"": 10, ""sign_restriction"": null, ""degree_restriction"": null, ""conjunction_restriction"": null, ""aspect_restriction"": null}]}","The Sun's placement in the 10th house is a powerful signature for a career in governance, politics, or a high-level executive position.","Sun in the 10th house strongly indicates a career in governance, politics, or a high-level executive role.","The Sun acts as the universal indicator of leadership. Its placement in the 10th house is a powerful signature for a career in governance, politics, or a high-level executive position.",career_public_life,"authority_leadership,politics_public_service",e77aacb808cdb61c,Gemini,AI,Page 1,CLEANED,0.9,,[],,v2.0,NO_CONFLICT,2025-09-02T10:33:24.389045,JSON refined and scored by AI.
56d0c2021dfcb13e,"{""calculation_context"": {""type"": ""dosha_check"", ""dosha_details"": {""dosha_name"": ""kaal_sarpa_dosha""}}, ""components"": [{""dosha_type"": ""kaal_sarpa_dosha"", ""interpretation_focus"": ""psychological_effects""}]}","Your chart may contain specific karmic patterns known as Doshas, which highlight areas of life requiring special attention. Mangal Dosha primarily impacts marital harmony, Kaal Sarpa Dosha can create a feeling of destiny being blocked, Pitru Dosha points to ancestral debts, and Grahan Dosha can affect your confidence or emotional peace. Recognizing these patterns is the first step toward consciously navigating their challenges.",Kaal Sarpa Dosha can lead to a sense of being blocked or restricted in fulfilling one's destiny.,Kaal Sarpa Dosha can create a feeling of destiny being blocked.,doshas,kaal_sarpa_dosha,e7822b97a2142bf4,Gemini,AI,Page 29,CLEANED,0.75,,[],,v2.0,NO_CONFLICT,2025-09-02T10:44:49.297269,JSON refined and scored by AI.
0ca19895c95b2c7d,"{""calculation_context"": {""type"": ""static_placement""}, ""components"": [{""planet"": ""sun"", ""conjunct_with"": [""rahu"", ""ketu""], ""aspect_degree"": 0}, {""planet"": ""moon"", ""conjunct_with"": [""rahu"", ""ketu""], ""aspect_degree"": 0}]}",Grahan Dosha: The Sun or Moon is conjunct with Rahu or Ketu.,Grahan Dosha is formed when the Sun or Moon is conjunct with Rahu or Ketu.,Grahan Dosha: The Sun or Moon is conjunct with Rahu or Ketu.,doshas,grahan_dosha,e9808177d5a948ee,Gemini,AI,Page 28,CLEANED,0.9,,[],,v2.0,NO_CONFLICT,2025-09-02T10:44:22.251029,JSON refined and scored by AI.
68b7a8b22acdc5af,"{""calculation_context"": {""type"": ""static_placement""}, ""components"": [{""planet"": ""Sun"", ""sign"": null, ""house"": null, ""influence_of"": ""father""}, {""planet"": null, ""sign"": null, ""house"": ""9"", ""influence_of"": ""father""}]}",your father's is reflected in the 9th house and the Sun,Father's influence is seen through the 9th house and the Sun.,Your father's influence is reflected in the 9th house and the Sun.,family_lineage,father_status_influence,e98bcc0eabee6ca2,Gemini,AI,Page 17,CLEANED,0.75,,[],,v2.0,NO_CONFLICT,2025-09-02T10:53:52.795280,JSON refined and scored by AI.
53b37267d558884a,"{""calculation_context"": {""type"": ""static_placement""}, ""components"": [{""house"": 3, ""interpretation"": ""short journeys""}, {""house"": 9, ""interpretation"": ""long-distance foreign travel""}, {""house"": 12, ""interpretation"": ""settling abroad""}], ""additional_info"": {""planets_and_signs_involved"": ""nature of journeys (work, pleasure, or spiritual)""}}","Your potential for travel is clearly mapped in your chart. The 3rd house governs short journeys, the 9th house rules long-distance foreign travel, and the 12th house indicates the possibility of settling abroad.","The 3rd house governs short journeys, the 9th house rules long-distance and foreign travel, and the 12th house indicates foreign settlement potential.","Your potential for travel is clearly mapped in your chart. The 3rd house governs short journeys, the 9th house rules long-distance foreign travel, and the 12th house indicates the possibility of settling abroad. The nature of these journeys—be it for work, pleasure, or spiritual purposes—is revealed by the planets and signs involved.",travel_dharma_spirituality,"short_travel_local,long_travel_foreign,relocation_abroad",ea39a9618628e26c,Gemini,AI,Page 23,CLEANED,0.75,,[],,v2.0,NO_CONFLICT,2025-09-02T10:28:21.808976,JSON refined and scored by AI.
976323e3797fa17e,"{""calculation_context"": {""type"": ""static_placement""}, ""components"": [{""planet"": ""moon"", ""significance"": ""karaka"", ""domain"": ""emotional_expression""}]}","Key Planets (Karakas): Venus (Shukra) for fine arts and aesthetics, Mercury (Budha) for writing and crafts, the Moon (Chandra) for emotional expression, and Rahu for innovation.",The Moon (Chandra) signifies emotional expression.,The Moon (Chandra) is the karaka for emotional expression.,core_self_vitality,self_identity_character,eac43a392e0677cb,Gemini,AI,Page 15,CLEANED,0.75,,[],,v2.0,NO_CONFLICT,2025-09-02T10:25:17.163454,JSON refined and scored by AI.
c5f1f09591d70997,"{""calculation_context"": {""type"": ""relationship"", ""relationship_type"": [""conjunction"", ""aspect""]}, ""components"": [{""lord_of"": 5, ""strength"": ""strong""}, {""lord_of"": 7, ""strength"": ""strong""}]}",,,A strong connection between the 5th and 7th lords is a classic indicator of a love marriage.,relationships,"marriage_spouse,love_relationships",ebb76f7e9e751621,Gemini,AI,Page 6,CLEANED,0.75,,[],,v2.0,NO_CONFLICT,2025-09-02T10:35:17.317273,JSON refined and scored by AI.
968cca3b4c07f6ab,"{""calculation_context"": {""type"": ""strength_evaluation"", ""target"": ""planet"", ""method"": ""shadbala""}, ""components"": [{""type"": ""planet"", ""name"": ""moon""}]}",Strength of the Lagna Lord and the Moon: As indicators of personal resilience.,A strong Moon indicates emotional resilience.,The strength of the Moon is an indicator of personal resilience (emotional).,core_self_vitality,resilience_adaptability,ec097ec7a009926b,Gemini,AI,Page 5,CLEANED,0.75,,[],,v2.0,NO_CONFLICT,2025-09-02T10:34:55.102878,JSON refined and scored by AI.
3bc9a0763da2da4c,"{""calculation_context"": {""type"": ""affliction"", ""target"": ""house"", ""target_id"": 11}, ""components"": []}",The 11th House similarly governs the relationship with elder siblings. Afflictions to these houses can suggest rivalry or a lack of support.,Negative influences on the 11th house may indicate rivalry or lack of support from elder siblings.,Afflictions to the 11th house can suggest rivalry or a lack of support from elder siblings.,relationships,siblings_relations,ec4f16e80b04cde2,Gemini,AI,Page 18,CLEANED,0.75,,[],,v2.0,NO_CONFLICT,2025-09-02T10:54:19.945730,JSON refined and scored by AI.
b8cc5dd8d66196c7,"{""calculation_context"": {""type"": ""dasha_period""}, ""components"": [{""type"": ""planetary_period_attribute"", ""attribute"": ""potential_health_risk"", ""value"": true}]}","While astrology can indicate a long and healthy life, it also highlights specific planetary periods that may represent times of increased risk or vulnerability. The analysis focuses on identifying these periods to encourage caution and care, rather than making exact predictions.",Specific planetary periods can indicate increased risk or vulnerability.,"While astrology can indicate a long and healthy life, it also highlights specific planetary periods that may represent times of increased risk or vulnerability.",health_risks_longevity,risk_periods,ec738564bdac790f,Gemini,AI,Page 22,CLEANED,0.75,,[],,v2.0,NO_CONFLICT,2025-09-02T10:41:45.215483,JSON refined and scored by AI.
cf30a0dcb1baade6,"{""calculation_context"": {""type"": ""static_placement""}, ""components"": [{""planet"": ""lord_9"", ""sign"": null, ""house"": 12}]}",A strong connection between the 9th Lord and the 12th House (foreign lands) or the planet Rahu is a classic combination for foreign education.,A strong connection between the 9th lord and the 12th house indicates the possibility of foreign education.,A strong connection between the 9th Lord and the 12th House (foreign lands) is a classic combination for foreign education.,learning_education_creativity,foreign_education,ec9d3afda9b5cfd3,Gemini,AI,Page 12,CLEANED,0.75,,[],,v2.0,NO_CONFLICT,2025-09-02T10:52:00.662882,JSON refinement AI call failed; using original raw JSON.
b522a5551ead4a25,"{""calculation_context"": {""type"": ""transit""}, ""components"": [{""transit"": ""sade_sati"", ""potential_effects"": [{""planet"": ""saturn"", ""aspect"": ""transit"", ""affected_house"": ""natal_moon"", ""nature"": ""challenging"", ""area_of_life"": ""career""}]}]}",Sade Sati is famous for forcing a complete re-evaluation of one's career path.,Sade Sati often leads to a career reassessment.,Sade Sati is famous for forcing a complete re-evaluation of one's career path.,timing_windows,sade_sati,eccc6b1b5b6895aa,Gemini,AI,Page 33,CLEANED,0.75,,[],,v2.0,NO_CONFLICT,2025-09-02T10:32:51.795484,JSON refined and scored by AI.
7b9396902f1f20a0,"{""calculation_context"": {""type"": ""strength_dignity""}, ""components"": [{""planet"": null, ""sign"": null, ""house"": ""1""}]}",,A strong Lagna grants a magnetic and noticeable presence.,A powerful Lagna ensures that the person has a magnetic and noticeable presence that commands attention.,relationships,social_influence_presence,ed0d57d9d67113c8,Gemini,AI,Page 8,CLEANED,0.75,,[],,v2.0,NO_CONFLICT,2025-09-02T10:22:15.769979,JSON refinement AI call failed; using original raw JSON.
922fe2d8312128c4,"{""calculation_context"": {""type"": ""static_placement""}, ""components"": [{""planet"": {""type"": ""lord"", ""house"": 10}, ""house"": 9, ""relationship"": {""type"": ""placement"", ""aspect"": null}}]}",,,Foreign career and relocation are strongly indicated by a connection between the 10th lord and the 9th house (long journeys).,career_public_life,foreign_career_relocation,ed7641623a40cabc,Gemini,AI,Page 3,CLEANED,0.9,,[],,v2.0,NO_CONFLICT,2025-09-02T10:34:05.031979,JSON refined and scored by AI.
4a1e3ad17fd7c255,"{""calculation_context"": {""type"": ""static_placement""}, ""components"": [{""planet"": ""jupiter"", ""house"": 12, ""strength"": {""dignity"": ""any"", ""motion"": ""any""}, ""aspect"": {""receiving"": ""any"", ""giving"": ""any""}, ""conjunction"": ""any""}, {""planet"": ""ketu"", ""house"": 12, ""strength"": {""dignity"": ""any"", ""motion"": ""any""}, ""aspect"": {""receiving"": ""any"", ""giving"": ""any""}, ""conjunction"": ""any""}]}","Your potential for deep spiritual growth and liberation is seen in the 12th house, guided by planets like Jupiter and Ketu.","The 12th house, particularly when influenced by Jupiter and Ketu, reveals the potential for deep spiritual growth and liberation.","Your potential for deep spiritual growth and liberation is seen in the 12th house, guided by planets like Jupiter and Ketu.",travel_dharma_spirituality,spiritual_growth,ede210f3021c16a8,Gemini,AI,Page 24,CLEANED,0.75,,[],,v2.0,NO_CONFLICT,2025-09-02T10:28:40.725019,JSON refined and scored by AI.
6449a0e9bfafc796,"{""calculation_context"": {""type"": ""strength_dignity"", ""target"": ""planet"", ""strength_type"": [""shadbala"", ""vimsopaka_bala"", ""istha_phala"", ""kastha_phala""]}, ""components"": [{""planet"": ""moon""}]}",Strength of the Lagna Lord and the Moon: As indicators of personal resilience.,A strong Moon indicates emotional resilience.,The strength of the Moon is an indicator of personal resilience (emotional).,core_self_vitality,resilience_adaptability,edf18fc09845faff,Gemini,AI,Page 5,CLEANED,0.75,,[],,v2.0,NO_CONFLICT,2025-09-02T10:48:48.135013,JSON refined and scored by AI.
bfed86ca1672c81f,"{""calculation_context"": {""type"": ""dasha_bhukti""}, ""components"": [{""planet"": {""type"": ""lord"", ""house"": 10}, ""house"": null, ""relationship"": null, ""condition"": {""type"": ""active_dasha""}}, {""planet"": {""type"": ""lord"", ""house"": 2}, ""house"": null, ""relationship"": null, ""condition"": {""type"": ""active_dasha""}}, {""planet"": {""type"": ""lord"", ""house"": 11}, ""house"": null, ""relationship"": null, ""condition"": {""type"": ""active_dasha""}}], ""interpretation"": {""high_earnings"": true}}",,"The Dashas of the 10th, 2nd, and 11th lords activate periods of high earnings.",The Dashas of these planets activate periods of high earnings.,career_public_life,income_from_profession,ee050b03f7b6fb63,Gemini,AI,Page 3,CLEANED,0.75,,[],,v2.0,NO_CONFLICT,2025-09-02T10:20:35.565199,JSON refined and scored by AI.
b417d357ee5a12d1,"{""calculation_context"": {""type"": ""static_placement""}, ""components"": [{""planet"": null, ""house"": 6, ""sign"": null, ""aspect"": null, ""condition"": ""occupies""}, {""planet"": null, ""house"": 6, ""sign"": null, ""aspect"": {""target_house"": 6}, ""condition"": ""aspects""}, {""planet"": ""6th_lord"", ""house"": null, ""sign"": null, ""aspect"": null, ""condition"": null}]}","Planets occupying or aspecting the 6th house, and the condition of its lord, can indicate specific vulnerabilities.","Planets in or aspecting the 6th house, along with the condition of its lord, can indicate specific health vulnerabilities.","Planets occupying or aspecting the 6th house, and the condition of its lord, can indicate specific vulnerabilities.",health_risks_longevity,accidents_injuries,ee8bbe5426ef2999,Gemini,AI,Page 21,CLEANED,0.75,,[],,v2.0,NO_CONFLICT,2025-09-02T10:41:19.961308,JSON refined and scored by AI.
8e21403c7906a2d6,"{""calculation_context"": {""type"": ""static_placement""}, ""components"": [{""planet"": ""sun"", ""sign"": null, ""house"": null}, {""point"": ""ascendant"", ""sign"": null, ""house"": null}]}","Identity & Personality (Lagna, Sun) influence leadership style, confidence, and drive. A weak sense of self can lead to career instability.","Lagna and Sun placements shape leadership style, confidence, and drive. A weak sense of self can destabilize a career.","Identity & Personality (Lagna, Sun) influence leadership style, confidence, and drive. A weak sense of self can lead to career instability.",core_self_vitality,self_identity_character,eeb2269c88c377e6,Gemini,AI,Page 32,CLEANED,0.75,,[],,v2.0,NO_CONFLICT,2025-09-02T10:32:26.167798,JSON refinement AI call failed; using original raw JSON.
d1644b32be518ac6,"{""calculation_context"": {""type"": ""strength_evaluation""}, ""components"": [{""planet"": ""Mercury"", ""strength_condition"": ""strong"", ""description"": ""Intellectual acuity and learning ability""}, {""planet"": ""Jupiter"", ""strength_condition"": ""strong"", ""description"": ""Wisdom to synthesize and expand upon learning""}]}","Academic success hinges on the strength of the two key planets: Mercury, which provides the intellectual acuity and learning ability, and Jupiter, which bestows the wisdom to synthesize and expand upon that learning.",Academic success depends on the strength of Mercury (intellect and learning) and Jupiter (wisdom and synthesis).,"Academic success hinges on the strength of the two key planets: Mercury, which provides the intellectual acuity and learning ability, and Jupiter, which bestows the wisdom to synthesize and expand upon that learning.",learning_education_creativity,"intellectual_skills,higher_education,research_academic_success",ef09c40bad73fe98,Gemini,AI,Page 14,CLEANED,0.75,,[],,v2.0,NO_CONFLICT,2025-09-02T10:38:24.929522,JSON refined and scored by AI.
f7cd8128540e18a9,"{""calculation_context"": {""type"": ""static_placement""}, ""components"": [{""house"": ""9"", ""significance"": [{""name"": ""dharma_sthana"", ""meaning"": ""house of purpose""}, {""meaning"": ""house of higher wisdom""}, {""meaning"": ""house of philosophy""}, {""meaning"": ""house of the Guru""}]}]}","The 9th House (Dharma Sthana): The house of purpose, higher wisdom, philosophy, and the Guru.","The 9th house represents purpose, higher wisdom, philosophy, and the Guru.","The 9th House (Dharma Sthana) is the house of purpose, higher wisdom, philosophy, and the Guru.",core_self_vitality,"life_path_purpose,spiritual_self_alignment",ef133baba80ceb67,Gemini,AI,Page 5,CLEANED,0.75,,[],,v2.0,NO_CONFLICT,2025-09-02T10:48:48.135013,JSON refined and scored by AI.
3cbbefda7ae40551,"{""calculation_context"": {""type"": ""static_placement""}, ""components"": [{""planet"": [""mars"", ""ketu""], ""aspect"": [""conjunction"", ""aspect_7"", ""aspect_4"", ""aspect_8"", ""aspect_2""], ""target"": {""house"": ""8""}}, {""planet"": {""house"": ""1"", ""role"": ""lord""}, ""relationship"": [""conjunction"", ""mutual_aspect""], ""target"": {""house"": ""8"", ""role"": ""lord""}}]}","The lords of the 2nd and 7th houses are known as Maraka (killer) planets. During their major or sub-periods, especially in old age or if the chart shows health vulnerabilities, the risk to life can be elevated. The potential for sudden endings is seen through afflictions to the 8th house by planets like Mars or Ketu, or a connection between the Lagna lord and the 8th lord.","Sudden endings are possible with 8th house afflictions by Mars or Ketu, or a connection between the Lagna and 8th lords.","The potential for sudden endings is seen through afflictions to the 8th house by planets like Mars or Ketu, or a connection between the Lagna lord and the 8th lord.",health_risks_longevity,sudden_endings,ef5031b36795f887,Gemini,AI,Page 22,CLEANED,0.9,,[],,v2.0,NO_CONFLICT,2025-09-02T10:27:45.920723,JSON refined and scored by AI.
3be76dddae821860,"{""calculation_context"": {""type"": ""static_placement""}, ""components"": [{""planet"": null, ""sign"": null, ""house"": 3, ""aspects"": [], ""dignity"": null, ""strength"": null, ""is_retrograde"": null, ""special_placements"": []}], ""semantic_tags"": [""skills"", ""courage"", ""parakrama"", ""writing"", ""musical_instrument"", ""painting"", ""crafts"", ""hands"", ""performing_arts""]}","The chart clearly distinguishes between practiced skills and innate creativity. The 3rd House governs skills acquired through effort and courage (parakrama). This includes writing expression, playing a musical instrument, painting, and other crafts involving the hands. It is also a key house for the performing arts.","The 3rd house represents skills developed through effort and courage, encompassing writing, playing musical instruments, painting, crafts, and performing arts.","The 3rd House governs skills acquired through effort and courage (parakrama), including writing expression, playing a musical instrument, painting, and other crafts involving the hands. It is also a key house for the performing arts.",learning_education_creativity,"practical_skills,writing_expression,arts_performance",ef7d1e96fcd90b25,Gemini,AI,Page 15,CLEANED,0.75,,[],,v2.0,NO_CONFLICT,2025-09-02T10:25:17.163454,JSON refined and scored by AI.
fe44311055841a1f,"{""calculation_context"": {""type"": ""static_placement""}, ""components"": [{""house"": 3, ""strength"": ""strong"", ""sign_qualities"": [""movable""]}, {""planet"": ""ruler_of_house_3"", ""strength"": ""strong"", ""sign_qualities"": [""movable""]}]}","Short, local travel is the domain of the 3rd House.","Short, local travel is primarily indicated by the 3rd House.","Short, local travel is the domain of the 3rd House. A strong 3rd house or its lord, especially in a Movable sign, indicates frequent trips, commutes, and local exploration.",travel_dharma_spirituality,short_travel_local,efc4e0e1e3083b0b,Gemini,AI,Page 23,CLEANED,0.75,,[],,v2.0,NO_CONFLICT,2025-09-02T10:28:21.808086,JSON refined and scored by AI.
62297818ade87317,"{""calculation_context"": {""type"": ""static_placement""}, ""components"": [{""planet"": ""rahu"", ""aspect_to"": {""planet"": ""ketu""}, ""relationship"": ""axis""}, {""planet"": ""ketu"", ""aspect_to"": {""planet"": ""rahu""}, ""relationship"": ""axis""}], ""domain"": ""career""}",The karmic axis often plays out through your profession.,The Rahu/Ketu axis influences career choices and experiences.,The karmic axis often plays out through your profession.,karma_past_life,past_life_professions,efca2953cff5cc74,Gemini,AI,Page 33,CLEANED,0.75,,[],,v2.0,NO_CONFLICT,2025-09-02T10:46:50.789282,JSON refined and scored by AI.
568c727618abdc2a,"{""calculation_context"": {""type"": ""static_placement""}, ""components"": [{""planet"": null, ""sign"": null, ""house"": 3, ""influence"": [{""aspect"": null, ""conjunction"": null}]}], ""interpretation_context"": {""domain"": ""general_characteristics"", ""subdomain"": ""skills_and_abilities""}}","Key Houses: The 3rd House (skills of the hand, writing, performance) and the 5th House (creativity, intellect, self-expression).","The 3rd house signifies manual dexterity, writing abilities, and performance skills.","The 3rd House governs skills of the hand, writing, and performance.",learning_education_creativity,"practical_skills,arts_performance,writing_expression",efcec21351407122,Gemini,AI,Page 15,CLEANED,0.75,,[],,v2.0,NO_CONFLICT,2025-09-02T10:25:17.163454,JSON refined and scored by AI.
93e88d5f94642be9,"{""calculation_context"": {""type"": ""dasha_bhukti""}, ""components"": [{""planet"": ""rahu"", ""house"": null, ""relationship"": null}, {""planet"": null, ""house"": [""9"", ""12""], ""relationship"": ""lord_of""}, {""planet"": null, ""house"": [""9"", ""12""], ""relationship"": ""occupies""}, {""planet"": null, ""house"": [""9"", ""12""], ""relationship"": ""aspects""}]}",,The Dasha of Rahu or planets linked to the 9th and 12th houses can trigger relocation abroad.,The Dasha of Rahu or planets associated with these houses often triggers a move abroad.,career_public_life,foreign_career_relocation,f03fb6dfa358c54a,Gemini,AI,Page 3,CLEANED,0.75,,[],,v2.0,NO_CONFLICT,2025-09-02T10:20:35.565199,JSON refined and scored by AI.
7095b3d3480ab8f1,"{""calculation_context"": {""type"": ""yoga_check"", ""description"": ""Check for the presence of Yogas""}, ""components"": [{""type"": ""planetary_combination"", ""description"": ""A combination of planets forming a Yoga""}]}","Yogas—the powerful planetary combinations that act as the ""special grammar"" of a birth chart.",Yogas are powerful planetary combinations in a birth chart.,"Yogas are powerful planetary combinations that act as the ""special grammar"" of a birth chart.",yogas,other_yogas_related,f049f7717e9b9896,Gemini,AI,Page 26,CLEANED,0.75,,[],,v2.0,NO_CONFLICT,2025-09-02T10:57:39.627964,JSON refined and scored by AI.
fe66780b42c41776,"{""calculation_context"": {""type"": ""general_interpretation""}, ""components"": [{""type"": ""planet_house_sign_aspect"", ""planets"": [], ""houses"": [], ""signs"": [], ""aspects"": [], ""description"": ""Analysis of potential for all forms of travel""}, {""type"": ""keyword"", ""keywords"": [""travel"", ""short trips"", ""local trips"", ""long-distance journeys"", ""foreign journeys"", ""pilgrimages"", ""relocation abroad""]}]}","This area analyzes the potential for all forms of travel, from short local trips to long-distance foreign journeys, pilgrimages, and permanent relocation abroad.","Analysis of travel potential, including short trips, long-distance journeys, pilgrimages, and relocation.","This area analyzes the potential for all forms of travel, from short local trips to long-distance foreign journeys, pilgrimages, and relocation abroad.",travel_dharma_spirituality,short_travel_local,f0ba26124a95d0ee,Gemini,AI,Page 23,CLEANED,0.75,,[],,v2.0,NO_CONFLICT,2025-09-02T10:42:04.545684,JSON refined and scored by AI.
ddc37bea62fa89c7,"{""calculation_context"": {""type"": ""yoga"", ""yoga_types"": [""raja_yoga"", ""pancha_mahapurusha_yoga"", ""gajakesari_yoga""], ""influence_areas"": [""prominence"", ""governance""]}, ""components"": [{""yoga_name"": ""raja_yoga"", ""description"": ""Combination for power""}, {""yoga_name"": ""pancha_mahapurusha_yoga"", ""description"": ""Combination for greatness""}, {""yoga_name"": ""gajakesari_yoga"", ""description"": ""Combination for fame""}]}","Special Combinations (Yogas): Raja Yogas (combinations for power), Pancha Mahapurusha Yogas (combinations for greatness), and Gajakesari Yoga (combination for fame).","Raja Yogas (power), Pancha Mahapurusha Yogas (greatness), and Gajakesari Yoga (fame) are important yogas for prominence and governance.","Raja Yogas (combinations for power), Pancha Mahapurusha Yogas (combinations for greatness), and Gajakesari Yoga (combination for fame) are special combinations that influence prominence and governance.",yogas,"raja_yogas,pancha_mahapurusha_yogas,gajakesari_yoga",f0bc32ddceac9ea1,Gemini,AI,Page 1,CLEANED,0.75,,[],,v2.0,NO_CONFLICT,2025-09-02T10:47:15.467079,JSON refined and scored by AI.
e2df2c9a772c2d64,"{""calculation_context"": {""type"": ""static_placement""}, ""components"": [{""planet"": ""Moon""}]}","Moon can lead to mental anxiety, emotional turmoil, and a difficult relationship with the mother.",The Moon's placement may contribute to mental anxiety and emotional turmoil.,"Moon can lead to mental anxiety, emotional turmoil.",health_risks_longevity,"stress_anxiety,psychological_balance",f159d6fbff761d9b,Gemini,AI,Page 29,CLEANED,0.75,,[],,v2.0,NO_CONFLICT,2025-09-02T10:58:50.078161,JSON refinement AI call failed; using original raw JSON.
88b1f15ed031fde3,"{""calculation_context"": {""type"": ""static_placement""}, ""components"": [{""planet"": [""mars"", ""saturn"", ""rahu"", ""ketu"", ""sun""], ""aspect"": [""conjunction"", ""square"", ""opposition"", ""6th_house_aspect"", ""8th_house_aspect""], ""target"": ""ascendant_lord""}, {""planet"": [""mars"", ""saturn"", ""rahu"", ""ketu"", ""sun""], ""aspect"": [""conjunction"", ""square"", ""opposition"", ""6th_house_aspect"", ""8th_house_aspect""], ""target"": ""moon""}, {""planet"": [""mars"", ""saturn"", ""rahu"", ""ketu"", ""sun""], ""aspect"": [""conjunction"", ""square"", ""opposition"", ""6th_house_aspect"", ""8th_house_aspect""], ""target"": ""4th_house""}]}","Afflictions from challenging planets can indicate a predisposition to stress or anxiety, highlighting the importance of cultivating psychological balance throughout life.",Challenging planetary aspects can suggest a tendency towards stress and anxiety.,Afflictions from challenging planets can indicate a predisposition to stress or anxiety.,health_risks_longevity,"lifespan_overview,psychological_balance",f16f93c0192cccaa,Gemini,AI,Page 22,CLEANED,0.75,,[],,v2.0,NO_CONFLICT,2025-09-02T10:41:45.215483,JSON refined and scored by AI.
2cabca9ae7b66125,"{""calculation_context"": {""type"": ""static_placement"", ""sub_type"": ""house_placement""}, ""components"": [{""planet"": ""rahu"", ""house"": [2, 5, 8, 11]}, {""planet"": ""ketu"", ""house"": [2, 5, 8, 11]}], ""conditional_rules"": {""or"": [{""planet"": ""rahu"", ""in_dasha"": true}, {""planet"": ""ketu"", ""in_dasha"": true}]}}","Sudden gains and losses are the hallmark of Rahu and Ketu. When these shadow planets influence the houses of wealth (2nd, 5th, 8th, 11th), they can bring unexpected financial windfalls or equally sudden collapses, particularly during their Dasha periods.","Rahu/Ketu influencing 2nd, 5th, 8th, 11th houses can bring sudden gains/losses, especially during their dashas.","Rahu and Ketu influencing the 2nd, 5th, 8th, or 11th houses can cause sudden financial gains or losses, especially during their Dasha periods.",wealth_assets_resources,sudden_gains_losses,f1e428786294139b,Gemini,AI,Page 10,CLEANED,0.75,,[],,v2.0,NO_CONFLICT,2025-09-02T10:23:17.585684,JSON refined and scored by AI.
64caf4c99fb31ada,"{""calculation_context"": {""type"": ""static_placement""}, ""components"": [{""house"": 8, ""strength"": {""type"": ""shadbala"", ""strength_type"": ""strong""}}, {""planet"": ""saturn"", ""placement"": {""dignity"": ""any_positive"", ""strength"": {""type"": ""shadbala"", ""strength_type"": ""strong""}}}]}",Longevity is a complex calculation primarily assessed from the 8th House and its lord. A strong 8th house and a well-placed Saturn are indicators of a long life. The 3rd house is also analyzed as a secondary indicator.,A strong 8th house and well-placed Saturn indicate a long life.,A strong 8th house and a well-placed Saturn are indicators of a long life.,health_risks_longevity,lifespan_overview,f226bf5715b751aa,Gemini,AI,Page 22,CLEANED,0.75,,[],,v2.0,NO_CONFLICT,2025-09-02T10:41:45.215483,JSON refined and scored by AI.
b80adf9a3fa5fdfc,"{""calculation_context"": {""type"": ""house_significance""}, ""components"": [{""type"": ""house"", ""index"": 9, ""significance"": [{""domain"": ""dharma"", ""keywords"": [""purpose"", ""higher wisdom"", ""philosophy"", ""guru""]}]}]}","The 9th House (Dharma Sthana): The house of purpose, higher wisdom, philosophy, and the Guru.","The 9th house, also known as Dharma Sthana, represents purpose, higher wisdom, philosophy, and the Guru, offering insights into one's life path.","The 9th House (Dharma Sthana) is associated with purpose, higher wisdom, philosophy, and the Guru.",core_self_vitality,life_path_purpose,f2d366d39058dcab,Gemini,AI,Page 5,CLEANED,0.75,,[],,v2.0,NO_CONFLICT,2025-09-02T10:34:55.102878,JSON refined and scored by AI.
66349357fbbaffa1,"{""calculation_context"": {""type"": ""static_placement""}, ""components"": [{""house"": 7, ""planets"": {""any"": true}, ""cusp"": {""sign"": true}}]}",,,The sign on the 7th house cusp and any planets within it describe the characteristics of the spouse and the general environment of the partnership.,relationships,marriage_spouse,f2d423033b4df81e,Gemini,AI,Page 6,CLEANED,0.75,,[],,v2.0,NO_CONFLICT,2025-09-02T10:35:17.317273,JSON refined and scored by AI.
2a4ce719d0c11dfc,"{""calculation_context"": {""type"": ""static_placement""}, ""components"": [{""planet"": null, ""sign"": null, ""house"": 3, ""sign_lord"": null, ""house_lord"": null, ""nakshatra"": null, ""nakshatra_lord"": null, ""sub"": null, ""sub_lord"": null, ""aspect"": null, ""conjunction"": null}]}","The 3rd House governs younger siblings, courage, and communication.",The 3rd house signifies younger siblings.,The 3rd House governs younger siblings.,relationships,siblings_relations,f380c648c07e2f80,Gemini,AI,Page 18,CLEANED,0.9,,[],,v2.0,NO_CONFLICT,2025-09-02T10:26:27.152084,JSON refined and scored by AI.
ddf0be7dc3c71976,"{""calculation_context"": {""type"": ""strength"", ""target"": ""combined"", ""method"": ""undefined""}, ""components"": [{""planet"": ""mercury"", ""dignity"": null}, {""planet"": ""jupiter"", ""dignity"": null}]}","Your academic aptitude is primarily determined by the strength of Mercury, the planet of intellect, and Jupiter, the planet of wisdom.",,,learning_education_creativity,intellectual_skills,f38862f1a5fd2bbe,Gemini,AI,Page 12,CLEANED,0.9,,[],,v2.0,NO_CONFLICT,2025-09-02T10:37:27.582461,JSON refined and scored by AI.
4601825c1a58cf8a,"{""calculation_context"": {""type"": ""karaka"", ""karaka_for"": [""land"", ""property""]}, ""components"": [{""planet"": ""mars""}]}","Key Planets (Karakas): Mars (Mangala) as the significator of land and property (Bhoomi Karaka), and Saturn (Shani) for construction and long-term assets.",Mars signifies land and property.,Mars is the karaka for land and property.,home_property_vehicles,property_acquisition,f38be9cbfacd80d6,Gemini,AI,Page 18,CLEANED,0.75,,[],,v2.0,NO_CONFLICT,2025-09-02T10:54:19.945730,JSON refined and scored by AI.
56c3b5b1ba389e6a,"{""calculation_context"": {""type"": ""house_strength"", ""target_house"": 11}, ""components"": [{""house"": 11, ""strength"": ""strong"", ""strength_assessment_type"": ""relative"", ""compared_to"": ""other_houses_in_chart""}]}",,,A strong 11th house ensures a consistent and healthy cash flow.,wealth_assets_resources,"income_primary,income_secondary_sources",f4a86cdb59fa4ac4,Gemini,AI,Page 9,CLEANED,0.75,,[],,v2.0,NO_CONFLICT,2025-09-02T10:22:47.297281,JSON refined and scored by AI.
b10c3a921e0929f1,"{""calculation_context"": {""type"": ""house"", ""sign_lords"": [], ""planets"": []}, ""components"": [{""house_number"": 9, ""strength"": {""dignity"": [], ""shadbala"": [], ""other"": []}, ""sign"": null, ""planets"": [], ""aspects"": []}, {""house_number"": 12, ""strength"": {""dignity"": [], ""shadbala"": [], ""other"": []}, ""sign"": null, ""planets"": [], ""aspects"": []}], ""relationship"": {""type"": ""or"", ""description"": ""Either the 9th house or the 12th house signifies the potential.""}}","Directly relates to the potential for a foreign career, international business, or relocation for work.","The 9th and 12th houses indicate potential for foreign career, international business, or relocation for work.","Directly relates to the potential for a foreign career, international business, or relocation for work.",career_public_life,foreign_career_relocation,f4d1e703387c3532,Gemini,AI,Page 33,CLEANED,0.75,,[],,v2.0,NO_CONFLICT,2025-09-02T10:32:51.795484,JSON refined and scored by AI.
f4e5a23a371c61ce,"{""calculation_context"": {""type"": ""yoga""}, ""components"": []}","The presence of specific auspicious combinations, or 'Yogas,' can signify exceptional intelligence and a high degree of academic success, including the potential for studying abroad.",,,learning_education_creativity,other_formal_education,f4e5a23a371c61ce,Gemini,AI,Page 12,CLEANED,0.6,,[],,v2.0,NO_CONFLICT,2025-09-02T10:37:27.582461,JSON refined and scored by AI.
83f397de48e4c441,"{""calculation_context"": {""type"": ""influence""}, ""components"": [{""planet"": ""rahu"", ""influence_on"": [{""house"": 5}, {""house"": 10}]}]}",,,"Rahu, with its forward-looking and unconventional nature, is the karaka for innovation and invention, often providing the spark of genius that breaks from tradition, especially when influencing the 5th house of intellect or the 10th house of action.",learning_education_creativity,innovation_invention,f4fe7c8ed1f52880,Gemini,AI,Page 12,CLEANED,0.75,,[],,v2.0,NO_CONFLICT,2025-09-02T10:37:27.582461,JSON refinement AI call failed; using original raw JSON.
1a986834afa6496d,"{""calculation_context"": {""type"": ""lordship_strength"", ""target"": ""strong""}, ""components"": [{""planet"": null, ""sign"": null, ""house"": 12, ""strength"": ""strong""}]}",,A strong 12th lord suggests a strong desire for enlightenment and a supportive life path.,A strong 12th lord indicates a deep-seated desire for enlightenment and a life path that supports it.,karma_past_life,moksha_factors,f52bc948247d2c3e,Gemini,AI,Page 25,CLEANED,0.75,,[],,v2.0,NO_CONFLICT,2025-09-02T10:57:00.657532,JSON refined and scored by AI.
46df4e2f6935bfc3,"{""calculation_context"": {""type"": ""static_placement""}, ""components"": [{""planet"": ""venus"", ""significance"": [""karaka"", ""significator""], ""domain"": [""vehicles"", ""luxury""]}]}","Venus, the planet of luxury, is the significator for vehicles.",Venus is the significator for vehicles.,Venus signifies vehicles and luxury.,home_property_vehicles,vehicle_ownership,f588c6c2aca0ef8b,Gemini,AI,Page 10,CLEANED,0.75,,[],,v2.0,NO_CONFLICT,2025-09-02T10:23:17.585684,JSON refined and scored by AI.
c1add55bb487d9bc,"{""calculation_context"": {""type"": ""static_placement""}, ""components"": [{""type"": ""aspect_influence"", ""planet"": [""Jupiter"", ""Venus""], ""house"": ""5"", ""influence"": ""benefic""}]}",Benefic influences from planets like Jupiter or Venus are highly favorable,Benefic aspects from Jupiter or Venus to the 5th house are favorable for childbearing.,Benefic influences from planets like Jupiter or Venus on the 5th house are highly favorable for progeny.,family_lineage,childbearing_potential,f5bcc25146072f40,Gemini,AI,Page 17,CLEANED,0.9,,[],,v2.0,NO_CONFLICT,2025-09-02T10:53:52.795280,JSON refined and scored by AI.
9b0cf5fb84592a9d,"{""calculation_context"": {""type"": ""static_placement""}, ""components"": [{""planet"": ""lagna_lord"", ""house"": 10}, {""planet"": ""lagna_lord"", ""conjunction_with"": {""planet"": ""lord_of_house"", ""house"": 10}}], ""logic"": ""OR""}",,Lagna Lord in the 10th house or conjunct the 10th lord makes public role and authority central to identity.,"When the Lagna Lord is placed in the 10th house, or conjunct the 10th lord, the individual's entire identity becomes synonymous with their public role and authority.",career_public_life,authority_leadership,f5cc21f6bde1eabb,Gemini,AI,Page 1,CLEANED,0.9,,[],,v2.0,NO_CONFLICT,2025-09-02T10:19:54.272290,JSON refined and scored by AI.
06c069fe55b4cd46,"{""calculation_context"": {""type"": ""transit""}, ""components"": [{""planet"": {""any"": true}, ""sign"": {""any"": true}, ""house"": {""any"": true}, ""aspect"": {""any"": true, ""to_planet"": {""any"": true}, ""to_sign"": {""any"": true}, ""to_house"": {""any"": true}, ""type"": {""any"": true}, ""degree"": {""any"": true}}}]}",Transits trigger specific events within the broader themes shown by dashas.,"While dashas indicate the overall theme of a life period, transits (Gochar) are the specific triggers that bring about events.","If Dashas show the theme of a life chapter, transits (Gochar) are the specific triggers that deliver the events.",timing_windows,other_transits_periods,f641ee7b0d196458,Gemini,AI,Page 30,CLEANED,0.75,,[],,v2.0,NO_CONFLICT,2025-09-02T10:31:21.014498,JSON refined and scored by AI.
b6092f05bc9af4fa,"{""calculation_context"": {""type"": ""static_placement""}, ""components"": [{""planet"": ""lagna"", ""house"": 1}, {""planet"": ""midheaven"", ""house"": 10}]}",,The 1st and 10th houses are primary indicators for status and public power.,"Primary Houses: The 1st House (Lagna - the self and status) and the 10th House (Karma Sthana - public status, power).",career_public_life,authority_leadership,f68f32ccd1482dbe,Gemini,AI,Page 1,CLEANED,0.9,,[],,v2.0,NO_CONFLICT,2025-09-02T10:19:54.272290,JSON refined and scored by AI.
9c9a8793aa6df2bd,"{""calculation_context"": {""type"": ""house_placement""}, ""components"": [{""planet"": {""any"": true}, ""house"": 8}]}","8th House (intimacy, longevity of the bond).",The 8th house signifies intimacy and the longevity of relationships.,"8th House (intimacy, longevity of the bond).",relationships,intimacy_sexuality,f6a486e2612ea831,Gemini,AI,Page 6,CLEANED,0.75,,[],,v2.0,NO_CONFLICT,2025-09-02T10:21:35.664680,JSON refined and scored by AI.
893599ae77ac2f52,"{""calculation_context"": {""type"": ""static_placement""}, ""components"": [{""type"": ""planet_lord"", ""house"": 1, ""target_components"": [{""type"": ""dignity""}, {""type"": ""house_placement""}, {""type"": ""aspect_received""}]}]}",,,"The Lagna Lord: The planet that rules the Ascendant sign, its dignity, house placement, and the aspects it receives.",core_self_vitality,self_identity_character,f6f4d298fa3ac5f8,Gemini,AI,Page 4,CLEANED,0.75,,[],,v2.0,NO_CONFLICT,2025-09-02T10:20:52.860140,JSON refined and scored by AI.
08a29c631b8c97cd,"{""calculation_context"": {""type"": ""static_placement""}, ""components"": [{""type"": ""atmakaraka"", ""planet"": null, ""sign"": null, ""house"": null}]}",The Atmakaraka (AK): The nature of this planet reveals the soul's calling.,"The Atmakaraka planet reveals the soul's purpose, influencing career inclination and overall direction.","The Atmakaraka, signifying the soul's deepest desires and purpose, acts as a compass guiding an individual's career trajectory. It reveals not only the soul's inherent inclination towards specific professions but also illuminates the individual's true calling, thereby significantly influencing their overall career direction and path.",career_public_life,other_career_related,f75fc7967f002725,Gemini,AI,Page 2,CLEANED,0.75,08a29c631b8c97cd,[],,v2.0,NO_CONFLICT,2025-09-02T10:20:14.037622,"Consolidated from 2 facts. Original IDs: ['08a29c631b8c97cd', 'a84f3e1baa39520d']"
c70729363b7990f3,"{""calculation_context"": {""type"": ""static_placement""}, ""components"": [{""planet"": ""ketu"", ""significator_for"": [""moksha""], ""aspects"": [{""nature"": ""positive"", ""target"": ""intuition""}, {""nature"": ""positive"", ""target"": ""detachment"", ""qualifier"": ""worldly matters""}]}]}","As the significator for moksha (enlightenment), Ketu provides profound intuitive insights and a natural detachment from worldly matters.","Ketu, as a significator of moksha, grants deep intuition and detachment from material concerns.","As the significator for moksha (enlightenment), Ketu provides profound intuitive insights and a natural detachment from worldly matters.",karma_past_life,moksha_factors,f772f37538d64681,Gemini,AI,Page 16,CLEANED,0.75,,[],,v2.0,NO_CONFLICT,2025-09-02T10:39:10.083015,JSON refined and scored by AI.
be95943457beaa01,"{""calculation_context"": {""type"": ""yoga_presence""}, ""components"": [{""type"": ""moksha_yoga"", ""details"": {""description"": ""Combinations facilitating spiritual liberation (moksha)""}}]}","Moksha Yogas: These combinations facilitate spiritual liberation. The most potent is having a spiritual planet like Ketu or Jupiter in the 12th house, free from malefic influence, indicating a soul in its final stages of the karmic cycle.",Moksha Yogas aid in achieving spiritual liberation.,These combinations facilitate spiritual liberation.,yogas,moksha_yogas,f78388c15e41e43f,Gemini,AI,Page 27,CLEANED,0.75,,[],,v2.0,NO_CONFLICT,2025-09-02T10:58:00.637955,JSON refined and scored by AI.
40445965c4950ab0,"{""calculation_context"": {""type"": ""static_placement""}, ""components"": [{""planet"": null, ""sign"": null, ""house"": 1, ""influence"": [{""aspect"": null, ""conjunction"": null, ""sign_lord"": null, ""nakashtra_lord"": null, ""sub_lord"": null}], ""strength"": null, ""dignity"": null, ""is_retrograde"": null, ""is_combust"": null}, {""planet"": null, ""sign"": null, ""house"": 10, ""influence"": [{""aspect"": null, ""conjunction"": null, ""sign_lord"": null, ""nakashtra_lord"": null, ""sub_lord"": null}], ""strength"": null, ""dignity"": null, ""is_retrograde"": null, ""is_combust"": null}]}","The 1st House (Lagna - the self and status) and the 10th House (Karma Sthana - public status, power) are primary houses for prominence and governance.",The 1st (self and status) and 10th (public status and power) houses are primary indicators for prominence and governance.,"The 1st House (Lagna - the self and status) and the 10th House (Karma Sthana - public status, power) are primary houses for prominence and governance.",career_public_life,authority_leadership,f80d8545216c0815,Gemini,AI,Page 1,CLEANED,0.75,,[],,v2.0,NO_CONFLICT,2025-09-02T10:33:24.389045,JSON refined and scored by AI.
da5d23a721d95135,"{""calculation_context"": {""type"": ""static_placement""}, ""components"": [{""planet"": {""type"": ""lord"", ""house"": 10}, ""house"": 12, ""relationship"": {""type"": ""placement"", ""strength"": ""strong""}}]}",,,Foreign career and relocation are strongly indicated by a connection between the 10th lord and the 12th house (foreign lands).,career_public_life,foreign_career_relocation,f82edd83f12ed1e8,Gemini,AI,Page 3,CLEANED,0.9,,[],,v2.0,NO_CONFLICT,2025-09-02T10:34:05.031979,JSON refined and scored by AI.
13e1d0f2e90eb9c8,"{""calculation_context"": {""type"": ""static_placement""}, ""components"": [{""planet"": ""venus"", ""significance"": [{""domain"": ""karaka"", ""karaka_for"": [""fine_arts"", ""aesthetics""]}]}]}","Key Planets (Karakas): Venus (Shukra) for fine arts and aesthetics, Mercury (Budha) for writing and crafts, the Moon (Chandra) for emotional expression, and Rahu for innovation.",Venus (Shukra) signifies fine arts and aesthetics.,Venus (Shukra) is the karaka for fine arts and aesthetics.,learning_education_creativity,arts_performance,f8388994f5b04e4f,Gemini,AI,Page 15,CLEANED,0.75,,[],,v2.0,NO_CONFLICT,2025-09-02T10:25:17.163454,JSON refined and scored by AI.
28bcbee17b1779f7,"{""calculation_context"": {""type"": ""panchang"", ""sub_type"": ""daily""}, ""components"": [{""tithi"": {""any"": true}}, {""vara"": {""any"": true}}, {""nakshatra"": {""any"": true}}, {""yoga"": {""any"": true}}, {""karana"": {""any"": true}}]}",The Panchang provides the energetic texture of any given day.,The Panchang describes the energetic quality of each day.,The Panchang provides the energetic texture of any given day.,timing_windows,tithi_yoga_karana,f85cf8f3ee533b10,Gemini,AI,Page 31,CLEANED,0.75,,[],,v2.0,NO_CONFLICT,2025-09-02T10:45:47.501157,JSON refined and scored by AI.
87685936cc6a4352,"{""calculation_context"": {""type"": ""static_placement""}, ""components"": [{""planet"": ""mercury"", ""significance"": [{""domain"": ""karaka"", ""karaka_for"": [""writing"", ""crafts""]}]}]}","Key Planets (Karakas): Venus (Shukra) for fine arts and aesthetics, Mercury (Budha) for writing and crafts, the Moon (Chandra) for emotional expression, and Rahu for innovation.",Mercury (Budha) signifies writing and crafts.,Mercury (Budha) is the karaka for writing and crafts.,learning_education_creativity,"writing_expression,practical_skills",f8978ac14cd821cb,Gemini,AI,Page 15,CLEANED,0.75,,[],,v2.0,NO_CONFLICT,2025-09-02T10:25:17.163454,JSON refined and scored by AI.
642cd0f956b15b94,"{""calculation_context"": {""type"": ""atmakaraka""}, ""components"": [{""type"": ""planet"", ""name"": ""saturn""}]}","For example, a Saturn AK indicates a path connected to alleviating the suffering of others, while a Venus AK suggests a path of seeking pure love and creation.","If Saturn is the Atmakaraka, the life path involves alleviating others' suffering.",A Saturn Atmakaraka indicates a life path connected to alleviating the suffering of others.,core_self_vitality,life_path_purpose,f8b10702a9bb1fea,Gemini,AI,Page 5,CLEANED,0.9,,[],,v2.0,NO_CONFLICT,2025-09-02T10:34:55.102878,JSON refined and scored by AI.
090ffb7b1655caaa,"{""calculation_context"": {""type"": ""static_placement""}, ""components"": [{""conjunction"": {""planets"": [{""planet"": ""any"", ""lordship_filter"": {""houses"": [1, 4, 7, 10]}}, {""planet"": ""any"", ""lordship_filter"": {""houses"": [1, 5, 9]}}, {""planet"": ""any"", ""lordship_filter"": {""houses"": [2, 11]}}]}}, {""aspect"": {""planets"": [{""planet"": ""any"", ""lordship_filter"": {""houses"": [1, 4, 7, 10]}}, {""planet"": ""any"", ""lordship_filter"": {""houses"": [1, 5, 9]}}, {""planet"": ""any"", ""lordship_filter"": {""houses"": [2, 11]}}]}}, {""mutual_exchange"": {""planets"": [{""planet"": ""any"", ""lordship_filter"": {""houses"": [1, 4, 7, 10]}}, {""planet"": ""any"", ""lordship_filter"": {""houses"": [1, 5, 9]}}]}}, {""mutual_exchange"": {""planets"": [{""planet"": ""any"", ""lordship_filter"": {""houses"": [1, 4, 7, 10]}}, {""planet"": ""any"", ""lordship_filter"": {""houses"": [2, 11]}}]}}, {""mutual_exchange"": {""planets"": [{""planet"": ""any"", ""lordship_filter"": {""houses"": [1, 5, 9]}}, {""planet"": ""any"", ""lordship_filter"": {""houses"": [2, 11]}}]}}]}","Specific combinations involving the lords of Kendra (1, 4, 7, 10), Trikona (1, 5, 9), and Dhana (2, 11) houses.","Strength & Success Yogas involve lords of Kendra (1, 4, 7, 10), Trikona (1, 5, 9), and Dhana (2, 11) houses.","Strength & Success Yogas are formed by specific combinations involving the lords of Kendra (1, 4, 7, 10), Trikona (1, 5, 9), and Dhana (2, 11) houses.",yogas,other_strength_success_yogas,f90f21eed3cb256c,Gemini,AI,Page 26,CLEANED,0.75,,[],,v2.0,NO_CONFLICT,2025-09-02T10:43:25.981213,JSON refined and scored by AI.
c16a5a87b59ecd69,"{""calculation_context"": {""type"": ""static_placement""}, ""components"": [{""planet"": ""Mercury"", ""conjunction_with"": ""Sun""}]}",Budha-Aditya Yoga,Budha-Aditya Yoga is present.,Budha-Aditya Yoga,yogas,other_miscellaneous_yogas,f9d72aa6ebaf5b07,Gemini,AI,Page 14,CLEANED,0.9,,[],,v2.0,NO_CONFLICT,2025-09-02T10:38:24.928471,JSON refined and scored by AI.
bc6b51cbe6c04889,"{""calculation_context"": {""type"": ""dasha_period"", ""planet_role"": [{""house"": ""2"", ""role"": ""lord""}, {""house"": ""7"", ""role"": ""lord""}]}, ""components"": [{""condition"": {""type"": ""or"", ""components"": [{""type"": ""age"", ""value"": ""old""}, {""type"": ""chart_characteristic"", ""value"": ""health_vulnerabilities""}]}}]}","The lords of the 2nd and 7th houses are known as Maraka (killer) planets. During their major or sub-periods, especially in old age or if the chart shows health vulnerabilities, the risk to life can be elevated. The potential for sudden endings is seen through afflictions to the 8th house by planets like Mars or Ketu, or a connection between the Lagna lord and the 8th lord.","The lords of the 2nd and 7th houses are maraka planets, and their dashas can be risky, especially in old age or with health vulnerabilities.","The lords of the 2nd and 7th houses are known as Maraka (killer) planets. During their major or sub-periods, especially in old age or if the chart shows health vulnerabilities, the risk to life can be elevated.",health_risks_longevity,"risk_periods,sudden_endings",fa2e4e1c11ce6517,Gemini,AI,Page 22,CLEANED,0.75,,[],,v2.0,NO_CONFLICT,2025-09-02T10:27:45.920723,JSON refined and scored by AI.
458b0a2abf5f6e9f,"{""calculation_context"": {""type"": ""influence"", ""subtype"": ""karmic_alignment""}, ""components"": [{""planet"": ""rahu"", ""influence_type"": ""lessons"", ""influence_aspect"": ""alignment""}, {""planet"": ""ketu"", ""influence_type"": ""wisdom"", ""influence_aspect"": ""detachment"", ""influence_alignment"": ""embracing""}, {""planet"": ""atmakaraka"", ""influence_type"": ""guidance"", ""influence_aspect"": ""nature""}]}","Soul purpose alignment is achieved when one lives according to the lessons of Rahu while embracing the detached wisdom of Ketu, a journey guided by the nature of the Atmakaraka.","Soul purpose alignment is achieved by balancing the lessons of Rahu with the wisdom of Ketu, guided by the Atmakaraka.","Soul purpose alignment is achieved when one lives according to the lessons of Rahu while embracing the detached wisdom of Ketu, a journey guided by the nature of the Atmakaraka.",karma_past_life,soul_purpose_alignment,fa4b28ffa254bc68,Gemini,AI,Page 25,CLEANED,0.75,,[],,v2.0,NO_CONFLICT,2025-09-02T10:28:58.530413,JSON refined and scored by AI.
d516356a0780de5a,"{""calculation_context"": {""type"": ""house_placement""}, ""components"": [{""planet"": ""jupiter"", ""house"": 7, ""nature"": ""benefic""}, {""planet"": ""venus"", ""house"": 7, ""nature"": ""benefic""}]}",Benefic planets like Jupiter or Venus here promise harmony,Benefic planets like Jupiter or Venus in the 7th house indicate a harmonious partnership.,Benefic planets like Jupiter or Venus here promise harmony,relationships,marriage_spouse,fa5d43e75c16bdda,Gemini,AI,Page 6,CLEANED,0.9,,[],,v2.0,NO_CONFLICT,2025-09-02T10:21:35.664680,JSON refined and scored by AI.
6f46c468936587ac,"{""calculation_context"": {""type"": ""karaka"", ""karaka_type"": ""significator"", ""domain"": [""construction"", ""long_term_assets""]}, ""components"": [{""planet"": ""saturn""}]}","Key Planets (Karakas): Mars (Mangala) as the significator of land and property (Bhoomi Karaka), and Saturn (Shani) for construction and long-term assets.",Saturn signifies construction and long-term assets.,Saturn is the karaka for construction and long-term assets.,home_property_vehicles,property_acquisition,fab479b571b1da64,Gemini,AI,Page 18,CLEANED,0.75,,[],,v2.0,NO_CONFLICT,2025-09-02T10:54:19.945730,JSON refined and scored by AI.
82648779994284ed,"{""calculation_context"": {""type"": ""house_significance""}, ""components"": [{""house"": 12, ""significance"": ""expenses""}]}",,,12th House (expenses),wealth_assets_resources,other_financial_dynamics,faff756c3d262b7b,Gemini,AI,Page 9,CLEANED,0.75,,[],,v2.0,NO_CONFLICT,2025-09-02T10:22:47.297281,JSON refined and scored by AI.
36836f2b7e4609a2,"{""calculation_context"": {""type"": ""static_placement""}, ""components"": [{""type"": ""house"", ""index"": 1, ""significance"": [""physical_body"", ""innate_temperament"", ""projected_personality""]}]}",,,"A person's identity is a multi-layered construct. The Lagna is the foundation, representing the physical body, innate temperament, and the personality projected to the world.",core_self_vitality,"self_identity_character,physical_appearance",fb0539704ab1e13f,Gemini,AI,Page 4,CLEANED,0.75,,[],,v2.0,NO_CONFLICT,2025-09-02T10:20:52.860140,JSON refined and scored by AI.
7b4770b5f3bca3a0,"{""calculation_context"": {""type"": ""static_placement""}, ""components"": [{""aspect"": {""from_planet"": [""Rahu""], ""to_planet"": ""Sun"", ""type"": ""affliction""}}, {""aspect"": {""from_planet"": [""Ketu""], ""to_planet"": ""Sun"", ""type"": ""affliction""}}, {""aspect"": {""from_planet"": [""Rahu""], ""to_house"": ""9"", ""type"": ""affliction""}}, {""aspect"": {""from_planet"": [""Ketu""], ""to_house"": ""9"", ""type"": ""affliction""}}]}","Afflictions to the Sun and 9th house, particularly by Rahu or Ketu, can indicate Pitru Dosha, suggesting unresolved ancestral karma","Pitru Dosha is indicated by afflictions to the Sun and the 9th house, especially by Rahu or Ketu.","Afflictions to the Sun and 9th house, particularly by Rahu or Ketu, can indicate Pitru Dosha.",doshas,pitru_dosha,fb4d299c2fe4834d,Gemini,AI,Page 17,CLEANED,0.75,,[],,v2.0,NO_CONFLICT,2025-09-02T10:53:52.795280,JSON refined and scored by AI.
2dd39927bf524a93,"{""calculation_context"": {""type"": ""static_placement""}, ""components"": [{""planet"": null, ""sign"": null, ""house"": [6, 8, 12], ""lord"": true}, {""planet"": null, ""sign"": null, ""house"": [2, 11], ""relationship"": [""aspect"", ""conjunction"", ""exchange""]}]}","Financial risks are heightened when the lords of the challenging Dusthana houses (6th - debt, 8th - crisis, 12th - loss) form a strong connection with the wealth-giving houses.","Lords of 6th, 8th, 12th houses connecting with 2nd/11th houses heighten financial risks.","Strong connections between the lords of the 6th, 8th, and 12th houses and the wealth-giving houses (2nd, 11th) increase financial risks.",wealth_assets_resources,financial_risks,fb83075dee01da94,Gemini,AI,Page 10,CLEANED,0.75,,[],,v2.0,NO_CONFLICT,2025-09-02T10:23:17.585684,JSON refined and scored by AI.
4cec6a943d14ff96,"{""calculation_context"": {""type"": ""strength_dignity"", ""target"": ""house"", ""target_id"": 3, ""strength_dignity_type"": ""well_supported""}, ""components"": [{""house"": 3}]}","Independence and autonomy are the domain of a strong Sun, which grants self-reliance, and a well-supported 3rd house, which provides the courage for self-effort.",A strong 3rd house provides courage for self-effort.,A well-supported 3rd house provides the courage for self-effort.,core_self_vitality,independence_autonomy,fbda09808a8aa0fa,Gemini,AI,Page 5,CLEANED,0.75,,[],,v2.0,NO_CONFLICT,2025-09-02T10:48:48.135013,JSON refined and scored by AI.
ebb73375070552fe,"{""calculation_context"": {""type"": ""static_placement""}, ""components"": [{""planet"": null, ""sign"": null, ""house"": ""10"", ""influence"": [""reputation""]}, {""planet"": ""Moon"", ""sign"": null, ""house"": null, ""influence"": [""public_perception""]}, {""planet"": null, ""sign"": null, ""house"": ""1"", ""planet_sign_aspect"": {""aspect"": null, ""planet"": null, ""sign"": null}, ""influence"": [""personal_charisma""]}]}",,"Social influence and presence are determined by the 10th House (reputation), the Moon (public perception), and the Lagna (personal charisma).","The 10th House (reputation), the Moon (public perception), and the Lagna (personal charisma).",relationships,social_influence_presence,fbec9142d8ed4316,Gemini,AI,Page 8,CLEANED,0.75,,[],,v2.0,NO_CONFLICT,2025-09-02T10:22:15.768929,JSON refined and scored by AI.
fffcd9b992b00e6c,"{""calculation_context"": {""type"": ""static_placement""}, ""components"": [{""planet"": ""venus"", ""sign"": null, ""house"": 4, ""strength"": ""strong""}, {""planet"": null, ""sign"": null, ""house"": 4, ""strength"": ""strong""}]}",The quality of the vehicle (whether it's functional or a luxury model) depends on the dignity and strength of Venus. Travel comforts are also seen from this combination. A strong 4th house and Venus ensure pleasurable and comfortable journeys.,A strong 4th house and Venus ensure pleasurable and comfortable journeys.,Travel comforts are also seen from this combination (4th house and Venus). A strong 4th house and Venus ensure pleasurable and comfortable journeys.,home_property_vehicles,travel_comforts,fc36c5c9d570c0ff,Gemini,AI,Page 19,CLEANED,0.9,,[],,v2.0,NO_CONFLICT,2025-09-02T10:55:00.556073,JSON refined and scored by AI.
1d2419728bd261cf,"{""calculation_context"": {""type"": ""static_placement""}, ""components"": [{""planet"": ""saturn"", ""strength"": ""strong"", ""house"": ""10th"", ""relationship"": ""aspect"", ""aspect_type"": [""any""]}, {""planet"": ""saturn"", ""strength"": ""strong"", ""house"": ""10th"", ""relationship"": ""placement""}, {""house"": ""10th"", ""sign"": [""taurus"", ""leo"", ""scorpio"", ""aquarius""], ""relationship"": ""sign_placement""}]}",,A strong Saturn influencing the 10th house or a fixed sign on the 10th cusp promotes career stability and longevity.,"A strong Saturn influencing the 10th house or a 10th house in a Fixed sign (Taurus, Leo, Scorpio, Aquarius) promotes longevity and stability.",career_public_life,career_stability_longevity,fc55b858a18396b7,Gemini,AI,Page 3,CLEANED,0.9,,[],,v2.0,NO_CONFLICT,2025-09-02T10:20:35.565199,JSON refined and scored by AI.
0410d5d9c490a17a,"{""calculation_context"": {""type"": ""affliction""}, ""components"": [{""planet"": ""Moon"", ""sign"": null, ""house"": null, ""condition"": null, ""degree"": null, ""conjunctions"": [], ""aspects"": []}, {""planet"": null, ""sign"": null, ""house"": 4, ""condition"": null, ""degree"": null, ""conjunctions"": [], ""aspects"": []}]}",,An afflicted Moon or 4th house can suggest challenges in parental care.,An afflicted Moon or 4th house can suggest challenges in this area.,home_property_vehicles,parental_care,fd5209e05d6144bd,Gemini,AI,Page 20,CLEANED,0.75,,[],,v2.0,NO_CONFLICT,2025-09-02T10:27:04.652815,JSON refined and scored by AI.
f4da2634a9d53c11,"{""calculation_context"": {""type"": ""static_placement""}, ""components"": [{""planet"": null, ""sign"": null, ""house"": ""2"", ""bhava_name"": ""Dhana Bhava"", ""interpretation"": ""accumulated wealth""}, {""planet"": null, ""sign"": null, ""house"": ""11"", ""bhava_name"": ""Labha Bhava"", ""interpretation"": ""income flow""}, {""planet"": null, ""sign"": null, ""house"": ""5"", ""interpretation"": ""speculation""}, {""planet"": null, ""sign"": null, ""house"": ""8"", ""interpretation"": ""unearned wealth""}]}",,"Key houses for wealth are: 2nd House (accumulated wealth), 11th House (income flow), 5th House (speculation), and 8th House (unearned wealth).","Primary Houses: The 2nd House (Dhana Bhava - accumulated wealth), 11th House (Labha Bhava - income flow), 5th House (speculation), and 8th House (unearned wealth).",wealth_assets_resources,"income_primary,savings_investments,inheritance_unearned_income",fdb157ef121f1124,Gemini,AI,Page 8,CLEANED,0.75,,[],,v2.0,NO_CONFLICT,2025-09-02T10:22:15.769979,JSON refined and scored by AI.
4444559858a77245,"{""calculation_context"": {""type"": ""static_placement""}, ""components"": [{""house"": 6, ""significators"": [{""domain"": ""health"", ""nature"": ""acute_illness"", ""duration"": ""short_term""}]}]}","The 6th House governs acute, short-term illnesses.",The 6th house signifies acute illnesses.,"The 6th House governs acute, short-term illnesses.",health_risks_longevity,accidents_injuries,fe0afe7c6b22229b,Gemini,AI,Page 21,CLEANED,0.75,,[],,v2.0,NO_CONFLICT,2025-09-02T10:27:25.745289,JSON refined and scored by AI.
a0b6d1565f595b90,"{""calculation_context"": {""type"": ""yoga_check"", ""parameters"": {""yoga_type"": ""general""}}, ""components"": [{""type"": ""planetary_placement"", ""description"": ""Specific placements of planets in houses""}, {""type"": ""planetary_conjunction"", ""description"": ""Conjunctions between planets""}, {""type"": ""planetary_relationship"", ""description"": ""Relationships between planets and houses (e.g., aspects)""}]}","Yogas are formed by specific placements, conjunctions, or relationships between planets and houses, and they produce specific, often profound, results.","Yogas are formed by planetary placements, conjunctions, or house relationships, producing specific results.","Yogas are formed by specific placements, conjunctions, or relationships between planets and houses, and they produce specific, often profound, results.",yogas,other_yogas_related,fe3fda6af1579052,Gemini,AI,Page 26,CLEANED,0.75,,[],,v2.0,NO_CONFLICT,2025-09-02T10:29:36.834662,JSON refined and scored by AI.
f7f8ad0dde69a17f,"{""calculation_context"": {""type"": ""panchang""}, ""components"": [{""tithi"": {""name"": ""purnima"", ""interpretation"": ""good for culmination""}}, {""tithi"": {""name"": ""amavasya"", ""interpretation"": ""good for beginnings or introspection""}}, {""nakshatra"": {""any"": true, ""interpretation"": ""sets the day's dominant theme and emotional tone""}}]}","Each Tithi has a quality; for example, a Full Moon (Purnima) is good for culmination, while a New Moon (Amavasya) is good for beginnings or introspection. The Nakshatra in which the Moon is transiting (~1 day) sets the day's dominant theme and emotional tone.","Each Tithi possesses a specific quality. For instance, a Full Moon (Purnima) is favorable for culmination, while a New Moon (Amavasya) is suitable for new beginnings or introspection. The transiting Nakshatra of the Moon (approximately 1 day) determines the day's primary theme and emotional tone.","Each Tithi has a quality; for example, a Full Moon (Purnima) is good for culmination, while a New Moon (Amavasya) is good for beginnings or introspection. The Nakshatra in which the Moon is transiting (~1 day) sets the day's dominant theme and emotional tone.",timing_windows,eclipses_nakshatra_windows,fe40510cc50e8855,Gemini,AI,Page 31,CLEANED,0.75,,[],,v2.0,NO_CONFLICT,2025-09-02T10:59:58.717822,JSON refined and scored by AI.
609c2b7d3ca5e2aa,"{""calculation_context"": {""type"": ""house_lordship""}, ""components"": [{""planet"": {""is_sign_lord_of"": 7}, ""house"": {""any"": true}}]}",,,The placement of the 7th Lord is crucial.,relationships,marriage_spouse,febec35488a8d161,Gemini,AI,Page 6,CLEANED,0.75,,[],,v2.0,NO_CONFLICT,2025-09-02T10:35:17.317273,JSON refined and scored by AI.
5a02be9d8763e43b,"{""calculation_context"": {""type"": ""dynamic_aspect""}, ""components"": [{""planet"": ""Saturn"", ""aspect"": {""type"": [""affliction""], ""target"": [{""planet"": ""Moon""}, {""planet"": ""Venus""}, {""sign_house"": {""house"": 10}}]}}, {""planet"": ""Saturn"", ""aspect"": null, ""sign_house"": null}]}","Saturn Affliction: Saturn is the great taskmaster. Wherever it casts its influence, it brings lessons of patience, discipline, and perseverance through delay, obstruction, and responsibility. An affliction from Saturn to the Moon can cause pessimism; to Venus, it can bring dissatisfaction in relationships; to the 10th house, it demands immense hard work for career success. Its lessons are slow and profound.","Saturn's influence brings lessons of patience, discipline, and perseverance through delays and obstacles. Saturn afflicting the Moon can cause pessimism, Venus can lead to relationship dissatisfaction, and the 10th house requires hard work for career success.","Saturn is the great taskmaster. Wherever it casts its influence, it brings lessons of patience, discipline, and perseverance through delay, obstruction, and responsibility. An affliction from Saturn to the Moon can cause pessimism; to Venus, it can bring dissatisfaction in relationships; to the 10th house, it demands immense hard work for career success. Its lessons are slow and profound.",doshas,saturn_affliction,ff659d40c895f19a,Gemini,AI,Page 29,CLEANED,0.75,,[],,v2.0,NO_CONFLICT,2025-09-02T10:30:47.426010,JSON refined and scored by AI.
1d5f4508c92a531d,"{""calculation_context"": {""type"": ""static_placement""}, ""components"": [{""planet"": {""relationship"": ""lord_of"", ""house"": 1}, ""placement"": {""house"": 10}}, {""planet"": {""relationship"": ""lord_of"", ""house"": 1}, ""conjunction_with"": {""planet"": {""relationship"": ""lord_of"", ""house"": 10}}}]}","When the Lagna Lord is placed in the 10th house, or conjunct the 10th lord, the individual's entire identity becomes synonymous with their public role and authority.","Lagna Lord in the 10th house, or conjunct the 10th lord, merges individual identity with public role and authority.","When the Lagna Lord is placed in the 10th house, or conjunct the 10th lord, the individual's identity becomes synonymous with their public role and authority.",career_public_life,authority_leadership,ff72b56ddac8f2cf,Gemini,AI,Page 1,CLEANED,0.9,,[],,v2.0,NO_CONFLICT,2025-09-02T10:47:15.467079,JSON refined and scored by AI.
7f28d6b4f38bfa57,"{""calculation_context"": {""type"": ""static_placement""}, ""components"": [{""planets"": [""sun"", ""moon"", ""mars"", ""mercury"", ""jupiter"", ""venus"", ""saturn""], ""condition"": ""all_between_nodes"", ""nodes"": [""rahu"", ""ketu""]}]}",Kaal Sarpa Dosha: All planets are located between the Rahu-Ketu nodal axis.,Kaal Sarpa Dosha is formed when all planets are positioned between Rahu and Ketu.,Kaal Sarpa Dosha: All planets are located between the Rahu-Ketu nodal axis.,doshas,kaal_sarpa_dosha,ff7dec4a692c6bdd,Gemini,AI,Page 28,CLEANED,0.9,,[],,v2.0,NO_CONFLICT,2025-09-02T10:44:22.251029,JSON refined and scored by AI.
286e8d94d481d10a,"{""calculation_context"": {""type"": ""static_placement""}, ""components"": [{""planet"": null, ""house"": ""10th"", ""sign"": [{""sign"": ""Aries""}, {""sign"": ""Cancer""}, {""sign"": ""Libra""}, {""sign"": ""Capricorn""}], ""planet_aspect"": null, ""sign_aspect"": null, ""house_aspect"": null, ""nak_aspect"": null, ""nak_rel"": null, ""planet_degree"": null, ""house_degree"": null, ""sign_degree"": null, ""nak_degree"": null, ""special_lagna"": null, ""yoga"": null, ""dignity"": null, ""strength"": null, ""motion"": null, ""dasha"": null, ""transit"": null, ""varga"": null, ""sign_lord"": null, ""house_lord"": null, ""nak_lord"": null, ""sub_lord"": null}]}",,,"A 10th house in a Movable sign (Aries, Cancer, Libra, Capricorn) indicates a career with frequent changes, mobility, and dynamism.",career_public_life,career_mobility_changes,ffb53eda3a7d68d6,Gemini,AI,Page 3,CLEANED,0.75,,[],,v2.0,NO_CONFLICT,2025-09-02T10:34:05.031979,JSON refined and scored by AI.
