fact_id,raw_text,source_page,source_name,last_updated,schema_type,topic,theme,theme_group,sub_theme,astrological_trigger_json,ai_summary
0d1aca45b52ea3a700e911fafee1539438845be963053cba71806e1209255cda,"10th Aspect: Karmic, public, related to one's actions and career.",p62-64,BPHS_GCS,2025-09-23T10:47:26.985688,aspect,,"career_public_life,karma_past_life",Other,other,"{""type"": ""aspect"", ""source_planet"": null, ""target_house"": null, ""relative_aspect_number"": 10, ""planet_nature"": null, ""source_sign"": null, ""target_sign"": null, ""strength"": null}","The 10th aspect in astrology relates to karma, public image, and career. (Additional Context: The 10th aspect is often considered an important indicator of one's professional achievements and social standing.  Planets involved in this aspect can reveal potential challenges and opportunities in these areas.)"
cd78161df149df787277e8c3441d6079db753353c4a6197c6a287ad1a198efbf,"3rd Aspect: Effort-based, requiring initiative and perseverance.",p62-64,BPHS_GCS,2025-09-23T10:47:26.985940,aspect,,Foundational Concepts,Astrological Principles,general_principle,"{""type"": ""aspect"", ""source_planet"": null, ""target_house"": null, ""relative_aspect_number"": 3, ""planet_nature"": null, ""source_sign"": null, ""target_sign"": null, ""strength"": null}","The 3rd aspect in a chart signifies an area of life that requires effort, initiative, and perseverance to achieve results. (Additional Context: This aspect suggests the need for self-assertion and proactive engagement.  Depending on the planets and houses involved, it can indicate areas where consistent work and focused energy are essential for growth and success.  It can also highlight potential challenges related to communication, courage, and siblings.)"
c8f3abc31699308fc643b680bc23a2021dc2f729bc9b0a41801295165fa4da96,"4th Aspect: Protective, focused on security and home. Can cause domestic
conflict.",p62-64,BPHS_GCS,2025-09-23T10:47:26.986161,aspect,,home_property_vehicles,"Domestic Environment,Residence & Property","domestic_harmony,family_security,home_comforts","{""type"": ""aspect"", ""source_planet"": null, ""target_house"": 4, ""relative_aspect_number"": 4, ""planet_nature"": null, ""source_sign"": null, ""target_sign"": null, ""strength"": null}","The 4th aspect in astrology relates to security, home, and protection, but it can also bring about domestic conflicts. (Additional Context: The astrological house receiving this aspect, along with the planets involved, would determine the specific manifestations and potential challenges related to security and domestic life.)"
3ec9724a06194456c5b263f607fa90a61d637b30e4c7a249fd81b4aaf99225ba,"4th Aspect: Protective, focused on security and home. Can cause domestic conflict.",p62-64,BPHS_GCS,2025-09-23T10:47:26.986387,aspect,,home_property_vehicles,"Domestic Environment,Residence & Property","domestic_harmony,family_security,home_comforts","{""type"": ""aspect"", ""source_planet"": null, ""target_house"": 4, ""relative_aspect_number"": 4, ""planet_nature"": null, ""source_sign"": null, ""target_sign"": null, ""strength"": null}","The 4th aspect in astrology relates to security, home, and protection, but it can also potentially lead to domestic conflicts. (Additional Context: While the text doesn't specify, the 4th aspect is generally considered a challenging one, often bringing up issues related to family and emotional security.  Planets involved in a 4th aspect can indicate the specific nature of these challenges and how they might manifest.)"
607f47d7a90969215ff8c8ea759a4486033685daec8a31065b2cb024d943ab6b,"7th Aspect: Direct, confrontational, competitive.",p62-64,BPHS_GCS,2025-09-23T10:47:26.986557,aspect,,relationships,Public Interaction,disputes_conflicts,"{""type"": ""aspect"", ""source_planet"": null, ""target_house"": null, ""relative_aspect_number"": 7, ""planet_nature"": null, ""source_sign"": null, ""target_sign"": null, ""strength"": ""Direct""}","The 7th aspect is characterized by directness, confrontation, and a competitive nature. (Additional Context: In astrology, the 7th aspect often signifies interactions with others, suggesting potential for open communication but also conflict.  The emphasis on competition may relate to themes of partnerships, rivalry, or the need to assert oneself in interpersonal dynamics.)"
b84bf80e59952db21ebe01214a0b56cd04833dc9efb0ec949500a378a092dd40,"7th Aspect: Direct, relational, bringing responsibility and realism.",p62-64,BPHS_GCS,2025-09-23T10:47:26.986743,aspect,,relationships,Romantic & Marriage,"love_relationships,marriage_spouse","{""type"": ""aspect"", ""source_planet"": null, ""target_house"": null, ""relative_aspect_number"": 7, ""planet_nature"": null, ""source_sign"": null, ""target_sign"": null, ""strength"": ""direct""}","The 7th aspect is a direct aspect that influences relationships, bringing responsibility and a sense of realism. (Additional Context: In astrology, the 7th aspect typically signifies partnerships, marriage, and other one-on-one relationships.  A direct aspect suggests a straightforward and open influence.  The added emphasis on responsibility and realism suggests that this aspect may bring a practical and grounded approach to relationships.)"
1f46c19e1b4d23a71891a04f121446a896b97c45b53c22ab36b79663924134f5,"8th Aspect: Hidden, transformative, sudden. Can indicate crises or deep
research.",p62-64,BPHS_GCS,2025-09-23T10:47:26.986944,aspect,,Foundational Concepts,Astrological Principles,general_principle,"{""type"": ""aspect"", ""source_planet"": null, ""target_house"": null, ""relative_aspect_number"": 8, ""planet_nature"": null, ""source_sign"": null, ""target_sign"": null, ""strength"": null}","The 8th aspect in astrology relates to hidden matters, transformation, and sudden events. It can signify crises or research into profound subjects. (Additional Context: The 8th aspect is often associated with the occult, psychology, and uncovering secrets.  Planets forming this aspect can bring about sudden changes and upheavals, but also opportunities for deep personal growth and understanding.)"
a8a98f2c5f3cc76c4bcfd1912d5514691c6488e16198778a353215a4b7ea0ff6,"8th Aspect: Hidden, transformative, sudden. Can indicate crises or deep research.",p62-64,BPHS_GCS,2025-09-23T10:47:26.987145,aspect,,Foundational Concepts,Astrological Principles,general_principle,"{""type"": ""aspect"", ""source_planet"": null, ""target_house"": null, ""relative_aspect_number"": 8, ""planet_nature"": null, ""source_sign"": null, ""target_sign"": null, ""strength"": null}","The 8th aspect in astrology relates to hidden matters, transformation, and sudden events. It can signify crises or research into profound subjects. (Additional Context: The 8th aspect is often associated with the planet Mars and the sign of Scorpio.  It can bring about sudden changes and upheavals, but also opportunities for growth and rebirth.  It is a powerful aspect that can lead to deep understanding of the hidden aspects of life.)"
12296cd724e6a1c7dd20db21a44278b9fc018cd1d64f8e48cba3cd93467255cd,"Aspects (Parashari View): Both nodes cast aspects on the 5th, 7th, and 9th houses
from their positions, similar to Jupiter.",p62-64,BPHS_GCS,2025-09-23T10:47:26.987484,aspect,,Foundational Concepts,Astrological Principles,general_principle,"{""type"": ""aspect"", ""source_planet"": ""Nodes"", ""target_house"": [""5"", ""7"", ""9""], ""relative_aspect_number"": null, ""planet_nature"": null, ""source_sign"": null, ""target_sign"": null, ""strength"": null}","The North and South Nodes aspect the 5th, 7th, and 9th houses from their positions, similar to Jupiter's aspects. (Additional Context: The nodes' aspects can influence themes related to the houses they impact.  The 5th house is linked to creativity, children, and past life credit. The 7th house deals with partnerships and marriage. The 9th house pertains to luck, higher learning, and spiritual growth.  Since the nodes act similarly to Jupiter, their aspects can be considered expansive, but their ultimate effect depends on the node's specific placement and dignity.)"
5d523f09f56cf72e9f6c0f874e51b4d6b3197020e7c6525ca57136f3c3f89164,"Aspects (Parashari View): Both nodes cast aspects on the 5th, 7th, and 9th houses
from their positions, similar to Jupiter.",p62-64,BPHS_GCS,2025-09-23T10:47:26.987489,house_profile,,Foundational Concepts,Astrological Principles,general_principle,"{""type"": ""house_profile"", ""house"": null, ""planet_in_house"": null, ""aspected_by_planet"": ""Nodes"", ""state"": null, ""classifications"": null, ""karakas"": null, ""significations"": [""5th house"", ""7th house"", ""9th house""]}","The North and South Nodes aspect the 5th, 7th, and 9th houses from their position, similar to Jupiter's aspect. (Additional Context: The nodes' aspects on these houses can indicate karmic influences related to children, relationships, and higher learning/philosophy (5th, 7th, and 9th houses respectively).  The similarity to Jupiter's aspect suggests a blend of karmic lessons and opportunities for growth and expansion in these areas.)"
776ad02584dd4dcc196c6d8fcf60046801724d92f36a1fd39122bd735435af82,"Aspects (Parashari View): Both nodes cast aspects on the 5th, 7th, and 9th houses
from their positions, similar to Jupiter.",p62-64,BPHS_GCS,2025-09-23T10:47:26.987494,planet_profile,,Foundational Concepts,Astrological Principles,general_principle,"{""type"": ""planet_profile"", ""planet_name"": ""Rahu/Ketu (Nodes)"", ""house"": null, ""aspects_house"": [5, 7, 9], ""karaka_for"": null, ""state"": null, ""sign"": null, ""friends"": null, ""enemies"": null, ""neutral_to"": null}","Rahu and Ketu, the lunar nodes, aspect the 5th, 7th, and 9th houses from their respective positions, similar to Jupiter's aspect pattern. (Additional Context: The aspects of Rahu and Ketu can influence areas related to children, creativity (5th), partnerships, marriage (7th), and higher learning, luck, and long journeys (9th).  The specific impact depends on the signs and houses they occupy in a birth chart.)"
ba76adbc36d0855f0a3b068bda7ffe88bbe03115c099c644fb52442f8c6937e8,"Aspects (Parashari View): Both nodes cast aspects on the 5th, 7th, and 9th houses from their positions, similar to Jupiter.",p62-64,BPHS_GCS,2025-09-23T10:47:26.987784,planet_profile,,Foundational Concepts,Astrological Principles,other,"{""type"": ""planet_profile"", ""planet_name"": ""Rahu/Ketu (Nodes)"", ""house"": null, ""aspects_house"": [""5th"", ""7th"", ""9th""], ""karaka_for"": null, ""state"": null, ""sign"": null, ""friends"": null, ""enemies"": null, ""neutral_to"": null}","Similar to Jupiter, both Rahu and Ketu aspect the 5th, 7th, and 9th houses from their respective positions. (Additional Context: The aspects of Rahu and Ketu can influence the areas related to the houses they aspect. For example, their aspect on the 5th house can impact intelligence, creativity, and children, while the aspect on the 7th house can affect relationships and partnerships.  The 9th house aspect can influence higher learning, spirituality, and long journeys.)"
2c36313c58af65ab38c974046464e08ff6176b203b76c2a38c064e145a4118e0,"Aspects (Parashari View): Both nodes cast aspects on the 5th, 7th, and 9th houses from their positions, similar to Jupiter.",p62-64,BPHS_GCS,2025-09-23T10:47:26.987776,aspect,,Foundational Concepts,Astrological Principles,general_principle,"{""type"": ""aspect"", ""source_planet"": ""Nodes"", ""target_house"": [""5"", ""7"", ""9""], ""relative_aspect_number"": [5, 7, 9], ""planet_nature"": null, ""source_sign"": null, ""target_sign"": null, ""strength"": null}","The North and South Nodes aspect the 5th, 7th, and 9th houses from their positions, similar to Jupiter's aspects. (Additional Context: The nodes' aspects can influence themes related to the houses they impact.  For example, a 5th house aspect might affect creativity and children, a 7th house aspect can impact partnerships, and a 9th house aspect might influence higher learning and long-distance travel. The nature of the node (north or south) and its sign/house placement will further refine these interpretations.)"
3d4aff05e466e0db4098c803d021365b501091862fda9e9c2167b58910cfe75f,"Aspects (Parashari View): Both nodes cast aspects on the 5th, 7th, and 9th houses from their positions, similar to Jupiter.",p62-64,BPHS_GCS,2025-09-23T10:47:26.987781,house_profile,,Foundational Concepts,Astrological Principles,general_principle,"{""type"": ""house_profile"", ""house"": null, ""planet_in_house"": null, ""aspected_by_planet"": ""Nodes"", ""state"": null, ""classifications"": null, ""karakas"": null, ""significations"": [""5th house"", ""7th house"", ""9th house""]}","Rahu and Ketu, the lunar nodes, aspect the 5th, 7th, and 9th houses from their respective positions.  These aspects function similarly to Jupiter's aspects. (Additional Context: The nodes' aspects can influence areas related to children, creativity (5th), partnerships, marriage (7th), and higher learning, luck, and long journeys (9th).  The nature of their influence (benefic or malefic) depends on the nodes' placements and other planetary factors.)"
72e655cbc5e8ecd9031c7e6f00feacb900894e61abfbb6946ef6bbdfb3309164,Aspects: Casts a full aspect on the 7th house from its position.,p62-64,BPHS_GCS,2025-09-23T10:47:26.987997,aspect,,relationships,Romantic & Marriage,marriage_spouse,"{""type"": ""aspect"", ""source_planet"": null, ""target_house"": 7, ""relative_aspect_number"": null, ""planet_nature"": null, ""source_sign"": null, ""target_sign"": null, ""strength"": ""full""}","A planet casts a full aspect on the 7th house from its position. (Additional Context: The 7th house signifies partnerships, marriage, and relationships. A full aspect suggests a strong influence on these areas of life.  The specific nature of the influence depends on the planet involved.)"
32bdb20da7f1335099d7f0231b6829de3f94cfe104f57afba4874c47d733cfab,Aspects: Casts a full aspect on the 7th house from its position.,p62-64,BPHS_GCS,2025-09-23T10:47:26.988002,house_profile,,relationships,Romantic & Marriage,marriage_spouse,"{""type"": ""house_profile"", ""house"": 7, ""planet_in_house"": null, ""aspected_by_planet"": null, ""state"": null, ""classifications"": null, ""karakas"": null, ""significations"": null}","A planet aspects the 7th house from its current position. (Additional Context: The 7th house represents partnerships, marriage, and relationships.  A full aspect suggests a strong influence on these areas of life, depending on the aspecting planet's nature.  Benefic aspects generally support harmonious partnerships, while malefic aspects could indicate challenges or conflict.)"
a9fe43c13873b2071254fcda311e048c70eed83232ecc864ef94bc5456d96da0,"Aspects: Casts full aspects on the 3rd, 7th, and 10th houses from its position.",p62-64,BPHS_GCS,2025-09-23T10:47:26.988233,aspect,,Foundational Concepts,Astrological Principles,general_principle,"{""type"": ""aspect"", ""source_planet"": null, ""target_house"": ""3"", ""relative_aspect_number"": null, ""planet_nature"": null, ""source_sign"": null, ""target_sign"": null, ""strength"": ""full""}","A planet aspects the 3rd, 7th, and 10th houses from its position with a full aspect. (Additional Context: The aspects to the 3rd, 7th, and 10th houses suggest influence on communication, partnerships, and career/public image, respectively.  Full aspects generally indicate a strong influence. The specific nature of the influence depends on the planet involved.)"
2328060a81ca0721b1beb6946f9c2954370a33cfb3afb12747d67eb1d72972ec,"Aspects: Casts full aspects on the 3rd, 7th, and 10th houses from its position.",p62-64,BPHS_GCS,2025-09-23T10:47:26.988237,house_profile,,Foundational Concepts,Astrological Principles,general_principle,"{""type"": ""house_profile"", ""house"": null, ""planet_in_house"": null, ""aspected_by_planet"": null, ""state"": null, ""classifications"": null, ""karakas"": null, ""significations"": null}","A planet aspects the 3rd, 7th, and 10th houses from its position. (Additional Context: The aspects cast by the planet on these houses will influence the areas of life those houses represent.  The nature of the influence (positive or negative) depends on the planet itself.  For example, a benefic planet aspecting these houses could bring benefits related to communication, partnerships, and career, while a malefic planet's aspects could create challenges in these areas.)"
f0bb5e43ac65315ddc36377b8428c88bc3af89ee051fabd56e6601cc92f7fbd4,"Aspects: Casts full aspects on the 4th, 7th, and 8th houses from its position.",p62-64,BPHS_GCS,2025-09-23T10:47:26.988478,aspect,,"home_property_vehicles,relationships,wealth_assets_resources","Income & Earnings,Residence & Property,Romantic & Marriage","home_comforts,income_secondary_sources,inheritance_unearned_income,love_relationships,marriage_spouse,property_acquisition","{""type"": ""aspect"", ""source_planet"": null, ""target_house"": ""4"", ""relative_aspect_number"": null, ""planet_nature"": null, ""source_sign"": null, ""target_sign"": null, ""strength"": ""full""}","A planet aspects the 4th, 7th, and 8th houses from its position. (Additional Context: The aspects to the 4th, 7th, and 8th houses suggest potential impacts on home and family life, partnerships and relationships, and shared resources or inheritance, respectively.  The full strength of these aspects implies a prominent influence.)"
c18e74335e9a9a740ec4f231107d1ed2cdb8cd54b19eb8d1963318e1715cc1c2,"Aspects: Casts full aspects on the 4th, 7th, and 8th houses from its position.",p62-64,BPHS_GCS,2025-09-23T10:47:26.988483,house_profile,,other,Other,other,"{""type"": ""house_profile"", ""house"": null, ""planet_in_house"": null, ""aspected_by_planet"": null, ""state"": null, ""classifications"": null, ""karakas"": null, ""significations"": null}","A planet aspects the 4th, 7th, and 8th houses from its position. (Additional Context: The aspects cast by the planet on these houses (4th - home and family, 7th - partnerships and marriage, 8th - transformation and longevity) can significantly influence these areas of life.  The nature of the influence depends on the planet involved.  Benefic planets like Jupiter or Venus aspecting these houses can bring positive results, while malefic planets like Saturn or Mars can create challenges.)"
8467bd43f1610bacf021d4533e506b81ff12e516910bfe495d2d48b33ba34968,"Aspects: Casts full aspects on the 5th, 7th, and 9th houses from its position.",p62-64,BPHS_GCS,2025-09-23T10:47:26.988720,aspect,,other,Other,other,"{""type"": ""aspect"", ""source_planet"": null, ""target_house"": ""5"", ""relative_aspect_number"": null, ""planet_nature"": null, ""source_sign"": null, ""target_sign"": null, ""strength"": ""full""}","A planet aspects the 5th, 7th, and 9th houses from its position. (Additional Context: The aspects to the 5th, 7th, and 9th houses suggest potential influences on creativity, relationships/marriage, and higher learning/philosophy, respectively.  The full strength of these aspects implies a strong impact. However, the specific nature of the influence depends on the planet involved.)"
a3fdb1a1eadd911ba7d0a73adc51c839b6b5558f6ecbcee84ffa8c82e906bbe0,"Aspects: Casts full aspects on the 5th, 7th, and 9th houses from its position.",p62-64,BPHS_GCS,2025-09-23T10:47:26.988724,house_profile,,other,Other,other,"{""type"": ""house_profile"", ""house"": null, ""planet_in_house"": null, ""aspected_by_planet"": null, ""state"": null, ""classifications"": null, ""karakas"": null, ""significations"": null}","A planet aspects the 5th, 7th, and 9th houses from its position. (Additional Context: The aspects cast by the planet on these houses (5th - creativity, children; 7th - partnerships, marriage; 9th - higher learning, luck) will influence the matters related to those houses.  The specific nature of the influence will depend on the planet involved. For example, a benefic planet's aspect can be considered positive, while a malefic planet's aspect might bring challenges.)"
c4de59dec383ec392245bdc275c47843beb36b7696fd8eaf2062555d5b144291,"Aspects: Casts full aspects on the 5th, 7th, and 9th houses from its position. These are considered highly protective and benevolent.",p62-64,BPHS_GCS,2025-09-23T10:47:26.989087,aspect,,other,Other,other,"{""type"": ""aspect"", ""source_planet"": null, ""target_house"": ""5, 7, 9"", ""relative_aspect_number"": null, ""planet_nature"": ""protective and benevolent"", ""source_sign"": null, ""target_sign"": null, ""strength"": ""full""}","The source planet casts full aspects on the 5th, 7th, and 9th houses from its position. These aspects are considered highly protective and benevolent. (Additional Context: The aspects to the 5th, 7th, and 9th houses suggest potential positive influences on areas related to creativity, relationships/marriage, and higher learning/philosophy, respectively. The full strength of these aspects implies a strong impact. However, the specific effects depend on the nature of the source planet and the signs involved.)"
999121a5a5a65cc9d6849b841a2c98f1e63b1dbfb58ff3d6455537ce92e90b45,"Aspects: Casts full aspects on the 5th, 7th, and 9th houses from its position. These are considered highly protective and benevolent.",p62-64,BPHS_GCS,2025-09-23T10:47:26.989093,house_profile,,other,Other,other,"{""type"": ""house_profile"", ""house"": null, ""planet_in_house"": null, ""aspected_by_planet"": null, ""state"": null, ""classifications"": null, ""karakas"": null, ""significations"": [""protection"", ""benevolence""]}","A planet aspects the 5th, 7th, and 9th houses from its position, creating a protective and benevolent influence. (Additional Context: The aspects to the 5th, 7th, and 9th houses suggest a positive influence on children, partnerships, and luck, respectively.  The full aspect implies a strong and consistent energy flow. While the specific planet isn't mentioned, its nature is assumed to be benefic.)"
d5c7c67505557a60287d8e8b939b251b458c1ac0512a3f43db3c314260740a33,"Attributes: Compassionate, spiritual, sensitive.",p62-64,BPHS_GCS,2025-09-23T10:47:26.989389,prose,,core_self_vitality,"Identity & Personality,Purpose & Direction","self_identity_character,spiritual_self_alignment","{""type"": ""prose"", ""text"": ""Attributes: Compassionate, spiritual, sensitive.""}","The individual possesses attributes of compassion, spirituality, and sensitivity. (Additional Context: These qualities suggest a heightened awareness of the emotional and spiritual realms. Astrologically, this could indicate prominent Water signs or a strong Neptune influence in the birth chart.)"
fe54fef12761314f5e2777e17928b23013fd2ec02f641ee8d656e1663d26ea5f,"Attributes: Humanitarian, eccentric, group-oriented.",p62-64,BPHS_GCS,2025-09-23T10:47:26.989595,prose,,core_self_vitality,Identity & Personality,self_identity_character,"{""type"": ""prose"", ""text"": ""Attributes: Humanitarian, eccentric, group-oriented.""}","The individual possesses humanitarian, eccentric, and group-oriented attributes. (Additional Context: Humanitarian qualities suggest an Air or Water sign influence, possibly with Jupiter or Neptune aspects. Eccentricity may indicate Uranus, Aquarius, or an unconventional planetary placement. Group-oriented nature points towards Libra, Aquarius, or the 11th house.)"
e5a04d1c638b0e96ea22c0453705203d9bb7b2bf0fbdc3a8f0bd13f44d981372,"Bestows refined taste, artistic talent,
compassion, and divine love in the affairs of the aspected house.",p62-64,BPHS_GCS,2025-09-23T10:47:26.989871,aspect,,travel_dharma_spirituality,Dharma & Spiritual Path,spiritual_growth,"{""type"": ""aspect"", ""source_planet"": null, ""target_house"": null, ""relative_aspect_number"": null, ""planet_nature"": null, ""source_sign"": null, ""target_sign"": null, ""strength"": null}","This aspect influences the house it impacts by enhancing creativity, artistic abilities, compassion, and spiritual love. (Additional Context: Depending on the specific planets and houses involved, this aspect could indicate success in artistic fields, deep empathy and caring for others, or a strong connection to spirituality and divine love.  The aspect's strength and the nature of the planets involved would determine the intensity of these influences.)"
dce4c0870f2fa8f50f5e48165106d93eeffd830f3f8f7752c0b371a8aa3b815c,"Bestows refined taste, artistic talent,
compassion, and divine love in the affairs of the aspected house.",p62-64,BPHS_GCS,2025-09-23T10:47:26.989881,house_profile,,"learning_education_creativity,travel_dharma_spirituality","Dharma & Spiritual Path,Skills & Creativity","arts_performance,spiritual_growth","{""type"": ""house_profile"", ""house"": null, ""planet_in_house"": null, ""aspected_by_planet"": null, ""state"": null, ""classifications"": null, ""karakas"": null, ""significations"": [""refined taste"", ""artistic talent"", ""compassion"", ""divine love""]}","The aspect described influences the house it impacts by imbuing it with qualities of refined taste, artistic talent, compassion, and divine love. (Additional Context: The specific effects and their intensity will depend on the planets involved in the aspect, the house being aspected, and the individual's birth chart.)"
e91161a15f5a858a10ff39e199b318aaca86fe78a6532e7c7ffefefe5d7bea00,"Brings harmony, love, beauty, diplomacy, agreement, and sensual pleasure to
the aspected house.",p62-64,BPHS_GCS,2025-09-23T10:47:26.990138,aspect,,relationships,"Public Interaction,Romantic & Marriage","love_relationships,social_influence_presence","{""type"": ""aspect"", ""source_planet"": null, ""target_house"": null, ""relative_aspect_number"": null, ""planet_nature"": null, ""source_sign"": null, ""target_sign"": null, ""strength"": null}","This aspect brings harmony, love, beauty, diplomacy, agreement, and sensual pleasure to the house it aspects. (Additional Context: This aspect's influence suggests a Venusian energy, promoting social grace and artistic inclinations within the aspected house.  The specific manifestations will depend on the planets involved and the house in question.)"
5b7636ed148437b7bb48d7b1876c1597ee1a647860e29ba03e7a427b8e22ee1c,"Brings harmony, love, beauty, diplomacy, agreement, and sensual pleasure to
the aspected house.",p62-64,BPHS_GCS,2025-09-23T10:47:26.990142,house_profile,,other,Other,other,"{""type"": ""house_profile"", ""house"": null, ""planet_in_house"": null, ""aspected_by_planet"": null, ""state"": null, ""classifications"": null, ""karakas"": null, ""significations"": [""harmony"", ""love"", ""beauty"", ""diplomacy"", ""agreement"", ""sensual pleasure""]}","The aspect brings harmony, love, beauty, diplomacy, agreement, and sensual pleasure to the house it aspects. (Additional Context: Depending on the specific planet aspecting the house, these significations can manifest differently. For example, Venus aspecting the 7th house could lead to a harmonious marriage, while Mars aspecting the 7th house could lead to a passionate but also potentially conflicting relationship.)"
73b6bb9eef48651a4d77a8cc8a35d814fea01aced74d5042c40392b5df87b007,"Brings intellect, communication, analysis, trade, and adaptability to the
aspected house.",p62-64,BPHS_GCS,2025-09-23T10:47:26.990464,aspect,,"career_public_life,core_self_vitality,learning_education_creativity","Profession & Field,Purpose & Direction,Skills & Creativity","communication_media_publishing,finance_trade_commerce,intellectual_skills,resilience_adaptability,writing_expression","{""type"": ""aspect"", ""source_planet"": null, ""target_house"": null, ""relative_aspect_number"": null, ""planet_nature"": null, ""source_sign"": null, ""target_sign"": null, ""strength"": null}","This aspect influences the house it impacts by enhancing intellect, communication, analytical abilities, trade, and adaptability."
c462d257a4b75487da74d26b9ee23ff6852f56f229ccfc45fe0ca82ed44c8fb0,"Brings intellect, communication, analysis, trade, and adaptability to the
aspected house.",p62-64,BPHS_GCS,2025-09-23T10:47:26.990470,house_profile,,"career_public_life,core_self_vitality,learning_education_creativity","Profession & Field,Purpose & Direction,Skills & Creativity","finance_trade_commerce,intellectual_skills,resilience_adaptability,writing_expression","{""type"": ""house_profile"", ""house"": null, ""planet_in_house"": null, ""aspected_by_planet"": null, ""state"": null, ""classifications"": [""trade""], ""karakas"": [""intellect"", ""communication"", ""analysis"", ""adaptability""], ""significations"": []}","The aspect influences the house with intellect, communication, analysis, adaptability, and trade. (Additional Context: Benefic aspects from Mercury or Jupiter could enhance these qualities, while malefic aspects from Mars or Saturn might create challenges or limitations in expressing them.)"
aef7ff0ffe4eac28d284715a833d6c3b1df86327cc9ee73086f44d11c552f0e3,"Can cause confusion,
miscommunication, poor judgment, or over-idealism in the aspected house.",p62-64,BPHS_GCS,2025-09-23T10:47:26.990736,aspect,,Foundational Concepts,Astrological Principles,general_principle,"{""type"": ""aspect"", ""source_planet"": null, ""target_house"": null, ""relative_aspect_number"": null, ""planet_nature"": null, ""source_sign"": null, ""target_sign"": null, ""strength"": null}","Certain planetary aspects can lead to confusion, miscommunication, poor judgment, and excessive idealism in the affected astrological house. (Additional Context: While the text doesn't specify which planets or aspects are involved, these effects are often associated with Neptune's influence, particularly challenging aspects like squares or oppositions.  A close conjunction of Neptune to personal planets or angles could also manifest these traits.  Additionally, these issues can arise when planets are placed in the 12th house (the house of hidden things and self-undoing) or when Mercury is afflicted.)"
d2aac88ff8abd5ba26e9bbb61ba586f94b89f1dfe835305039a0d86dffbc517c,"Can cause confusion,
miscommunication, poor judgment, or over-idealism in the aspected house.",p62-64,BPHS_GCS,2025-09-23T10:47:26.990740,house_profile,,Foundational Concepts,Astrological Principles,general_principle,"{""type"": ""house_profile"", ""house"": null, ""planet_in_house"": null, ""aspected_by_planet"": null, ""state"": null, ""classifications"": null, ""karakas"": null, ""significations"": null}","Aspects to a house can lead to confusion, miscommunication, poor judgment, and excessive idealism within the affairs of that house. (Additional Context: The specific effects depend on the planets involved and the nature of the aspect.  A challenging aspect from Neptune could create the idealism and confusion, while a harsh aspect from Mars might lead to miscommunication and poor decisions.  Beneficial aspects can mitigate these effects, potentially turning idealism into inspiration and enhancing communication.)"
b25ce60c9db2936ee73192b66e5a032766b2ca4947c3f2bb741900b310af31fc,Can create relationship conflicts,p62-64,BPHS_GCS,2025-09-23T10:47:26.990901,prose,,relationships,"Public Interaction,Romantic & Marriage","disputes_conflicts,love_relationships","{""type"": ""prose"", ""text"": ""Can create relationship conflicts""}","This short text indicates potential for relationship problems. (Additional Context: Without more context, it's difficult to give specific astrological inferences. However, this could relate to challenging planetary aspects between Venus, Mars, or the 7th house, or difficult transits impacting these areas.  It could also be linked to karmic patterns or specific doshas related to relationships.)"
7a11ff759e7b55d444db62165b42321aef5c8a85202ad662ce6374c79000f64f,"Creates emotional aggression, frustration,
poor impulse control, and potential for domestic strife.",p62-64,BPHS_GCS,2025-09-23T10:47:26.991143,prose,,"health_risks_longevity,home_property_vehicles","Domestic Environment,Mental & Emotional Health","domestic_harmony,emotional_resilience,psychological_balance,stress_anxiety","{""type"": ""prose"", ""text"": ""Creates emotional aggression, frustration,\npoor impulse control, and potential for domestic strife.""}","This astrological combination indicates a tendency towards emotional aggression, frustration, poor impulse control, and potential conflicts within the home. (Additional Context: This combination may suggest the influence of Mars, particularly if afflicted or poorly placed.  Aspects to the Moon or planets in the 4th house could exacerbate these tendencies.  Remedies might include anger management techniques, mindfulness practices, and creating a peaceful home environment.)"
57565adbaeeacad32164b650e0a9af3998eaf44b2b95a97afd471f2d81e90206,"Critical Note: The Debate on Nodal Aspects (Rahu & Ketu)
The Parashari view of 5th, 7th, and 9th aspects for the nodes is common but not universally",p62-64,BPHS_GCS,2025-09-23T10:47:26.991417,planet_profile,,Foundational Concepts,Astrological Principles,"classification,definition,general_principle","{""type"": ""planet_profile"", ""planet_name"": null, ""house"": null, ""aspects_house"": null, ""karaka_for"": null, ""state"": null, ""sign"": null, ""friends"": null, ""enemies"": null, ""neutral_to"": null}","While the Parashari system commonly ascribes aspects to the 5th, 7th, and 9th houses from Rahu and Ketu, this perspective isn't universally accepted within astrology. (Additional Context: Different astrological traditions and schools of thought may interpret the aspects and influences of Rahu and Ketu in various ways.  Some consider them to have no aspects, while others attribute different aspects or influences based on specific calculations or interpretations.)"
550cd2f38b75f8fbd128e275fc25cbe7c3b27b4abb1e97c12d827831d54425bb,"Critical Note: The Debate on Nodal Aspects (Rahu & Ketu)
The Parashari view of 5th, 7th, and 9th aspects for the nodes is common but not universally",p62-64,BPHS_GCS,2025-09-23T10:47:26.991413,aspect,,"Foundational Concepts,doshas","Astrological Principles,Malefic Influences","classification,definition,general_principle,rahu_ketu_affliction","{""type"": ""aspect"", ""source_planet"": null, ""target_house"": null, ""relative_aspect_number"": null, ""planet_nature"": null, ""source_sign"": null, ""target_sign"": null, ""strength"": null}","The common Parashari view considers the nodes (Rahu and Ketu) to aspect the 5th, 7th, and 9th houses from their position. However, this perspective isn't universally accepted within astrology. (Additional Context: While the Parashari system is widely used, other systems like Jaimini astrology have different aspects for Rahu and Ketu.  The strength and interpretation of these aspects can also vary based on other factors in the birth chart.)"
07bd2553045bd183fa88608b6f125c2ff870d2990f2ff26fa7abb2de5d8e178d,"Debilitated Jupiter (Capricorn) Aspect: May lead to poor judgment, misplaced optimism, or moral compromises related to the aspected houses.",p62-64,BPHS_GCS,2025-09-23T10:47:26.991649,sign_trait,,Foundational Concepts,Astrological Principles,general_principle,"{""type"": ""sign_trait"", ""sign"": ""Capricorn"", ""element"": ""earth"", ""planet_name"": ""Jupiter"", ""house"": null, ""modality"": ""cardinal"", ""ruler"": ""Saturn""}","Jupiter is debilitated in the sign of Capricorn, which can lead to poor judgment, misplaced optimism, or moral compromises in the areas of life represented by the houses Jupiter aspects. (Additional Context: Jupiter's debilitation in Capricorn suggests a challenging placement where the expansive and optimistic nature of Jupiter is restricted by the practical and limiting energy of Capricorn. This can manifest as difficulties in expressing generosity, pursuing higher knowledge, or maintaining moral integrity.  Remedies may include practices that cultivate discipline, focus, and realistic expectations.)"
f718dcfa41e42903819e08c9767d8ee0e54f78cd06317303f77e53dcb59ea9b3,"Debilitated Jupiter (Capricorn) Aspect: May lead to poor judgment, misplaced optimism, or moral compromises related to the aspected houses.",p62-64,BPHS_GCS,2025-09-23T10:47:26.991652,aspect,,Foundational Concepts,Astrological Principles,general_principle,"{""type"": ""aspect"", ""source_planet"": ""Jupiter"", ""target_house"": null, ""relative_aspect_number"": null, ""planet_nature"": ""Debilitated"", ""source_sign"": ""Capricorn"", ""target_sign"": null, ""strength"": ""Debilitated""}","A debilitated Jupiter in Capricorn can lead to poor judgment, misplaced optimism, and moral compromises in the areas of life represented by the houses it aspects. (Additional Context: Jupiter's debilitation in Capricorn weakens its inherent benefic nature.  This could manifest as struggles with wisdom, expansion, and ethical decision-making.  Remedies may involve strengthening Jupiter through practices like chanting mantras or wearing yellow gemstones.)"
ed2dc12830e48eba6974d8bfcb012961f4060f981f3f9fc84b568be26f9292f2,"Debilitated Jupiter (Capricorn) Aspect: May lead to poor judgment, misplaced optimism, or moral compromises related to the aspected houses.",p62-64,BPHS_GCS,2025-09-23T10:47:26.991655,house_profile,,other,Other,other,"{""type"": ""house_profile"", ""house"": null, ""planet_in_house"": null, ""aspected_by_planet"": ""Jupiter"", ""state"": ""Debilitated"", ""classifications"": [], ""karakas"": [], ""significations"": []}","A debilitated Jupiter in Capricorn may lead to poor judgment, misplaced optimism, or moral compromises in the houses it aspects. (Additional Context: Jupiter's debilitation in Capricorn weakens its inherent benefic nature.  While aspects generally improve the areas they touch, Jupiter's weakened state may bring about challenges related to expansion and wisdom in those areas. The specific effects will depend on the houses aspected and other planetary influences.)"
679cfc0923c20889ff4ee1202b644d500e25d2df5a4cd7adfdf93823e9e50885,"Debilitated Jupiter (Capricorn) Aspect: May lead to poor judgment, misplaced optimism, or moral compromises related to the aspected houses.",p62-64,BPHS_GCS,2025-09-23T10:47:26.991658,planet_profile,,Foundational Concepts,Astrological Principles,general_principle,"{""type"": ""planet_profile"", ""planet_name"": ""Jupiter"", ""house"": null, ""aspects_house"": null, ""karaka_for"": null, ""state"": ""Debilitated"", ""sign"": ""Capricorn"", ""friends"": null, ""enemies"": null, ""neutral_to"": null}","Debilitated Jupiter in Capricorn can lead to poor judgment, misplaced optimism, or moral compromises in the areas of life represented by the houses it aspects. (Additional Context: Jupiter's debilitation in Capricorn suggests a challenging placement where its natural expansive and benevolent qualities are restricted. This could manifest as difficulties in areas related to wisdom, knowledge, luck, and spiritual growth.  Remedies such as strengthening Jupiter through rituals or gemstones may be beneficial.)"
266e358027667bc40b07a01b60001eea0766c7c6c881b14bf89aac4665bd6e59,"Debilitated Mars (Cancer) Aspect: Creates emotional aggression, frustration, poor impulse control, and potential for domestic strife.",p62-64,BPHS_GCS,2025-09-23T10:47:26.991888,sign_trait,,"core_self_vitality,health_risks_longevity,home_property_vehicles","Domestic Environment,Identity & Personality,Physical Health","domestic_harmony,self_identity_character,vitality_energy_levels","{""type"": ""sign_trait"", ""sign"": ""Cancer"", ""element"": ""Water"", ""planet_name"": ""Mars"", ""house"": null, ""modality"": ""Cardinal"", ""ruler"": ""Moon""}","Mars debilitated in Cancer can lead to emotional aggression, frustration, poor impulse control, and potential domestic strife. (Additional Context: This placement may suggest difficulties with assertiveness and taking action, as Mars' fiery energy is suppressed by Cancer's watery emotional nature.  It could also manifest as passive-aggressive tendencies.  The individual may benefit from exploring healthy outlets for their energy, such as physical activity or creative pursuits.)"
674473d0fed11e5f09185dd277aa6b81ee0d7363651eef05c9d41fa132dad110,"Debilitated Mars (Cancer) Aspect: Creates emotional aggression, frustration, poor impulse control, and potential for domestic strife.",p62-64,BPHS_GCS,2025-09-23T10:47:26.991891,aspect,,"health_risks_longevity,home_property_vehicles","Domestic Environment,Mental & Emotional Health,Residence & Property","domestic_harmony,emotional_resilience,home_comforts,psychological_balance,stress_anxiety","{""type"": ""aspect"", ""source_planet"": ""Mars"", ""target_house"": null, ""relative_aspect_number"": null, ""planet_nature"": ""Debilitated"", ""source_sign"": ""Cancer"", ""target_sign"": null, ""strength"": ""Debilitated""}","A debilitated Mars in Cancer can lead to emotional aggression, frustration, poor impulse control, and potential domestic strife. (Additional Context: Mars's debilitation in Cancer, a water sign ruled by the Moon, intensifies emotional volatility. This placement can signify suppressed anger and difficulty asserting oneself healthily.  Remedial measures like strengthening Mars through rituals or gemstones may be beneficial.)"
01b0e4be3a9eb4798db61744d6b917f368ae50b5ceedb0d3710a216958aef5e2,"Debilitated Mars (Cancer) Aspect: Creates emotional aggression, frustration, poor impulse control, and potential for domestic strife.",p62-64,BPHS_GCS,2025-09-23T10:47:26.991895,planet_profile,,"core_self_vitality,health_risks_longevity,home_property_vehicles","Domestic Environment,Identity & Personality,Physical Health","domestic_harmony,self_identity_character,vitality_energy_levels","{""type"": ""planet_profile"", ""planet_name"": ""Mars"", ""house"": null, ""aspects_house"": null, ""karaka_for"": null, ""state"": ""Debilitated"", ""sign"": ""Cancer"", ""friends"": null, ""enemies"": null, ""neutral_to"": null}","A debilitated Mars in Cancer can lead to emotional aggression, frustration, poor impulse control, and potential domestic strife. (Additional Context: Mars's debilitation in Cancer, a water sign ruled by the Moon, suggests difficulty channeling Martian energy effectively. This placement can create internal tension between Mars's assertive nature and Cancer's emotional sensitivity.  Remedies may include practices that balance emotional expression with assertive action.)"
31772d1b6e74c5acbb36ea066c2a48483f7c832069c277e65ef097f20d292754,"Debilitated Mercury (Pisces) Aspect: Can cause confusion, miscommunication, poor judgment, or over-idealism in the aspected house.",p62-64,BPHS_GCS,2025-09-23T10:47:26.992171,planet_profile,,"career_public_life,learning_education_creativity","Profession & Field,Skills & Creativity","communication_media_publishing,intellectual_skills","{""type"": ""planet_profile"", ""planet_name"": ""Mercury"", ""house"": null, ""aspects_house"": null, ""karaka_for"": null, ""state"": ""Debilitated"", ""sign"": ""Pisces"", ""friends"": null, ""enemies"": null, ""neutral_to"": null}","A debilitated Mercury in Pisces can lead to confusion, miscommunication, poor judgment, and excessive idealism in the house it aspects. (Additional Context: Mercury's debilitation in Pisces suggests a weakened ability to communicate and make sound judgments.  The dreamy, imaginative nature of Pisces further clouds Mercury's logical functions.  This placement may indicate a tendency towards escapism or difficulty grounding thoughts into practical reality.  Remedies could include strengthening Mercury through practices like chanting mantras, wearing specific gemstones, or engaging in activities that enhance communication and analytical skills.)"
343adac367e055d1c4aefd3ea9f1976fb854458a1b0cb2e130bd4a1d9e9094ad,"Debilitated Mercury (Pisces) Aspect: Can cause confusion, miscommunication, poor judgment, or over-idealism in the aspected house.",p62-64,BPHS_GCS,2025-09-23T10:47:26.992160,sign_trait,,learning_education_creativity,Skills & Creativity,intellectual_skills,"{""type"": ""sign_trait"", ""sign"": ""Pisces"", ""element"": ""water"", ""planet_name"": ""Mercury"", ""house"": null, ""modality"": ""mutable"", ""ruler"": ""Jupiter""}","Mercury is debilitated in Pisces, potentially leading to confusion, miscommunication, poor judgment, or excessive idealism in the house it aspects. (Additional Context: Mercury's debilitation in Pisces suggests a struggle to express thoughts and ideas clearly.  The watery, mutable nature of Pisces can cloud Mercury's logical and analytical abilities.  This placement may indicate a tendency towards daydreaming or escapism.)"
6b1ed8174bbf1bb6743879da9081ebc3680e49cd40889c58f79498dcacec523f,"Debilitated Mercury (Pisces) Aspect: Can cause confusion, miscommunication, poor judgment, or over-idealism in the aspected house.",p62-64,BPHS_GCS,2025-09-23T10:47:26.992164,aspect,,learning_education_creativity,Skills & Creativity,intellectual_skills,"{""type"": ""aspect"", ""source_planet"": ""Mercury"", ""target_house"": null, ""relative_aspect_number"": null, ""planet_nature"": ""Debilitated"", ""source_sign"": ""Pisces"", ""target_sign"": null, ""strength"": ""Debilitated""}","A debilitated Mercury in Pisces can lead to confusion, miscommunication, poor judgment, and excessive idealism in the house it aspects. (Additional Context: Mercury's debilitation in Pisces suggests a weakened ability to communicate and make sound judgments.  The specific effects will depend on the house aspected and other planetary influences. Remediation could involve strengthening Mercury through practices like chanting mantras or wearing specific gemstones.)"
a621f40d42fd9cfae6abbb9a3590739fa3ffc1b55765d6db423bab03b02e248a,"Debilitated Mercury (Pisces) Aspect: Can cause confusion, miscommunication, poor judgment, or over-idealism in the aspected house.",p62-64,BPHS_GCS,2025-09-23T10:47:26.992168,house_profile,,other,Other,other,"{""type"": ""house_profile"", ""house"": null, ""planet_in_house"": null, ""aspected_by_planet"": ""Mercury"", ""state"": ""Debilitated"", ""classifications"": [], ""karakas"": [], ""significations"": [""confusion"", ""miscommunication"", ""poor judgment"", ""over-idealism""]}","A debilitated Mercury in Pisces aspecting a house can lead to confusion, miscommunication, poor judgment, and over-idealism in the matters related to that house. (Additional Context: Mercury's debilitation in Pisces suggests a weakened ability to communicate and make sound decisions.  The specific effects will depend on the house being aspected and any other planetary influences.)"
8e8ca611f658af044f9879589952027e08b3d693d5239e9e0d71497b8a1c51f1,"Debilitated Moon (Scorpio) Aspect: Brings emotional instability, moodiness, fear, or psychological vulnerability to the aspected house.",p62-64,BPHS_GCS,2025-09-23T10:47:26.992418,planet_profile,,health_risks_longevity,Mental & Emotional Health,"psychological_balance,stress_anxiety","{""type"": ""planet_profile"", ""planet_name"": ""Moon"", ""house"": null, ""aspects_house"": null, ""karaka_for"": null, ""state"": ""Debilitated"", ""sign"": ""Scorpio"", ""friends"": null, ""enemies"": null, ""neutral_to"": null}","A debilitated Moon in Scorpio can cause emotional instability, mood swings, fear, and psychological vulnerabilities in the house it aspects. (Additional Context: The Moon's debilitation in Scorpio suggests a challenging emotional landscape.  Scorpio, a fixed water sign ruled by Mars, intensifies the Moon's sensitivity, potentially leading to deep-seated anxieties and fluctuating moods.  While this placement can be difficult, it also offers opportunities for profound emotional transformation and psychological growth. Aspects to the Moon from other planets can modify these effects.)"
335598b7740e37741b944bd9ccd2b552c6ea53db66bbc2b9d2ed30b950a5ab5c,"Debilitated Moon (Scorpio) Aspect: Brings emotional instability, moodiness, fear, or psychological vulnerability to the aspected house.",p62-64,BPHS_GCS,2025-09-23T10:47:26.992415,house_profile,,health_risks_longevity,Mental & Emotional Health,"emotional_resilience,other_mental_emotional_health,psychological_balance,stress_anxiety","{""type"": ""house_profile"", ""house"": null, ""planet_in_house"": null, ""aspected_by_planet"": ""Moon"", ""state"": ""Debilitated"", ""classifications"": [], ""karakas"": [], ""significations"": []}","A debilitated Moon in Scorpio aspecting a house brings emotional instability, mood swings, fear, and psychological vulnerability to the matters of that house. (Additional Context: The Moon's debilitation in Scorpio suggests a challenging emotional landscape.  Scorpio, a fixed water sign, intensifies the Moon's emotional nature, potentially leading to obsessive tendencies or difficulty processing feelings.  The aspect from a debilitated Moon can create a need for emotional healing and self-care practices related to the house it aspects.)"
ffd344be9df3b6ddaeb1e5bda25961a4a8d0887a41ed11324b5884edc4ee64fc,"Debilitated Moon (Scorpio) Aspect: Brings emotional instability, moodiness, fear, or psychological vulnerability to the aspected house.",p62-64,BPHS_GCS,2025-09-23T10:47:26.992412,aspect,,health_risks_longevity,Mental & Emotional Health,"emotional_resilience,other_mental_emotional_health,psychological_balance,stress_anxiety","{""type"": ""aspect"", ""source_planet"": ""Moon"", ""target_house"": null, ""relative_aspect_number"": null, ""planet_nature"": ""Debilitated"", ""source_sign"": ""Scorpio"", ""target_sign"": null, ""strength"": null}","A debilitated Moon in Scorpio aspecting another house can cause emotional instability, mood swings, fear, and psychological vulnerability in the areas related to the house being aspected. (Additional Context: The Moon is considered debilitated in Scorpio, its fall. This placement weakens the Moon's inherent qualities of nurturing, emotional stability, and intuition. The aspect from a debilitated Moon can create challenges related to emotional expression and mental well-being.  Remedies may include strengthening the Moon through practices like meditation, wearing pearls, and honoring feminine figures.)"
f386bbbddc49856dae310eea292e34adaaaef703a9c18a0e28edccf1e0100fb3,"Debilitated Moon (Scorpio) Aspect: Brings emotional instability, moodiness, fear, or psychological vulnerability to the aspected house.",p62-64,BPHS_GCS,2025-09-23T10:47:26.992407,sign_trait,,"core_self_vitality,health_risks_longevity","Identity & Personality,Mental & Emotional Health,Physical Health","emotional_resilience,psychological_balance,self_identity_character,vitality_energy_levels","{""type"": ""sign_trait"", ""sign"": ""Scorpio"", ""element"": ""Water"", ""planet_name"": ""Moon"", ""house"": null, ""modality"": ""Fixed"", ""ruler"": ""Mars""}","A debilitated Moon in Scorpio can create emotional instability, mood swings, fear, and psychological vulnerabilities in the house it aspects. (Additional Context: The Moon is considered debilitated in Scorpio, as its watery, nurturing nature clashes with Scorpio's fixed, intense energy. This placement can lead to heightened emotional sensitivity and difficulty processing feelings effectively.  While challenging, this aspect can also foster deep empathy and intuitive understanding.)"
1cbc0652a9d7d15d9a313d7df07aba75a25d4d6515ebbda1f8395bee4b521865,"Debilitated Saturn (Aries) Aspect: Generates frustration, disorganization,
obstacles, and struggles from misapplied effort in the aspected houses.",p62-64,BPHS_GCS,2025-09-23T10:47:26.992675,sign_trait,,doshas,Malefic Influences,"other_malefic_influences,saturn_affliction","{""type"": ""sign_trait"", ""sign"": ""Aries"", ""element"": ""fire"", ""planet_name"": ""Saturn"", ""house"": null, ""modality"": ""cardinal"", ""ruler"": ""Mars""}","Saturn, when debilitated in Aries, creates frustration, disorganization, obstacles, and struggles due to misdirected efforts in the houses it aspects. (Additional Context: Saturn's debilitation in the fiery sign of Aries, ruled by Mars, suggests a conflict between Saturn's disciplined, structured nature and Aries' impulsive, action-oriented energy. This could manifest as difficulty in balancing long-term planning with immediate action, leading to the challenges described.)"
bb9169962e4e0cc874619c0a4ac4a377cb490ba638055c796199344b82c10418,"Debilitated Saturn (Aries) Aspect: Generates frustration, disorganization,
obstacles, and struggles from misapplied effort in the aspected houses.",p62-64,BPHS_GCS,2025-09-23T10:47:26.992679,aspect,,Foundational Concepts,Astrological Principles,general_principle,"{""type"": ""aspect"", ""source_planet"": ""Saturn"", ""target_house"": null, ""relative_aspect_number"": null, ""planet_nature"": ""malefic"", ""source_sign"": ""Aries"", ""target_sign"": null, ""strength"": ""debilitated""}","Saturn, debilitated in Aries, creates frustration, disorganization, obstacles, and struggles due to misdirected efforts in the houses it aspects. (Additional Context: Saturn's debilitation in Aries weakens its ability to structure and organize, leading to dispersed energy and difficulty achieving goals.  The aspect's influence can manifest as delays, setbacks, and feelings of inadequacy in the areas of life represented by the aspected houses.  Remedies may include strengthening Saturn through practices like discipline, hard work, and acceptance of responsibility.)"
3f4cd2a402b2c24553b103f442124cefef913b72205717d2489fc733405a68cd,"Debilitated Saturn (Aries) Aspect: Generates frustration, disorganization,
obstacles, and struggles from misapplied effort in the aspected houses.",p62-64,BPHS_GCS,2025-09-23T10:47:26.992682,house_profile,,doshas,Malefic Influences,saturn_affliction,"{""type"": ""house_profile"", ""house"": null, ""planet_in_house"": null, ""aspected_by_planet"": ""Saturn"", ""state"": ""Debilitated"", ""classifications"": [""aspect""], ""karakas"": [], ""significations"": [""frustration"", ""disorganization"", ""obstacles"", ""struggles"", ""misapplied effort""]}","Saturn, when debilitated in Aries, casts an aspect that brings about frustration, disorganization, obstacles, and struggles stemming from misdirected efforts in the houses it influences. (Additional Context: Saturn's debilitation in the fiery sign of Aries, ruled by Mars, amplifies its restrictive and challenging nature. This placement can lead to delays, setbacks, and feelings of inadequacy in the areas affected by its aspect.  The aspect's impact can manifest as difficulties in initiating projects, a lack of focus, and a tendency to overwork without achieving desired results.  Remedies may include practices that cultivate discipline, patience, and strategic planning.)"
ae7c5e2048a24da514e2c376a8deb41641fabd253ca3345d9ad03bb8ac6c999e,"Debilitated Saturn (Aries) Aspect: Generates frustration, disorganization,
obstacles, and struggles from misapplied effort in the aspected houses.",p62-64,BPHS_GCS,2025-09-23T10:47:26.992685,planet_profile,,doshas,Malefic Influences,"other_malefic_influences,saturn_affliction","{""type"": ""planet_profile"", ""planet_name"": ""Saturn"", ""house"": null, ""aspects_house"": null, ""karaka_for"": null, ""state"": ""Debilitated"", ""sign"": ""Aries"", ""friends"": null, ""enemies"": null, ""neutral_to"": null}","Debilitated Saturn in Aries creates frustration, disorganization, obstacles, and struggles due to misdirected efforts in the houses it aspects. (Additional Context: Saturn's debilitation in Aries weakens its ability to structure and discipline, leading to scattered energy and difficulty achieving goals.  The aspect's influence can manifest as delays, setbacks, and feelings of inadequacy in the areas of life represented by the aspected houses.  Remedies may include strengthening Saturn through practices like discipline, hard work, and acceptance of responsibility.)"
da8354f6a99266586724b7bd015bb37118ba57d514e63c1c867f89f70905234e,"Debilitated Saturn (Aries) Aspect: Generates frustration, disorganization, obstacles, and struggles from misapplied effort in the aspected houses.",p62-64,BPHS_GCS,2025-09-23T10:47:26.992979,sign_trait,,doshas,Malefic Influences,saturn_affliction,"{""type"": ""sign_trait"", ""sign"": ""Aries"", ""element"": ""fire"", ""planet_name"": ""Saturn"", ""house"": null, ""modality"": ""cardinal"", ""ruler"": ""Mars""}","Saturn, when debilitated in Aries, creates frustration, disorganization, obstacles, and struggles due to misdirected efforts in the houses it aspects. (Additional Context: Saturn's debilitation in the fiery sign of Aries, ruled by Mars, suggests a conflict between Saturn's disciplined, structured nature and Aries' impulsive, action-oriented energy. This could manifest as difficulty in balancing long-term planning with immediate action, leading to the challenges described.)"
ba9372c246489fa895421570c277bd981879fadd58b820ab667e1c18d2875562,"Debilitated Saturn (Aries) Aspect: Generates frustration, disorganization, obstacles, and struggles from misapplied effort in the aspected houses.",p62-64,BPHS_GCS,2025-09-23T10:47:26.992984,aspect,,doshas,Malefic Influences,"other_malefic_influences,saturn_affliction","{""type"": ""aspect"", ""source_planet"": ""Saturn"", ""target_house"": null, ""relative_aspect_number"": null, ""planet_nature"": ""malefic"", ""source_sign"": ""Aries"", ""target_sign"": null, ""strength"": ""debilitated""}","Saturn, debilitated in Aries, creates frustration, disorganization, obstacles, and struggles from misdirected efforts in the houses it aspects. (Additional Context: Saturn's debilitation in Aries weakens its ability to structure and organize, leading to dispersed energy and difficulty achieving goals.  The aspect's influence can manifest as delays, setbacks, and feelings of inadequacy in the areas of life represented by the aspected houses.  Remedies may include strengthening Saturn through practices like discipline, hard work, and acceptance of responsibility.)"
f9265e39eb14c5df6a6e46c1296f697435fdcf57817f8740c8fa716c245820ec,"Debilitated Saturn (Aries) Aspect: Generates frustration, disorganization, obstacles, and struggles from misapplied effort in the aspected houses.",p62-64,BPHS_GCS,2025-09-23T10:47:26.992987,house_profile,,doshas,Malefic Influences,"other_malefic_influences,saturn_affliction","{""type"": ""house_profile"", ""house"": null, ""planet_in_house"": null, ""aspected_by_planet"": ""Saturn"", ""state"": ""Debilitated"", ""classifications"": [""aspect""], ""karakas"": [], ""significations"": [""frustration"", ""disorganization"", ""obstacles"", ""struggles"", ""misapplied effort""]}","Saturn, when debilitated in Aries, casts an aspect that brings about frustration, disorganization, obstacles, and struggles stemming from misdirected efforts in the houses it influences. (Additional Context: Saturn's debilitation in Aries weakens its ability to structure and organize, leading to the challenges described. The specific houses impacted would determine the areas of life where these difficulties manifest.  Remedies such as propitiating Saturn or strengthening the aspected planets could mitigate these effects.)"
e624d54d23c679c4f01ef1cccd23bb45ef3f33d3baa6397f18fbfc32945bce30,"Debilitated Saturn (Aries) Aspect: Generates frustration, disorganization, obstacles, and struggles from misapplied effort in the aspected houses.",p62-64,BPHS_GCS,2025-09-23T10:47:26.992993,planet_profile,,Foundational Concepts,Astrological Principles,general_principle,"{""type"": ""planet_profile"", ""planet_name"": ""Saturn"", ""house"": null, ""aspects_house"": null, ""karaka_for"": null, ""state"": ""Debilitated"", ""sign"": ""Aries"", ""friends"": null, ""enemies"": null, ""neutral_to"": null}","Debilitated Saturn in Aries creates frustration, disorganization, obstacles, and struggles due to misdirected efforts in the houses it aspects. (Additional Context: Saturn's debilitation in Aries weakens its ability to structure and discipline, leading to scattered energy and difficulty achieving goals.  The impulsive nature of Aries clashes with Saturn's cautious approach, amplifying the potential for frustration.  However, this placement can also foster a drive to overcome limitations and develop resilience.)"
594f9d59371e5ab69cf5e38a323db3df2be87772a43c6e0608030d3c3254c57a,Debilitated Venus (Virgo) Aspect: Can create relationship conflicts,p62-64,BPHS_GCS,2025-09-23T10:47:26.993175,aspect,,relationships,Romantic & Marriage,"love_relationships,marriage_spouse","{""type"": ""aspect"", ""source_planet"": ""Venus"", ""target_house"": null, ""relative_aspect_number"": null, ""planet_nature"": ""Debilitated"", ""source_sign"": ""Virgo"", ""target_sign"": null, ""strength"": null}",Venus debilitated in Virgo can lead to relationship conflicts. (Additional Context: A debilitated Venus can signify challenges in expressing affection and finding harmony in relationships.  Remedies may include strengthening Venus through rituals or gemstones.)
0b73741624be6d31dbbd02eb6c893a63171e002908ca8b4140ba90de431aba85,Debilitated Venus (Virgo) Aspect: Can create relationship conflicts,p62-64,BPHS_GCS,2025-09-23T10:47:26.993179,planet_profile,,relationships,Romantic & Marriage,love_relationships,"{""type"": ""planet_profile"", ""planet_name"": ""Venus"", ""house"": null, ""aspects_house"": null, ""karaka_for"": null, ""state"": ""Debilitated"", ""sign"": ""Virgo"", ""friends"": null, ""enemies"": null, ""neutral_to"": null}","Venus is debilitated in the sign of Virgo. This placement can lead to conflicts in relationships. (Additional Context: Debilitated Venus can signify a lack of confidence in relationships and difficulty expressing affection.  It can also manifest as an overcritical nature or a tendency towards perfectionism, which can strain relationships.  Remedies may include practicing self-love and acceptance, and focusing on the positive aspects of partnerships.)"
c974c0280918134ae3c14e6acff0c520fc8d71843bb769a92cf79a02976fa8f5,Debilitated Venus (Virgo) Aspect: Can create relationship conflicts,p62-64,BPHS_GCS,2025-09-23T10:47:26.993170,sign_trait,,relationships,Romantic & Marriage,love_relationships,"{""type"": ""sign_trait"", ""sign"": ""Virgo"", ""element"": ""Earth"", ""planet_name"": ""Venus"", ""house"": null, ""modality"": null, ""ruler"": null}","Venus is debilitated in the sign of Virgo, which can lead to relationship conflicts. (Additional Context: Debilitated Venus in Virgo can signify a tendency towards excessive criticism or perfectionism in relationships.  It can also manifest as difficulty expressing affection openly.  Remedies may include practicing self-acceptance and focusing on the positive qualities of partners.)"
02786e296ea04ec8e14a984ee06f328b2075e963f45b11cf3eb36993c1022c8e,"Dosha:
Kapha",p62-64,BPHS_GCS,2025-09-23T10:47:26.993326,dosha,,doshas,Other,other_doshas_related,"{""type"": ""dosha"", ""name"": ""Kapha"", ""components"": []}","The individual has a Kapha dosha. (Additional Context: Individuals with a Kapha dosha are often described as having a stable and grounded nature. They tend to be calm, nurturing, and supportive.  Physically, they may have a sturdy build and a slower metabolism.  Emotionally, they are generally even-tempered and forgiving.  However, an imbalance in Kapha can lead to lethargy, weight gain, and possessiveness.)"
a1c23e574e3980c9090533f03b4fb179973c481253e534ecd866ea26e098d8b2,"Dosha:
Vata",p62-64,BPHS_GCS,2025-09-23T10:47:26.993463,dosha,,health_risks_longevity,Physical Health,general_health,"{""type"": ""dosha"", ""name"": ""Vata"", ""components"": []}","The primary dosha is Vata. (Additional Context: Vata dosha is associated with air and ether elements, influencing movement, communication, and the nervous system.  Balancing Vata involves grounding practices, warmth, and routine.)"
bc42af71391fc2bea66f2e30e5ffc4acbcc015c4b06a7069337ba9130da2d5fb,"Effects of Ketu's Aspect: Creates detachment, confusion, sudden breaks, and brings
intuitive or spiritual insight to the aspected houses. It severs material attachments.",p62-64,BPHS_GCS,2025-09-23T10:47:26.993780,aspect,,"doshas,karma_past_life,travel_dharma_spirituality","Dharma & Spiritual Path,Malefic Influences,Past Life Patterns","karmic_debts_lessons,rahu_ketu_affliction,spiritual_growth","{""type"": ""aspect"", ""source_planet"": ""Ketu"", ""target_house"": null, ""relative_aspect_number"": null, ""planet_nature"": null, ""source_sign"": null, ""target_sign"": null, ""strength"": null}","Ketu's aspect creates detachment, confusion, and sudden breaks in the areas it influences, while also bringing intuitive or spiritual insight. It severs material attachments. (Additional Context: Ketu's aspects can signify a sudden loss or separation related to the house it aspects, potentially leading to spiritual growth or a shift in perspective.  The specific effects depend on Ketu's placement and the other planets involved.)"
d2cd61346c84472a9ed9c3a888665cac05cdee09dff456628d281964db3a0b4f,"Effects of Ketu's Aspect: Creates detachment, confusion, sudden breaks, and brings
intuitive or spiritual insight to the aspected houses. It severs material attachments.",p62-64,BPHS_GCS,2025-09-23T10:47:26.993785,house_profile,,travel_dharma_spirituality,Dharma & Spiritual Path,spiritual_growth,"{""type"": ""house_profile"", ""house"": null, ""planet_in_house"": null, ""aspected_by_planet"": ""Ketu"", ""state"": null, ""classifications"": null, ""karakas"": null, ""significations"": [""detachment"", ""confusion"", ""sudden breaks"", ""intuitive or spiritual insight"", ""material attachments""]}","Ketu's aspect on a house creates detachment, confusion, and sudden breaks while also bringing intuitive or spiritual insight. It severs material attachments. (Additional Context: Ketu is considered a karaka for spirituality and liberation. Its aspect can bring about sudden changes and transformations, often leading to spiritual growth. While it can create initial confusion, it ultimately helps in detaching from material possessions and worldly desires.)"
7e548de230ce7c515516efb6e6097129accdcea75a3d79758ec41df96c3f7e39,"Effects of Ketu's Aspect: Creates detachment, confusion, sudden breaks, and brings
intuitive or spiritual insight to the aspected houses. It severs material attachments.",p62-64,BPHS_GCS,2025-09-23T10:47:26.993789,planet_profile,,travel_dharma_spirituality,Dharma & Spiritual Path,spiritual_growth,"{""type"": ""planet_profile"", ""planet_name"": ""Ketu"", ""house"": null, ""aspects_house"": null, ""karaka_for"": null, ""state"": null, ""sign"": null, ""friends"": null, ""enemies"": null, ""neutral_to"": null}","Ketu's aspect creates detachment, confusion, and sudden breaks, while also bringing intuitive or spiritual insight to the houses it aspects. It severs material attachments. (Additional Context: Ketu is a karmic planet, often associated with spirituality, detachment, and hidden knowledge. Its aspects can bring about sudden changes and transformations, often related to past-life influences. While these aspects can be disruptive, they also offer opportunities for spiritual growth and insight.)"
fc749bcb6d993de391f1e0cebf459a0fdb99f89527a41ea9314a4b3229cefd66,"Effects of Ketu's Aspect: Creates detachment, confusion, sudden breaks, and brings intuitive or spiritual insight to the aspected houses. It severs material attachments.",p62-64,BPHS_GCS,2025-09-23T10:47:26.994125,aspect,,travel_dharma_spirituality,Dharma & Spiritual Path,spiritual_growth,"{""type"": ""aspect"", ""source_planet"": ""Ketu"", ""target_house"": null, ""relative_aspect_number"": null, ""planet_nature"": null, ""source_sign"": null, ""target_sign"": null, ""strength"": null}","Ketu's aspect creates detachment, confusion, and sudden breaks in the areas it influences, while also bringing intuitive or spiritual insight. It tends to sever material attachments. (Additional Context: Ketu's aspects can be challenging but also offer opportunities for spiritual growth and liberation by breaking away from material obsessions. The specific effects depend on the house and planets involved.)"
22ab83827f7ec1bc2537cff156e0d995c60d4813976fb497e20e5a3e9c92bc20,"Effects of Ketu's Aspect: Creates detachment, confusion, sudden breaks, and brings intuitive or spiritual insight to the aspected houses. It severs material attachments.",p62-64,BPHS_GCS,2025-09-23T10:47:26.994132,house_profile,,travel_dharma_spirituality,Dharma & Spiritual Path,spiritual_growth,"{""type"": ""house_profile"", ""house"": null, ""planet_in_house"": null, ""aspected_by_planet"": ""Ketu"", ""state"": null, ""classifications"": [], ""karakas"": [], ""significations"": [""detachment"", ""confusion"", ""sudden breaks"", ""intuitive or spiritual insight"", ""material attachments""]}","Ketu's aspect on a house creates detachment, confusion, and sudden breaks while also bringing intuitive or spiritual insight. It severs material attachments. (Additional Context: Ketu's aspect can lead to spiritual growth through the letting go of material possessions and embracing a more intuitive approach to life. The sudden breaks it causes can be disruptive but ultimately lead to transformation. The specific effects depend on the house aspected and other planetary influences.)"
6e5a44cfae190242a0400645aa174f5040cda717dfa72a696860871526676857,"Effects of Ketu's Aspect: Creates detachment, confusion, sudden breaks, and brings intuitive or spiritual insight to the aspected houses. It severs material attachments.",p62-64,BPHS_GCS,2025-09-23T10:47:26.994135,planet_profile,,travel_dharma_spirituality,Dharma & Spiritual Path,spiritual_growth,"{""type"": ""planet_profile"", ""planet_name"": ""Ketu"", ""house"": null, ""aspects_house"": null, ""karaka_for"": null, ""state"": null, ""sign"": null, ""friends"": null, ""enemies"": null, ""neutral_to"": null}","Ketu's aspect creates detachment, confusion, and sudden breaks, while also bringing spiritual or intuitive insight to the houses it aspects.  It tends to sever ties to material possessions. (Additional Context: Ketu is considered a karaka for spiritual liberation and enlightenment. Its aspects can bring about sudden changes and transformations, often leading to a deeper understanding of oneself and the universe. While these changes may be disruptive, they ultimately serve a higher purpose in one's spiritual journey.)"
ae2ff50370e4da9351a2921e9b3886cbd9d7191711b538306542e70e14404f10,"Effects of Rahu's Aspect: Amplifies worldly desires, creates obsession, and brings a
foreign or unconventional quality to the aspected houses. Can give sudden material
gains but with instability.",p62-64,BPHS_GCS,2025-09-23T10:47:26.994485,planet_profile,,"doshas,karma_past_life,wealth_assets_resources","Financial Dynamics,Malefic Influences,Past Life Patterns","financial_risks,karmic_debts_lessons,rahu_ketu_affliction,sudden_gains_losses","{""type"": ""planet_profile"", ""planet_name"": ""Rahu"", ""house"": null, ""aspects_house"": null, ""karaka_for"": null, ""state"": null, ""sign"": null, ""friends"": null, ""enemies"": null, ""neutral_to"": null}","Rahu's aspect amplifies worldly desires and obsessions, introduces foreign or unconventional elements to the aspected houses, and can bring sudden but unstable material gains. (Additional Context: Rahu's influence can manifest as a strong drive for material success, often through unconventional means.  It can also lead to periods of intense focus and obsession, which can be both beneficial and detrimental depending on how they are channeled.  The instability associated with Rahu's material gains suggests a need for caution and careful planning.)"
b6e7a0f53a61edca7d77ccd5fc9630fed26e529b450aaab4dc7e6c0805459963,"Effects of Rahu's Aspect: Amplifies worldly desires, creates obsession, and brings a
foreign or unconventional quality to the aspected houses. Can give sudden material
gains but with instability.",p62-64,BPHS_GCS,2025-09-23T10:47:26.994478,aspect,,"doshas,karma_past_life,wealth_assets_resources","Financial Dynamics,Malefic Influences,Past Life Patterns","karmic_debts_lessons,rahu_ketu_affliction,sudden_gains_losses","{""type"": ""aspect"", ""source_planet"": ""Rahu"", ""target_house"": null, ""relative_aspect_number"": null, ""planet_nature"": null, ""source_sign"": null, ""target_sign"": null, ""strength"": null}","Rahu's aspect intensifies worldly desires and obsessions, introduces unconventional elements, and can lead to sudden but unstable material gains. (Additional Context: Rahu's aspect can signify a karmic debt related to the house it aspects, often involving unresolved desires from past lives.  The sudden gains it brings may be short-lived or come with unexpected consequences, requiring careful management.)"
57076825364efd1bbdb5f3d33d260fdff018034c5888e8fe6586ff7d1691ad4a,"Effects of Rahu's Aspect: Amplifies worldly desires, creates obsession, and brings a
foreign or unconventional quality to the aspected houses. Can give sudden material
gains but with instability.",p62-64,BPHS_GCS,2025-09-23T10:47:26.994482,house_profile,,other,Other,other,"{""type"": ""house_profile"", ""house"": null, ""planet_in_house"": null, ""aspected_by_planet"": ""Rahu"", ""state"": null, ""classifications"": [], ""karakas"": [], ""significations"": [""worldly desires"", ""obsession"", ""foreign or unconventional quality"", ""sudden material gains"", ""instability""]}","Rahu's aspect on a house amplifies worldly desires and creates obsession, giving a foreign or unconventional touch. It can bring sudden material gains, but with instability. (Additional Context: Rahu's aspect can signify a karmic debt related to the matters of the aspected house, leading to unconventional pursuits and sudden changes.  The instability brought by Rahu's influence can be a catalyst for spiritual growth if one learns to detach from material obsessions.)"
f7334868c72808d2eea2e71013f0dd1479442c2738151a5e42ec46f7a310e019,"Effects of Rahu's Aspect: Amplifies worldly desires, creates obsession, and brings a foreign or unconventional quality to the aspected houses. Can give sudden material gains but with instability.",p62-64,BPHS_GCS,2025-09-23T10:47:26.994799,planet_profile,,other,Other,other,"{""type"": ""planet_profile"", ""planet_name"": ""Rahu"", ""house"": null, ""aspects_house"": null, ""karaka_for"": null, ""state"": null, ""sign"": null, ""friends"": null, ""enemies"": null, ""neutral_to"": null}","Rahu's aspect amplifies worldly desires and obsessions, introducing a foreign or unconventional element to the houses it affects. This aspect can lead to sudden material gains, but these gains are often unstable. (Additional Context: Rahu's influence can be unpredictable and disruptive, often leading to unexpected turns of events.  While material gains are possible, they may come at a cost or be short-lived.  The specific areas of life affected depend on the houses Rahu aspects in an individual's birth chart.)"
7fd612ba32122503b026611a4a4eb9487021de104b2c14356328a7025e05c266,"Effects of Rahu's Aspect: Amplifies worldly desires, creates obsession, and brings a foreign or unconventional quality to the aspected houses. Can give sudden material gains but with instability.",p62-64,BPHS_GCS,2025-09-23T10:47:26.994795,house_profile,,other,Other,other,"{""type"": ""house_profile"", ""house"": null, ""planet_in_house"": null, ""aspected_by_planet"": ""Rahu"", ""state"": null, ""classifications"": null, ""karakas"": null, ""significations"": [""worldly desires"", ""obsession"", ""foreign or unconventional quality"", ""sudden material gains"", ""instability""]}","Rahu's aspect on a house amplifies worldly desires and creates obsession, giving a foreign or unconventional touch. It can bring sudden material gains, but these are often unstable. (Additional Context: Rahu's aspect can signify a karmic debt related to the matters of the aspected house, leading to unusual experiences and a drive for fulfillment in unconventional ways.  The instability brought by Rahu's influence can be a catalyst for spiritual growth, pushing the individual to seek deeper meaning beyond material pursuits.)"
f4935ddd9fdd9793dc759f0d5a3077e777d05088bea2964f28a119b0596c34cd,"Effects of Rahu's Aspect: Amplifies worldly desires, creates obsession, and brings a foreign or unconventional quality to the aspected houses. Can give sudden material gains but with instability.",p62-64,BPHS_GCS,2025-09-23T10:47:26.994791,aspect,,"karma_past_life,travel_dharma_spirituality,wealth_assets_resources","Dharma & Spiritual Path,Financial Dynamics,Past Life Patterns","karmic_debts_lessons,spiritual_growth,sudden_gains_losses","{""type"": ""aspect"", ""source_planet"": ""Rahu"", ""target_house"": null, ""relative_aspect_number"": null, ""planet_nature"": null, ""source_sign"": null, ""target_sign"": null, ""strength"": null}","Rahu's aspect intensifies worldly desires and obsessions, introduces unconventional elements to the affected houses, and can lead to sudden but unstable material gains. (Additional Context: Rahu's aspect can signify a karmic debt related to the house it aspects, pushing the individual towards unconventional paths to fulfill desires.  It can also indicate a need to balance material pursuits with spiritual growth.)"
0aac38a2c79e10e8b8cce3772aabe543c4f211c70c6e6a4d7b5e9b9f11ac471a,"Effects: Brings discipline, realism, delay, and karmic lessons to the aspected houses. It
builds endurance and creates long-lasting structures through pressure and hard work.",p62-64,BPHS_GCS,2025-09-23T10:47:26.995109,aspect,,Foundational Concepts,Astrological Principles,general_principle,"{""type"": ""aspect"", ""source_planet"": null, ""target_house"": null, ""relative_aspect_number"": null, ""planet_nature"": null, ""source_sign"": null, ""target_sign"": null, ""strength"": null}","Saturn's aspects bring discipline, realism, delay, and karmic lessons to the houses it influences.  It fosters endurance and the creation of lasting structures through pressure and hard work. (Additional Context: Saturn's aspects, while challenging, ultimately lead to growth and stability.  The delays and lessons it brings are opportunities for building character and resilience.  The specific effects depend on the houses involved and Saturn's placement in the birth chart.)"
ba90c9b40c495744db71f748c999f8ff153abc570a2cdd58255d8168b328e980,"Effects: Brings discipline, realism, delay, and karmic lessons to the aspected houses. It
builds endurance and creates long-lasting structures through pressure and hard work.",p62-64,BPHS_GCS,2025-09-23T10:47:26.995112,house_profile,,karma_past_life,Other,other,"{""type"": ""house_profile"", ""house"": null, ""planet_in_house"": null, ""aspected_by_planet"": ""Saturn"", ""state"": null, ""classifications"": null, ""karakas"": null, ""significations"": [""discipline"", ""realism"", ""delay"", ""karmic lessons"", ""endurance"", ""long-lasting structures"", ""pressure"", ""hard work""]}","Saturn's aspect on a house brings discipline, realism, delay, and karmic lessons. It fosters endurance and the creation of lasting structures through pressure and hard work. (Additional Context: Saturn's aspect can indicate delays and challenges but ultimately leads to growth and stability in the areas it affects.  The specific manifestations depend on the house aspected and Saturn's dignity.)"
44c3e3cb54fe212260961f004206521cddbccc3d900dc8d55d5218ff1b623cc7,"Effects: Brings discipline, realism, delay, and karmic lessons to the aspected houses. It builds endurance and creates long-lasting structures through pressure and hard work.",p62-64,BPHS_GCS,2025-09-23T10:47:26.995420,aspect,,Foundational Concepts,Astrological Principles,general_principle,"{""type"": ""aspect"", ""source_planet"": null, ""target_house"": null, ""relative_aspect_number"": null, ""planet_nature"": null, ""source_sign"": null, ""target_sign"": null, ""strength"": null}","Saturn's aspects bring discipline, realism, delay, and karmic lessons to the houses it affects.  It fosters endurance and the creation of lasting structures through pressure and hard work. (Additional Context: Saturn's aspects, while challenging, ultimately lead to growth and stability.  The delays and difficulties are opportunities for learning and building a solid foundation.  The specific manifestations depend on the houses involved and Saturn's placement in the birth chart.)"
74dac4810e5d0000acd1afa4681754fca562ac333dcd75a85aeb0bb36039f907,"Effects: Brings discipline, realism, delay, and karmic lessons to the aspected houses. It builds endurance and creates long-lasting structures through pressure and hard work.",p62-64,BPHS_GCS,2025-09-23T10:47:26.995428,house_profile,,karma_past_life,Other,other,"{""type"": ""house_profile"", ""house"": null, ""planet_in_house"": null, ""aspected_by_planet"": ""Saturn"", ""state"": null, ""classifications"": null, ""karakas"": null, ""significations"": [""discipline"", ""realism"", ""delay"", ""karmic lessons"", ""endurance"", ""long-lasting structures"", ""pressure"", ""hard work""]}","Saturn's aspect on a house brings discipline, realism, and potential delays, signifying karmic lessons. It fosters endurance and the development of lasting structures through pressure and hard work. (Additional Context: Saturn's aspect can indicate restrictions and challenges but also the potential for growth and mastery in the areas associated with the aspected house.  The nature of the lessons and the intensity of the pressure depend on Saturn's dignity and other planetary influences.)"
236de11ef02670772e5468bbed0ec424b5f3c5d8770be90102054f7e9179cb48,"Effects: Brings harmony, love, beauty, diplomacy, agreement, and sensual pleasure to the aspected house. It seeks to create balance and enjoyment.",p62-64,BPHS_GCS,2025-09-23T10:47:26.995899,aspect,,"home_property_vehicles,relationships","Domestic Environment,Public Interaction,Romantic & Marriage","domestic_harmony,love_relationships,social_influence_presence","{""type"": ""aspect"", ""source_planet"": null, ""target_house"": null, ""relative_aspect_number"": null, ""planet_nature"": null, ""source_sign"": null, ""target_sign"": null, ""strength"": null}","This aspect brings harmony, love, beauty, diplomacy, agreement, and sensual pleasure to the house it aspects. It promotes balance and enjoyment. (Additional Context: This aspect likely involves Venus, known for its influence on love, beauty, and harmony.  The specific effects will depend on the house and planets involved, but generally, it indicates a softening and harmonizing influence.)"
62e0c382a935d66df752692a9b1f4ae36eca5a62886b71f45206a77127a774d9,"Effects: Brings harmony, love, beauty, diplomacy, agreement, and sensual pleasure to the aspected house. It seeks to create balance and enjoyment.",p62-64,BPHS_GCS,2025-09-23T10:47:26.995910,house_profile,,other,Other,other,"{""type"": ""house_profile"", ""house"": null, ""planet_in_house"": null, ""aspected_by_planet"": null, ""state"": null, ""classifications"": null, ""karakas"": null, ""significations"": [""harmony"", ""love"", ""beauty"", ""diplomacy"", ""agreement"", ""sensual pleasure"", ""balance"", ""enjoyment""]}","When a planet aspects a house, it introduces qualities of harmony, love, beauty, diplomacy, agreement, and sensual pleasure, fostering balance and enjoyment. (Additional Context: The specific effects depend on the aspecting planet and the house receiving the aspect.  Benefic aspects from Venus or Jupiter amplify the positive themes, while malefic aspects may introduce challenges or conflicts related to the significations.)"
949bc4ed1094e9a90c1b4a02d691eb7c8ba9761dd4efabaf38c6d09c029043fe,"Effects: Brings intellect, communication, analysis, trade, and adaptability to the aspected house. It seeks to gather and exchange information.",p62-64,BPHS_GCS,2025-09-23T10:47:26.996223,aspect,,"career_public_life,core_self_vitality,learning_education_creativity","Profession & Field,Purpose & Direction,Skills & Creativity","communication_media_publishing,finance_trade_commerce,intellectual_skills,resilience_adaptability","{""type"": ""aspect"", ""source_planet"": null, ""target_house"": null, ""relative_aspect_number"": null, ""planet_nature"": null, ""source_sign"": null, ""target_sign"": null, ""strength"": null}","This aspect influences the house it impacts by enhancing intellect, communication, analytical abilities, trade, and adaptability. It fosters the collection and exchange of information."
72471041d38f71dd7cd25bff31da84447775763168f73c435d31cb63c979a68e,"Effects: Brings intellect, communication, analysis, trade, and adaptability to the aspected house. It seeks to gather and exchange information.",p62-64,BPHS_GCS,2025-09-23T10:47:26.996228,house_profile,,"career_public_life,core_self_vitality,learning_education_creativity","Profession & Field,Purpose & Direction,Skills & Creativity","communication_media_publishing,finance_trade_commerce,intellectual_skills,resilience_adaptability","{""type"": ""house_profile"", ""house"": null, ""planet_in_house"": null, ""aspected_by_planet"": null, ""state"": null, ""classifications"": [""trade""], ""karakas"": [""intellect"", ""communication"", ""analysis"", ""adaptability""], ""significations"": [""information""]}","The aspect influences the house by enhancing intellect, communication, analytical abilities, trade, and adaptability. It fosters the gathering and exchange of information. (Additional Context: Depending on the specific planet aspecting the house, these effects could manifest differently. For example, a Mercury aspect might emphasize communication and intellect, while a Jupiter aspect could highlight wisdom and expansion.  The house being aspected will also determine the area of life where these influences are most prominent.)"
c3cbfdae4e41ca9d0257d1ed07a13f11c7e164e32b2c133deb78b1a1bbb5d551,"Effects: Energizes the aspected houses with drive, action, courage, and potential conflict. It is a planet of execution and protection.",p62-64,BPHS_GCS,2025-09-23T10:47:26.996480,aspect,,other,Other,other,"{""type"": ""aspect"", ""source_planet"": null, ""target_house"": null, ""relative_aspect_number"": null, ""planet_nature"": null, ""source_sign"": null, ""target_sign"": null, ""strength"": null}","This aspect energizes the houses it affects, bringing drive, action, courage, and the possibility of conflict. It represents execution and protection. (Additional Context: While the text doesn't specify the planet, the description suggests Mars, known for its energetic and sometimes combative nature.  Aspects from Mars can stimulate action and initiative in the areas it influences, but also create friction or conflict.)"
838f2234553c54a95b44fed7e630d2cdbaec5e4bd00dbbcd6f7191d1b0f24798,"Effects: Energizes the aspected houses with drive, action, courage, and potential conflict. It is a planet of execution and protection.",p62-64,BPHS_GCS,2025-09-23T10:47:26.996483,house_profile,,Foundational Concepts,Astrological Principles,general_principle,"{""type"": ""house_profile"", ""house"": null, ""planet_in_house"": null, ""aspected_by_planet"": ""mars"", ""state"": null, ""classifications"": null, ""karakas"": null, ""significations"": [""drive"", ""action"", ""courage"", ""potential conflict"", ""execution"", ""protection""]}","Mars aspecting a house energizes it with drive, action, courage, and the potential for conflict.  Mars is a planet of execution and protection. (Additional Context: Mars' aspects can ignite passion and ambition in the house it influences, but also create friction or a need for assertive action.  The specific manifestation depends on Mars's dignity and the nature of the house.)"
b66edb83c10a160a799cab2ae44b99b669230dae76806c567ceac2dfd86fe8d3,"Effects: Energizes the aspected houses with drive, action, courage, and potential conflict. It is a planet of execution and protection.",p62-64,BPHS_GCS,2025-09-23T10:47:26.996486,planet_profile,,Foundational Concepts,Astrological Principles,general_principle,"{""type"": ""planet_profile"", ""planet_name"": null, ""house"": null, ""aspects_house"": null, ""karaka_for"": null, ""state"": null, ""sign"": null, ""friends"": null, ""enemies"": null, ""neutral_to"": null}","This excerpt describes the effects of a planet's aspects on houses, bringing drive, action, courage, and potential conflict. It emphasizes the planet's role in execution and protection. (Additional Context: While the text doesn't specify the planet, the description of drive, action, courage, and conflict suggests a malefic influence, possibly Mars.  Aspects from this planet could energize the houses related to the themes mentioned, potentially creating dynamic energy but also increasing the likelihood of disputes or clashes.)"
97f6fd58ee1292381f19645531a7666f33a38aa1f073ea7d83b19a114282bb70,"Effects: Expands the possibilities of the aspected houses, bestowing wisdom, fortune, opportunity, and grace. Jupiter's aspect is a divine blessing.",p62-64,BPHS_GCS,2025-09-23T10:47:26.996743,planet_profile,,Foundational Concepts,Astrological Principles,general_principle,"{""type"": ""planet_profile"", ""planet_name"": ""Jupiter"", ""house"": null, ""aspects_house"": null, ""karaka_for"": null, ""state"": null, ""sign"": null, ""friends"": null, ""enemies"": null, ""neutral_to"": null}","Jupiter's aspect amplifies the potential of the houses it influences, bringing wisdom, luck, opportunities, and grace.  It's considered a highly beneficial influence. (Additional Context: In astrology, Jupiter is often associated with expansion, growth, and good fortune. Its aspects are generally considered positive, enhancing the areas of life represented by the houses it touches.  The specific effects will depend on Jupiter's placement in the birth chart.)"
0004dc3aea27033be83e2c725ad8a9a2186428f1c61d07769470cfdee61e5f19,"Effects: Expands the possibilities of the aspected houses, bestowing wisdom, fortune, opportunity, and grace. Jupiter's aspect is a divine blessing.",p62-64,BPHS_GCS,2025-09-23T10:47:26.996737,aspect,,Foundational Concepts,Astrological Principles,general_principle,"{""type"": ""aspect"", ""source_planet"": ""Jupiter"", ""target_house"": null, ""relative_aspect_number"": null, ""planet_nature"": ""Benefic"", ""source_sign"": null, ""target_sign"": null, ""strength"": ""Strong""}","Jupiter's aspect is considered a divine blessing, expanding the possibilities of the houses it influences. It brings wisdom, fortune, opportunity, and grace. (Additional Context: Jupiter aspects generally enhance the positive qualities of the houses involved. The specific effects depend on Jupiter's placement in the birth chart and the houses receiving the aspect.  Favorable outcomes are likely in areas related to the aspected houses.)"
fb44fc51cb14396629b500ac0fc444be79e40fbf325cc2c211449154f5ee80d1,"Effects: Expands the possibilities of the aspected houses, bestowing wisdom, fortune, opportunity, and grace. Jupiter's aspect is a divine blessing.",p62-64,BPHS_GCS,2025-09-23T10:47:26.996740,house_profile,,Foundational Concepts,Astrological Principles,general_principle,"{""type"": ""house_profile"", ""house"": null, ""planet_in_house"": null, ""aspected_by_planet"": ""Jupiter"", ""state"": null, ""classifications"": null, ""karakas"": null, ""significations"": [""wisdom"", ""fortune"", ""opportunity"", ""grace""]}","Jupiter's aspect on a house expands its possibilities, bestowing wisdom, fortune, opportunity, and grace. It is considered a divine blessing. (Additional Context: Jupiter's aspect is generally considered benefic, promoting growth and expansion in the areas it influences.  The specific effects will depend on the house being aspected and Jupiter's own placement in the chart.)"
b16ff9ae9a9356eeb6781222da805db111349436f3583a800bffe5f9ea994387,"Energizes the aspected houses with drive, action, courage, and potential
conflict.",p62-64,BPHS_GCS,2025-09-23T10:47:26.996947,aspect,,other,Other,other,"{""type"": ""aspect"", ""source_planet"": null, ""target_house"": null, ""relative_aspect_number"": null, ""planet_nature"": null, ""source_sign"": null, ""target_sign"": null, ""strength"": null}","Aspects energize the involved houses, bringing drive, action, and courage, but also the potential for conflict. (Additional Context: While the text doesn't specify the planets or signs involved, Mars' influence is likely given the themes of drive, action, courage, and conflict.  If the aspect is harmonious, these energies can manifest positively, leading to achievement and progress. However, if the aspect is challenging, it could indicate disputes, aggression, or accidents.)"
745e402e2c7a4e8ec493d7217f6b8dd70d7beeae454f3fe0969fa3fb7d731d82,"Energizes the aspected houses with drive, action, courage, and potential
conflict.",p62-64,BPHS_GCS,2025-09-23T10:47:26.996950,house_profile,,other,Other,other,"{""type"": ""house_profile"", ""house"": null, ""planet_in_house"": null, ""aspected_by_planet"": null, ""state"": null, ""classifications"": null, ""karakas"": null, ""significations"": [""drive"", ""action"", ""courage"", ""potential conflict""]}","A planet aspecting a house energizes it, imbuing it with drive, action, courage, and the possibility of conflict. (Additional Context: The specific nature and intensity of these influences would depend on the aspecting planet, the house being aspected, and the overall planetary configuration in the birth chart.  Benefic aspects from planets like Jupiter or Venus could enhance the positive qualities, while malefic aspects from planets like Mars or Saturn might amplify the potential for conflict.)"
4865164b73bf08c983705c06a1a720726cee15bf8fe64e28379a593f5b85d2d3,"Exalted Jupiter (Cancer) Aspect: Showers supreme grace, abundance, wisdom, and righteous opportunities upon the aspected houses.",p62-64,BPHS_GCS,2025-09-23T10:47:26.997183,sign_trait,,"travel_dharma_spirituality,yogas","Dharma & Spiritual Path,Strength & Success Yogas","dhana_yogas,spiritual_growth","{""type"": ""sign_trait"", ""sign"": ""Cancer"", ""element"": ""Water"", ""planet_name"": ""Jupiter"", ""house"": null, ""modality"": ""Cardinal"", ""ruler"": ""Moon""}","Jupiter, when exalted in Cancer, bestows blessings of abundance, wisdom, and righteous opportunities upon the houses it aspects. (Additional Context: Jupiter's exaltation in Cancer amplifies its benevolent influence, signifying a strong connection to family, nurturing, and emotional growth. This placement can also indicate success in fields related to education, law, and spirituality.)"
af1b64bf65093a347def1c8d523f3087e57149179a93021a61f0f6d6f99528ab,"Exalted Jupiter (Cancer) Aspect: Showers supreme grace, abundance, wisdom, and righteous opportunities upon the aspected houses.",p62-64,BPHS_GCS,2025-09-23T10:47:26.997188,aspect,,"travel_dharma_spirituality,yogas","Dharma & Spiritual Path,Strength & Success Yogas","dhana_yogas,spiritual_growth","{""type"": ""aspect"", ""source_planet"": ""Jupiter"", ""target_house"": null, ""relative_aspect_number"": null, ""planet_nature"": ""benefic"", ""source_sign"": ""Cancer"", ""target_sign"": null, ""strength"": ""exalted""}","An exalted Jupiter in Cancer showers grace, abundance, wisdom, and righteous opportunities upon the houses it aspects. (Additional Context: Jupiter's exaltation in Cancer amplifies its benevolent qualities, signifying a strong moral compass and potential for spiritual growth. The specific houses Jupiter aspects will determine the areas of life where these positive influences manifest.)"
74869bf493081c18788c24a672f51d23d0e863500330df0de12bea053be635bb,"Exalted Jupiter (Cancer) Aspect: Showers supreme grace, abundance, wisdom, and righteous opportunities upon the aspected houses.",p62-64,BPHS_GCS,2025-09-23T10:47:26.997191,house_profile,,"travel_dharma_spirituality,yogas","Dharma & Spiritual Path,Strength & Success Yogas","dhana_yogas,spiritual_growth","{""type"": ""house_profile"", ""house"": null, ""planet_in_house"": null, ""aspected_by_planet"": ""Jupiter"", ""state"": ""exalted"", ""classifications"": [""positive""], ""karakas"": [], ""significations"": [""grace"", ""abundance"", ""wisdom"", ""righteous opportunities""]}","An exalted Jupiter in Cancer showers its auspicious aspect on other houses, bringing blessings of grace, abundance, wisdom, and righteous opportunities. (Additional Context: Jupiter's exaltation amplifies its benevolent influence, promising significant positive impacts related to the houses it aspects. This could manifest as enhanced luck, spiritual growth, or material prosperity.)"
dbc97790b6d2e3f5b3a691a3c9644ecaf0d9927a46c99016181ad1e15d56b578,"Exalted Jupiter (Cancer) Aspect: Showers supreme grace, abundance, wisdom, and righteous opportunities upon the aspected houses.",p62-64,BPHS_GCS,2025-09-23T10:47:26.997194,planet_profile,,Foundational Concepts,Astrological Principles,general_principle,"{""type"": ""planet_profile"", ""planet_name"": ""Jupiter"", ""house"": null, ""aspects_house"": null, ""karaka_for"": null, ""state"": ""Exalted"", ""sign"": ""Cancer"", ""friends"": null, ""enemies"": null, ""neutral_to"": null}","Jupiter, when exalted in Cancer, bestows significant blessings upon the houses it aspects. These blessings include abundance, wisdom, and opportunities aligned with righteousness. (Additional Context: Jupiter's exaltation in Cancer amplifies its benevolent influence, signifying a period of growth, prosperity, and spiritual development. The houses aspected by Jupiter will experience positive transformations and fortunate events.)"
e96c22e35e7c448627937f6d7c54a145454207b88a81fed3b3caa0c20ec6b463,"Exalted Mars (Capricorn) Aspect: Gives disciplined drive, strategic action, and victory related to the aspected houses.",p62-64,BPHS_GCS,2025-09-23T10:47:26.997432,house_profile,,other,Other,other,"{""type"": ""house_profile"", ""house"": null, ""planet_in_house"": null, ""aspected_by_planet"": ""Mars"", ""state"": ""Exalted"", ""classifications"": [], ""karakas"": [], ""significations"": [""disciplined drive"", ""strategic action"", ""victory""]}","An exalted Mars in Capricorn provides a disciplined drive, strategic action, and success related to the houses it aspects. (Additional Context: Mars's exaltation in Capricorn amplifies its focus and effectiveness, suggesting significant achievements in areas related to the aspected houses.  This could manifest as career advancement, successful completion of projects, or overcoming challenges with determination and resilience.)"
0071adfcecb4d400dfe37b216f3ab3d569e10ff88d96102013d99881f9160db1,"Exalted Mars (Capricorn) Aspect: Gives disciplined drive, strategic action, and victory related to the aspected houses.",p62-64,BPHS_GCS,2025-09-23T10:47:26.997425,sign_trait,,"career_public_life,core_self_vitality","Identity & Personality,Prominence & Governance,Purpose & Direction","authority_leadership,life_path_purpose,self_identity_character","{""type"": ""sign_trait"", ""sign"": ""Capricorn"", ""element"": ""Earth"", ""planet_name"": ""Mars"", ""house"": null, ""modality"": ""Cardinal"", ""ruler"": ""Saturn""}","When Mars is exalted in Capricorn, it bestows a disciplined drive, strategic action, and success related to the houses it aspects. (Additional Context: Mars's fiery energy is channeled effectively in the grounded and ambitious sign of Capricorn. This placement can lead to significant achievements in career and public life, but also requires careful management of aggression and impulsiveness.)"
9e70812dce8948cb1b88bd6c99c86bb621422bfbbf64429a97ab8eb9cc960a57,"Exalted Mars (Capricorn) Aspect: Gives disciplined drive, strategic action, and victory related to the aspected houses.",p62-64,BPHS_GCS,2025-09-23T10:47:26.997428,aspect,,career_public_life,Prominence & Governance,authority_leadership,"{""type"": ""aspect"", ""source_planet"": ""Mars"", ""target_house"": null, ""relative_aspect_number"": null, ""planet_nature"": null, ""source_sign"": ""Capricorn"", ""target_sign"": null, ""strength"": ""Exalted""}","An exalted Mars in Capricorn gives a disciplined drive, strategic action, and success related to the houses it aspects. (Additional Context: Mars's exaltation in Capricorn amplifies its focus and effectiveness, suggesting themes of ambition, leadership, and overcoming challenges. The aspect's influence will manifest differently depending on the specific houses involved.)"
a08b812f510b7151518a278ba2ae6cc77884490344a31bfe47dadc6bb6860cb0,"Exalted Mars (Capricorn) Aspect: Gives disciplined drive, strategic action, and victory related to the aspected houses.",p62-64,BPHS_GCS,2025-09-23T10:47:26.997436,planet_profile,,career_public_life,Prominence & Governance,authority_leadership,"{""type"": ""planet_profile"", ""planet_name"": ""Mars"", ""house"": null, ""aspects_house"": null, ""karaka_for"": null, ""state"": ""Exalted"", ""sign"": ""Capricorn"", ""friends"": null, ""enemies"": null, ""neutral_to"": null}","When Mars is exalted in Capricorn, it gives a disciplined drive, strategic action, and success related to the houses it aspects. (Additional Context: Mars's exaltation in Capricorn can signify ambition, leadership, and overcoming obstacles through perseverance.  This placement may also indicate a focus on career, public image, and achieving recognition.)"
66f43bdcfb4716548ec8145865ea4866c071470e4193c10bb985487805e77a2c,"Exalted Mercury (Virgo) Aspect: Provides clear reasoning, analytical skill, and benefits through communication in the aspected house.",p62-64,BPHS_GCS,2025-09-23T10:47:26.997683,planet_profile,,"career_public_life,learning_education_creativity","Profession & Field,Skills & Creativity","communication_media_publishing,intellectual_skills,writing_expression","{""type"": ""planet_profile"", ""planet_name"": ""Mercury"", ""house"": null, ""aspects_house"": null, ""karaka_for"": null, ""state"": ""Exalted"", ""sign"": ""Virgo"", ""friends"": null, ""enemies"": null, ""neutral_to"": null}","An exalted Mercury in Virgo provides enhanced mental clarity, analytical abilities, and communication skills, benefiting the areas of life represented by the house it aspects. (Additional Context: Mercury's exaltation in Virgo suggests a strong emphasis on intellect and details.  This placement may lead to meticulousness and an aptitude for critical thinking.  The aspect from Mercury in Virgo to another house will enhance communication and analytical skills related to that house's significations.)"
decccf9911b104d12e9562175726b64789f9eb79001b875c2497c20ece727bec,"Exalted Mercury (Virgo) Aspect: Provides clear reasoning, analytical skill, and benefits through communication in the aspected house.",p62-64,BPHS_GCS,2025-09-23T10:47:26.997680,house_profile,,"career_public_life,learning_education_creativity","Profession & Field,Skills & Creativity","communication_media_publishing,intellectual_skills,writing_expression","{""type"": ""house_profile"", ""house"": null, ""planet_in_house"": null, ""aspected_by_planet"": ""Mercury"", ""state"": ""Exalted"", ""classifications"": [], ""karakas"": [], ""significations"": [""clear reasoning"", ""analytical skill"", ""benefits through communication""]}","An exalted Mercury in Virgo provides clear reasoning, analytical skills, and benefits through communication to the house it aspects. (Additional Context: Mercury's exaltation in Virgo amplifies its intellectual and communicative strengths.  The aspect suggests positive mental influences and potential for success in fields requiring sharp intellect and communication skills. The specific effects will depend on the house aspected and any other planetary influences.)"
3b96c436946e492d0053c83f0e2872bc9b5af6ee113084535d4cbcf858178116,"Exalted Mercury (Virgo) Aspect: Provides clear reasoning, analytical skill, and benefits through communication in the aspected house.",p62-64,BPHS_GCS,2025-09-23T10:47:26.997672,sign_trait,,"career_public_life,learning_education_creativity","Formal Education,Profession & Field,Skills & Creativity","communication_media_publishing,intellectual_skills,research_academic_success,writing_expression","{""type"": ""sign_trait"", ""sign"": ""Virgo"", ""element"": ""Earth"", ""planet_name"": ""Mercury"", ""house"": null, ""modality"": ""Mutable"", ""ruler"": ""Mercury""}","An exalted Mercury in Virgo provides enhanced mental clarity, analytical abilities, and communication skills, benefiting the area of life (house) it influences. (Additional Context: Mercury's exaltation in Virgo suggests a strong emphasis on intellect and details.  Individuals with this placement may excel in fields requiring precision and communication. They may also find success through writing, teaching, or research.  The specific house where Mercury is placed will determine the areas of life where these strengths are most prominent.)"
d04957b98ce99a7512efcb3fc10fc571a5694893b7eb01c874fd95647ca26821,"Exalted Mercury (Virgo) Aspect: Provides clear reasoning, analytical skill, and benefits through communication in the aspected house.",p62-64,BPHS_GCS,2025-09-23T10:47:26.997676,aspect,,"career_public_life,learning_education_creativity","Profession & Field,Skills & Creativity","communication_media_publishing,intellectual_skills,writing_expression","{""type"": ""aspect"", ""source_planet"": ""Mercury"", ""target_house"": null, ""relative_aspect_number"": null, ""planet_nature"": null, ""source_sign"": ""Virgo"", ""target_sign"": null, ""strength"": ""Exalted""}","An exalted Mercury in Virgo provides clear reasoning, analytical skills, and communication benefits to the house it aspects. (Additional Context: Mercury's exaltation in Virgo amplifies its intellectual and communicative powers.  This aspect suggests a strong ability to process information, articulate thoughts effectively, and potentially excel in fields requiring analytical skills. The specific house aspected by Mercury will determine the area of life where these benefits are most prominent.)"
f8408634fa861e9e6b12dd2889fc3c81e3bd29ff1e116d1d67bd7fe3d88206db,"Exalted Saturn (Libra) Aspect: Creates justice, stability, discipline, and
long-term success in the aspected houses.",p62-64,BPHS_GCS,2025-09-23T10:47:26.997993,sign_trait,,Foundational Concepts,Astrological Principles,general_principle,"{""type"": ""sign_trait"", ""sign"": ""Libra"", ""element"": ""Air"", ""planet_name"": ""Saturn"", ""house"": null, ""modality"": ""Cardinal"", ""ruler"": ""Venus""}","Saturn, when exalted in Libra, brings positive effects to the houses it aspects. These effects include enhanced justice, stability, discipline, and the potential for long-term success. (Additional Context: Saturn's exaltation in Libra suggests a strong emphasis on fairness and balance.  The aspects of an exalted Saturn can bring about karmic rewards related to hard work and discipline.  Individuals with this placement may find success in areas related to law, structure, or social justice.)"
2c2dc2828414cc0a6b378ffedfc69e782d60d03dcb3b977b55393ac40a5fea4f,"Exalted Saturn (Libra) Aspect: Creates justice, stability, discipline, and
long-term success in the aspected houses.",p62-64,BPHS_GCS,2025-09-23T10:47:26.997998,aspect,,Foundational Concepts,Astrological Principles,general_principle,"{""type"": ""aspect"", ""source_planet"": ""Saturn"", ""target_house"": null, ""relative_aspect_number"": null, ""planet_nature"": null, ""source_sign"": ""Libra"", ""target_sign"": null, ""strength"": ""Exalted""}","An exalted Saturn in Libra creates justice, stability, discipline, and long-term success in the houses it aspects. (Additional Context: Saturn's exaltation in Libra suggests a strong emphasis on fairness and balance.  The aspect's influence could manifest as karmic lessons related to responsibility and structure. Individuals may experience delays but ultimately achieve lasting results through diligence and adherence to ethical principles.)"
02286cb332d06cc1a76ad20d6574e735b79d77825a0fc15190f8daa575230f33,"Exalted Saturn (Libra) Aspect: Creates justice, stability, discipline, and
long-term success in the aspected houses.",p62-64,BPHS_GCS,2025-09-23T10:47:26.998001,house_profile,,other,Other,other,"{""type"": ""house_profile"", ""house"": null, ""planet_in_house"": null, ""aspected_by_planet"": ""Saturn"", ""state"": ""Exalted"", ""classifications"": [], ""karakas"": [], ""significations"": [""justice"", ""stability"", ""discipline"", ""long_term_success""]}","An exalted Saturn in Libra aspecting a house brings qualities of justice, stability, discipline, and long-term success to the matters of that house. (Additional Context: Saturn's exaltation in Libra suggests a strong emphasis on fairness and balanced judgment. The aspect's influence could manifest as a delay in achieving success, but the results are likely to be enduring and well-deserved.  The specific areas of life affected will depend on the house receiving Saturn's aspect.)"
c50bbfbc329072cdeb7a6acfdee6d63a59db13817b0633a81b30c37b29c4b4b6,"Exalted Saturn (Libra) Aspect: Creates justice, stability, discipline, and
long-term success in the aspected houses.",p62-64,BPHS_GCS,2025-09-23T10:47:26.998007,planet_profile,,career_public_life,"Career Dynamics,Prominence & Governance","authority_leadership,career_stability_longevity,public_image_reputation","{""type"": ""planet_profile"", ""planet_name"": ""Saturn"", ""house"": null, ""aspects_house"": null, ""karaka_for"": null, ""state"": ""Exalted"", ""sign"": ""Libra"", ""friends"": null, ""enemies"": null, ""neutral_to"": null}","Saturn, when exalted in Libra, brings positive influences related to justice, stability, discipline, and long-term success to the houses it aspects. (Additional Context: Saturn's exaltation in Libra suggests a strong emphasis on fairness and balance. This placement can lead to individuals who are just, responsible, and committed to upholding ethical principles.  They may excel in careers related to law, diplomacy, or social justice.  The aspect of exalted Saturn can also bring about delays or challenges, but ultimately leads to lasting achievements through perseverance and hard work.)"
492d787a7320c38d24a7d42818e181e3cb04ea76e2660e25551a8570b20b6372,"Exalted Saturn (Libra) Aspect: Creates justice, stability, discipline, and long-term success in the aspected houses.",p62-64,BPHS_GCS,2025-09-23T10:47:26.998245,sign_trait,,Foundational Concepts,Astrological Principles,general_principle,"{""type"": ""sign_trait"", ""sign"": ""Libra"", ""element"": ""Air"", ""planet_name"": ""Saturn"", ""house"": null, ""modality"": ""Cardinal"", ""ruler"": ""Venus""}","Saturn, when exalted in Libra, brings positive effects to the houses it aspects. These effects include enhanced justice, stability, discipline, and the potential for long-term success. (Additional Context: Saturn's exaltation in Libra suggests a strong emphasis on fairness and balance.  The aspects of this placement could indicate karmic rewards related to past life actions focused on justice and equitable dealings.  It also suggests potential for leadership roles within structured environments.)"
f7aa38d0ec6947d3ca1809c2ff89e2c0402d41acf24e28b74fa9786bb858e888,"Exalted Saturn (Libra) Aspect: Creates justice, stability, discipline, and long-term success in the aspected houses.",p62-64,BPHS_GCS,2025-09-23T10:47:26.998250,aspect,,Foundational Concepts,Astrological Principles,general_principle,"{""type"": ""aspect"", ""source_planet"": ""Saturn"", ""target_house"": null, ""relative_aspect_number"": null, ""planet_nature"": null, ""source_sign"": ""Libra"", ""target_sign"": null, ""strength"": ""Exalted""}","An exalted Saturn in Libra creates justice, stability, discipline, and long-term success in the houses it aspects. (Additional Context: Saturn's exaltation in Libra suggests a strong emphasis on fairness and balance.  The aspect's influence could manifest as karmic lessons related to responsibility and structure, leading to eventual rewards.  The houses receiving this aspect will likely experience delays but ultimately benefit from Saturn's stabilizing and grounding energy.)"
4b572cf814f1b1d6c6f369414c90efd1ed6432bd53dcb7dcaf79239eebfc8cc4,"Exalted Saturn (Libra) Aspect: Creates justice, stability, discipline, and long-term success in the aspected houses.",p62-64,BPHS_GCS,2025-09-23T10:47:26.998253,house_profile,,other,Other,other,"{""type"": ""house_profile"", ""house"": null, ""planet_in_house"": null, ""aspected_by_planet"": ""Saturn"", ""state"": ""Exalted"", ""classifications"": [], ""karakas"": [], ""significations"": [""justice"", ""stability"", ""discipline"", ""long_term_success""]}","An exalted Saturn in Libra aspecting a house brings qualities of justice, stability, discipline, and long-term success to the matters of that house. (Additional Context: Saturn's exaltation in Libra suggests a strong emphasis on fairness and balanced judgment.  The aspect's influence could manifest as a delay in achieving success, but the results are likely to be enduring and well-deserved.  The specific areas of life affected will depend on the house receiving Saturn's aspect.)"
084a8327c86ed1d5cba13edab1935228a8f4857d8d193a19f92db0745d67bcf5,"Exalted Saturn (Libra) Aspect: Creates justice, stability, discipline, and long-term success in the aspected houses.",p62-64,BPHS_GCS,2025-09-23T10:47:26.998257,planet_profile,,Foundational Concepts,Astrological Principles,general_principle,"{""type"": ""planet_profile"", ""planet_name"": ""Saturn"", ""house"": null, ""aspects_house"": null, ""karaka_for"": null, ""state"": ""Exalted"", ""sign"": ""Libra"", ""friends"": null, ""enemies"": null, ""neutral_to"": null}","Saturn, when exalted in Libra, brings positive effects through its aspects to other houses, promoting justice, stability, discipline, and long-term success in those areas. (Additional Context: Saturn's exaltation in Libra suggests a strong emphasis on fairness and balance in the individual's life. The aspects of this placement can indicate areas where they may experience growth and achievement through structured effort and adherence to principles.)"
66a7a7fa084724324b22387955d4b3a80b52c124396bbf4ed375b1cb2e91e0a8,"Exalted Venus (Pisces) Aspect: Bestows refined taste, artistic talent, compassion, and divine love in the affairs of the aspected house.",p62-64,BPHS_GCS,2025-09-23T10:47:26.998512,planet_profile,,travel_dharma_spirituality,Dharma & Spiritual Path,spiritual_growth,"{""type"": ""planet_profile"", ""planet_name"": ""Venus"", ""house"": null, ""aspects_house"": null, ""karaka_for"": null, ""state"": ""Exalted"", ""sign"": ""Pisces"", ""friends"": null, ""enemies"": null, ""neutral_to"": null}","An exalted Venus in Pisces influences the house it aspects, bestowing refined taste, artistic talent, compassion, and divine love. (Additional Context: Venus's exaltation in Pisces amplifies its natural significations of love, beauty, and creativity. This placement can enhance spiritual and artistic pursuits, promoting a deep connection with divine love and compassion.  The aspect from Venus in Pisces can bring blessings and positive transformations to the area of life represented by the aspected house.)"
8bb8ddd380a557b4f0638a56cdd793721bdbfc625b1daf2008064a798d106a5b,"Exalted Venus (Pisces) Aspect: Bestows refined taste, artistic talent, compassion, and divine love in the affairs of the aspected house.",p62-64,BPHS_GCS,2025-09-23T10:47:26.998509,house_profile,,travel_dharma_spirituality,Dharma & Spiritual Path,spiritual_growth,"{""type"": ""house_profile"", ""house"": null, ""planet_in_house"": null, ""aspected_by_planet"": ""Venus"", ""state"": ""exalted"", ""classifications"": [""planet"", ""aspect""], ""karakas"": [], ""significations"": [""refined taste"", ""artistic talent"", ""compassion"", ""divine love""]}","An exalted Venus in Pisces aspecting a house bestows refined taste, artistic talent, compassion, and divine love in the matters related to that house. (Additional Context: Venus's exaltation in Pisces amplifies its natural beneficence, signifying enhanced creativity, receptivity, and spiritual inclinations. The house aspected by Venus will likely experience increased harmony, beauty, and artistic expression.)"
f6175560cdc0e00ca75baa427a6c2a229a277d5b6eb9b3e93616ec878d9e2b4c,"Exalted Venus (Pisces) Aspect: Bestows refined taste, artistic talent, compassion, and divine love in the affairs of the aspected house.",p62-64,BPHS_GCS,2025-09-23T10:47:26.998502,sign_trait,,"relationships,travel_dharma_spirituality","Dharma & Spiritual Path,Romantic & Marriage","love_relationships,spiritual_growth","{""type"": ""sign_trait"", ""sign"": ""Pisces"", ""element"": ""water"", ""planet_name"": ""Venus"", ""house"": null, ""modality"": ""mutable"", ""ruler"": ""Jupiter""}","Venus in Pisces brings artistic talent, compassion, and divine love to the house it aspects. (Additional Context: Exalted Venus in Pisces suggests a strong spiritual or artistic inclination. The individual may find fulfillment through creative pursuits or selfless service. Their love nature is likely to be idealistic and compassionate.)"
2175224c8b6847f922d0143cb85f71a559f84c4c0579371dfe6ce5710991dc7b,"Exalted Venus (Pisces) Aspect: Bestows refined taste, artistic talent, compassion, and divine love in the affairs of the aspected house.",p62-64,BPHS_GCS,2025-09-23T10:47:26.998505,aspect,,travel_dharma_spirituality,Dharma & Spiritual Path,spiritual_growth,"{""type"": ""aspect"", ""source_planet"": ""Venus"", ""target_house"": null, ""relative_aspect_number"": null, ""planet_nature"": null, ""source_sign"": ""Pisces"", ""target_sign"": null, ""strength"": ""Exalted""}","An exalted Venus in Pisces aspecting another house bestows refined taste, artistic talent, compassion, and divine love in the matters of the house aspected. (Additional Context: Venus's exaltation in Pisces amplifies its watery, compassionate nature. This aspect can enhance creativity, intuition, and spiritual pursuits related to the aspected house.  The individual may experience heightened sensitivity and empathy in these areas.)"
78657f7c1c7516bec844ab540c274cf4b64f89b0e9bb98372d5278b07508fb6b,"Expands the possibilities of the aspected houses, bestowing wisdom, fortune,
opportunity, and grace.",p62-64,BPHS_GCS,2025-09-23T10:47:26.998744,aspect,,other,Other,other,"{""type"": ""aspect"", ""source_planet"": null, ""target_house"": null, ""relative_aspect_number"": null, ""planet_nature"": null, ""source_sign"": null, ""target_sign"": null, ""strength"": null}","This aspect expands the possibilities of the houses it influences, bringing wisdom, fortune, opportunity, and grace. (Additional Context: Favorable aspects, like trines and sextiles from benefic planets such as Jupiter or Venus, are likely to create these effects. The specific houses involved would determine the areas of life where these benefits manifest.)"
efbab917801810f256aba1ebad48fc393b83f75e9681a394f2118c17c2ccfaf0,"Expands the possibilities of the aspected houses, bestowing wisdom, fortune,
opportunity, and grace.",p62-64,BPHS_GCS,2025-09-23T10:47:26.998752,house_profile,,other,Other,other,"{""type"": ""house_profile"", ""house"": null, ""planet_in_house"": null, ""aspected_by_planet"": null, ""state"": null, ""classifications"": null, ""karakas"": null, ""significations"": [""wisdom"", ""fortune"", ""opportunity"", ""grace""]}","Planetary aspects to a house expand its possibilities, increasing wisdom, fortune, opportunity, and grace. (Additional Context: Favorable planetary aspects generally enhance the positive qualities of the house and the planets involved in the aspect. The specific nature of the planets involved would determine the most prominent effects.)"
1aede7ce46dbacefb4649d46193754fe6d01474f46f8c9c72bded7a7653d5851,"Gives disciplined drive, strategic action,
and victory related to the aspected houses.",p62-64,BPHS_GCS,2025-09-23T10:47:26.998993,aspect,,other,Other,other,"{""type"": ""aspect"", ""source_planet"": null, ""target_house"": null, ""relative_aspect_number"": null, ""planet_nature"": null, ""source_sign"": null, ""target_sign"": null, ""strength"": null}","This aspect gives an individual disciplined drive, strategic action, and success in areas related to the houses involved."
09d590d889070af81e211e8f63e8945ea778499755fe4d601901032c7fd7a3d8,"Gives disciplined drive, strategic action,
and victory related to the aspected houses.",p62-64,BPHS_GCS,2025-09-23T10:47:26.998997,house_profile,,other,Other,other,"{""type"": ""house_profile"", ""house"": null, ""planet_in_house"": null, ""aspected_by_planet"": null, ""state"": null, ""classifications"": null, ""karakas"": null, ""significations"": [""disciplined drive"", ""strategic action"", ""victory""]}","The aspect on a house promotes disciplined drive, strategic action, and success in the areas related to the house. (Additional Context: Favorable planetary aspects to a house can enhance the positive significations of that house, leading to achievement and recognition.  However, challenging aspects may create obstacles or require more effort to achieve desired outcomes. The specific results depend on the planets involved and the nature of the aspect.)"
ca37757896f16037a779fc5eaee842e767e23cee3ecf90bd44449dc190218e5c,"In Vedic Astrology, an aspect (Drishti) is the ""sight"" or influence that a planet casts on another house or planet. It is a primary method for determining how planetary energies interact across the chart.",p62-64,BPHS_GCS,2025-09-23T10:47:26.999241,varga,,Foundational Concepts,Astrological Principles,"classification,definition,general_principle","{""type"": ""varga"", ""varga"": null, ""varga_name"": null, ""domain"": [""Astrological Principles""], ""planet_name"": null, ""sign"": null}","In Vedic Astrology, a planetary aspect (Drishti), or influence, is a key factor in determining the interaction of planetary energies within a birth chart."
90b4cf9bd86426955880ef02c71cc90a8e70bf5aa0f412fb90be61ccc8470f6f,"In Vedic Astrology, an aspect (Drishti) is the ""sight"" or influence that a planet casts on another house or planet. It is a primary method for determining how planetary energies interact across the chart.",p62-64,BPHS_GCS,2025-09-23T10:47:26.999247,aspect,,Foundational Concepts,Astrological Principles,"classification,definition,general_principle","{""type"": ""aspect"", ""source_planet"": null, ""target_house"": null, ""relative_aspect_number"": null, ""planet_nature"": null, ""source_sign"": null, ""target_sign"": null, ""strength"": null}","In Vedic Astrology, a planetary aspect (Drishti) refers to the influence a planet exerts on other houses or planets in a birth chart. This interaction is key to understanding the combined effects of planetary energies."
1ad24d16643ff396811c6f54f57b1d06fc25890eea7e10e3723fc8de264fcbfe,"In Vedic Astrology, an aspect (Drishti) is the ""sight"" or influence that a planet casts on another house or planet. It is a primary method for determining how planetary energies interact across the chart.",p62-64,BPHS_GCS,2025-09-23T10:47:26.999250,house_profile,,Foundational Concepts,Astrological Principles,"classification,definition,general_principle","{""type"": ""house_profile"", ""house"": null, ""planet_in_house"": null, ""aspected_by_planet"": null, ""state"": null, ""classifications"": null, ""karakas"": null, ""significations"": null}","In Vedic Astrology, planetary influences, known as aspects (Drishti), are determined by the ""sight"" a planet casts on other houses or planets. This interaction is key to understanding the combined energies within a birth chart."
5a51a543faab8b91ea7409db2c53ba381fad41260c081cd4eb9eb58ff4352fb8,"In Vedic Astrology, an aspect (Drishti) is the ""sight"" or influence that a planet casts on another house or planet. It is a primary method for determining how planetary energies interact across the chart.",p62-64,BPHS_GCS,2025-09-23T10:47:26.999254,planet_profile,,Foundational Concepts,Astrological Principles,"classification,definition,general_principle","{""type"": ""planet_profile"", ""planet_name"": null, ""house"": null, ""aspects_house"": null, ""karaka_for"": null, ""state"": null, ""sign"": null, ""friends"": null, ""enemies"": null, ""neutral_to"": null}","In Vedic Astrology, a planetary aspect (Drishti) refers to the influence a planet exerts on other houses or planets in a birth chart. This interaction is key to understanding the combined effects of planetary energies."
181659a81b815830faac27de9a7cd32e75011f546e0e1296d5e9d8d5b10d56ae,Jupiter (Guru),p62-64,BPHS_GCS,2025-09-23T10:47:26.999376,planet_profile,,other,Other,other,"{""type"": ""planet_profile"", ""planet_name"": ""Jupiter"", ""house"": null, ""aspects_house"": null, ""karaka_for"": null, ""state"": null, ""sign"": null, ""friends"": null, ""enemies"": null, ""neutral_to"": null}","This text focuses on the planet Jupiter, also known as Guru. (Additional Context: Jupiter is considered a benefic planet in Vedic astrology, representing wisdom, knowledge, expansion, and good fortune. Its placement in a birth chart can indicate areas of abundance and growth.)"
6335d542eec5017551bf0711b17cc6e7bc617630a00d327eecfc3b45ea4a3a35,Mars (Mangala),p62-64,BPHS_GCS,2025-09-23T10:47:26.999498,planet_profile,,other,Other,other,"{""type"": ""planet_profile"", ""planet_name"": ""Mars"", ""house"": null, ""aspects_house"": null, ""karaka_for"": null, ""state"": null, ""sign"": null, ""friends"": null, ""enemies"": null, ""neutral_to"": null}","This text focuses on Mars, also known as Mangala. (Additional Context: In Vedic astrology, Mars is considered a malefic planet but also signifies energy, courage, and action. Its placement in a birth chart can indicate areas of ambition, conflict, and how one asserts themselves.)"
065e70799437842fcf0ee9c5b5ef4f5a54a0cc714d28adac3bb1f339255888c2,"May lead to poor judgment,
misplaced optimism, or moral compromises related to the aspected houses.",p62-64,BPHS_GCS,2025-09-23T10:47:26.999733,house_profile,,other,Other,other,"{""type"": ""house_profile"", ""house"": null, ""planet_in_house"": null, ""aspected_by_planet"": null, ""state"": null, ""classifications"": null, ""karakas"": null, ""significations"": null}","Aspects to a house can lead to poor judgment, excessive optimism, and moral compromises related to the matters of that house."
2198d5ddd1d3bd9a303f15e77eed28406e56938096ff4eba49fe8d5438f2e49d,"May lead to poor judgment,
misplaced optimism, or moral compromises related to the aspected houses.",p62-64,BPHS_GCS,2025-09-23T10:47:26.999727,aspect,,other,Other,other,"{""type"": ""aspect"", ""source_planet"": null, ""target_house"": null, ""relative_aspect_number"": null, ""planet_nature"": null, ""source_sign"": null, ""target_sign"": null, ""strength"": null}","The aspect's influence can result in poor judgment, excessive optimism, and moral compromises in areas related to the houses involved. (Additional Context: This could indicate a challenging aspect from a planet like Jupiter, known for its expansive nature, or Neptune, associated with illusion and delusion.  The specific houses impacted would determine the areas of life where these challenges manifest.)"
f3c7fa79084c7be79d5821d218ad64c72b672fd4c251ec10308631455d2b3a5b,Mercury (Budha),p62-64,BPHS_GCS,2025-09-23T10:47:26.999864,planet_profile,,other,Other,other,"{""type"": ""planet_profile"", ""planet_name"": ""Mercury"", ""house"": null, ""aspects_house"": null, ""karaka_for"": null, ""state"": null, ""sign"": null, ""friends"": null, ""enemies"": null, ""neutral_to"": null}","This text identifies the planet Mercury, also known as Budha. (Additional Context: In astrology, Mercury is associated with communication, intellect, and commerce.  Its placement in a birth chart can indicate a person's mental agility, learning style, and business acumen.)"
9eaff7c25ff7ba5405b035aa0db869307717f36fa9532fc41b7cd0e8f7b2b867,"Moon (Chandra)
● Aspects: Casts a full aspect on the 7th house from its position.
● Effects: Influences the aspected house with emotion, care, and public perception. It
nourishes or creates instability depending on its phase (waxing/waning) and dignity.
○ Exalted Moon (Taurus) Aspect: Provides comfort, popularity, emotional",p62-64,BPHS_GCS,2025-09-23T10:47:27.000368,sign_trait,,relationships,"Public Interaction,Romantic & Marriage","love_relationships,social_influence_presence","{""type"": ""sign_trait"", ""sign"": ""Taurus"", ""element"": null, ""planet_name"": ""Moon"", ""house"": 7, ""modality"": null, ""ruler"": null}","The Moon, when exalted in Taurus, casts a full aspect on the 7th house from its position. This aspect influences the 7th house with heightened emotions, care, and public perception, potentially leading to comfort and popularity. (Additional Context: An exalted Moon aspecting the 7th house suggests enhanced intuition and emotional connection in partnerships.  The individual may be drawn to creative fields or public roles that involve nurturing or emotional expression.)"
b68945ce7a98c48a0711197b7a2014e5f07420e9bfb39d770c382e45439e3d26,"Moon (Chandra)
● Aspects: Casts a full aspect on the 7th house from its position.
● Effects: Influences the aspected house with emotion, care, and public perception. It
nourishes or creates instability depending on its phase (waxing/waning) and dignity.
○ Exalted Moon (Taurus) Aspect: Provides comfort, popularity, emotional",p62-64,BPHS_GCS,2025-09-23T10:47:27.000374,aspect,,relationships,Public Interaction,social_influence_presence,"{""type"": ""aspect"", ""source_planet"": ""Moon"", ""target_house"": 7, ""relative_aspect_number"": 7, ""planet_nature"": null, ""source_sign"": null, ""target_sign"": null, ""strength"": null}","The Moon casts a full aspect on the 7th house from its position. This influences the 7th house with emotions, care, and public perception, bringing either nourishment or instability depending on the Moon's phase (waxing/waning) and dignity. An exalted Moon in Taurus provides comfort, popularity, and emotional stability. (Additional Context: An exalted Moon aspecting the 7th house can signify strong emotional fulfillment in partnerships and public life. However, the specific effects depend on the Moon's phase and other planetary influences.)"
17ca4b4d0b192163ec4386dc4084267f4f6ebb418a655d8927cc6ad7cbdffe85,"Moon (Chandra)
● Aspects: Casts a full aspect on the 7th house from its position.
● Effects: Influences the aspected house with emotion, care, and public perception. It
nourishes or creates instability depending on its phase (waxing/waning) and dignity.
○ Exalted Moon (Taurus) Aspect: Provides comfort, popularity, emotional",p62-64,BPHS_GCS,2025-09-23T10:47:27.000377,house_profile,,relationships,"Public Interaction,Romantic & Marriage",social_influence_presence,"{""type"": ""house_profile"", ""house"": 7, ""planet_in_house"": null, ""aspected_by_planet"": ""Moon"", ""state"": ""exalted"", ""classifications"": [], ""karakas"": [], ""significations"": [""comfort"", ""popularity"", ""emotional""]}","The Moon casts a full aspect on the 7th house. This influences the 7th house with emotion, care, and public perception.  An exalted Moon in Taurus provides comfort, popularity, and emotional stability to the house aspected. (Additional Context: The Moon's aspect on the 7th house can impact relationships and partnerships. An exalted Moon's aspect can bring emotional fulfillment and stability in these areas.)"
0cde53e7f25878e28db826377f84bef7e55a5df0a1f9ea5080dc0e1a2283c8e3,"Moon (Chandra)
● Aspects: Casts a full aspect on the 7th house from its position.
● Effects: Influences the aspected house with emotion, care, and public perception. It
nourishes or creates instability depending on its phase (waxing/waning) and dignity.
○ Exalted Moon (Taurus) Aspect: Provides comfort, popularity, emotional",p62-64,BPHS_GCS,2025-09-23T10:47:27.000382,planet_profile,,"career_public_life,relationships","Prominence & Governance,Public Interaction","public_image_reputation,social_influence_presence","{""type"": ""planet_profile"", ""planet_name"": ""Moon"", ""house"": null, ""aspects_house"": 7, ""karaka_for"": null, ""state"": ""Exalted"", ""sign"": ""Taurus"", ""friends"": null, ""enemies"": null, ""neutral_to"": null}","The Moon casts a full aspect on the 7th house from its position. This influences the aspected house with emotion, care, and public perception.  The Moon's influence can be nourishing or create instability depending on its phase (waxing/waning) and dignity. An exalted Moon in Taurus provides comfort, popularity, and emotional stability. (Additional Context: An exalted Moon aspecting the 7th house suggests strong emotional fulfillment in partnerships and public life.  The individual may be popular and well-received by the public.  However, the Moon's influence on the 7th house can also bring emotional fluctuations in relationships.)"
c4bb4de4c77ad2f1f51e3ea519d370906e60b5e9126d9b697e3e8a01cb9fee0c,"Moon (Chandra)
● Aspects: Casts a full aspect on the 7th house from its position.
● Effects: Influences the aspected house with emotion, care, and public perception. It nourishes or creates instability depending on its phase (waxing/waning) and dignity.
○ Exalted Moon (Taurus) Aspect: Provides comfort, popularity, emotional",p62-64,BPHS_GCS,2025-09-23T10:47:27.000847,sign_trait,,relationships,Public Interaction,social_influence_presence,"{""type"": ""sign_trait"", ""sign"": ""Taurus"", ""element"": null, ""planet_name"": ""Moon"", ""house"": 7, ""modality"": null, ""ruler"": null}","The Moon casts a full aspect on the 7th house from its position. This influences the aspected house with emotion, care, and public perception.  The Moon's influence can be nourishing or create instability depending on its phase (waxing/waning) and dignity. An exalted Moon in Taurus provides comfort, popularity, and emotional stability. (Additional Context: An exalted Moon aspecting the 7th house suggests beneficial effects on partnerships and public image.  The individual may be popular, well-received, and emotionally intelligent in their interactions. However, the specific effects will depend on the overall chart and other planetary influences.)"
855af813f4f607eb6cd8efcd48cfa4878f69638926c5cb0bdb41e01cb0e6a5b0,"Moon (Chandra)
● Aspects: Casts a full aspect on the 7th house from its position.
● Effects: Influences the aspected house with emotion, care, and public perception. It nourishes or creates instability depending on its phase (waxing/waning) and dignity.
○ Exalted Moon (Taurus) Aspect: Provides comfort, popularity, emotional",p62-64,BPHS_GCS,2025-09-23T10:47:27.000852,aspect,,relationships,Public Interaction,social_influence_presence,"{""type"": ""aspect"", ""source_planet"": ""Moon"", ""target_house"": 7, ""relative_aspect_number"": 7, ""planet_nature"": null, ""source_sign"": null, ""target_sign"": null, ""strength"": null}","The Moon casts a full aspect on the 7th house from its position. This influences the 7th house with emotions, care, and public perception, bringing either nourishment or instability depending on the Moon's phase and dignity. An exalted Moon in Taurus provides comfort, popularity, and emotional stability. (Additional Context: The Moon's aspect on the 7th house suggests a strong focus on relationships, partnerships, and public image.  An exalted Moon aspecting the 7th house can create a harmonious and fulfilling experience in these areas, while a debilitated Moon could lead to emotional turbulence and relationship challenges. The specific effects will depend on the Moon's sign, nakshatra, and other planetary influences.)"
094198f98cbb505757f146a6b2af83cc65d1fc339417c617abb29af2b427f0e8,"Moon (Chandra)
● Aspects: Casts a full aspect on the 7th house from its position.
● Effects: Influences the aspected house with emotion, care, and public perception. It nourishes or creates instability depending on its phase (waxing/waning) and dignity.
○ Exalted Moon (Taurus) Aspect: Provides comfort, popularity, emotional",p62-64,BPHS_GCS,2025-09-23T10:47:27.000856,house_profile,,relationships,"Public Interaction,Romantic & Marriage","marriage_spouse,social_influence_presence","{""type"": ""house_profile"", ""house"": 7, ""planet_in_house"": null, ""aspected_by_planet"": ""Moon"", ""state"": ""Exalted"", ""classifications"": [], ""karakas"": [], ""significations"": [""comfort"", ""popularity"", ""emotional""]}","The Moon casts a full aspect on the 7th house. This influences the 7th house with emotion, care, and public perception.  The Moon's influence can be nourishing or destabilizing depending on its phase (waxing/waning) and dignity. An exalted Moon (in Taurus) aspecting the 7th house provides comfort, popularity, and emotional stability. (Additional Context: In Vedic astrology, the Moon represents the mind, emotions, and the mother. Its placement and aspects in a birth chart significantly influence an individual's emotional nature and relationships. The 7th house signifies partnerships, marriage, and public image.  A strong Moon aspecting the 7th house can indicate a harmonious and fulfilling married life.)"
4177a8c1035da21b3c0188f8e2e47d5576614d0568cba0fa8de980d9220584f3,"Moon (Chandra)
● Aspects: Casts a full aspect on the 7th house from its position.
● Effects: Influences the aspected house with emotion, care, and public perception. It nourishes or creates instability depending on its phase (waxing/waning) and dignity.
○ Exalted Moon (Taurus) Aspect: Provides comfort, popularity, emotional",p62-64,BPHS_GCS,2025-09-23T10:47:27.000862,planet_profile,,"career_public_life,relationships","Prominence & Governance,Public Interaction","public_image_reputation,social_influence_presence","{""type"": ""planet_profile"", ""planet_name"": ""Moon"", ""house"": null, ""aspects_house"": 7, ""karaka_for"": null, ""state"": ""Exalted"", ""sign"": ""Taurus"", ""friends"": null, ""enemies"": null, ""neutral_to"": null}","The Moon casts a full aspect on the 7th house from its position. This influences the aspected house with emotion, care, and public perception.  The Moon's influence can be nourishing or create instability depending on its phase (waxing/waning) and dignity. An exalted Moon in Taurus provides comfort, popularity, and emotional well-being. (Additional Context: An exalted Moon aspecting the 7th house suggests strong emotional fulfillment in partnerships and public life.  The individual may be popular and well-received by the public.  However, the Moon's influence on the 7th house can also bring emotional fluctuations in relationships and a need for emotional security from partners.)"
728a84e4fa659be68ce15651773355cc08293960a21f1993c2877add5d8f0684,Pisces (Meena),p62-64,BPHS_GCS,2025-09-23T10:47:27.001013,sign_trait,,Foundational Concepts,Astrological Principles,classification,"{""type"": ""sign_trait"", ""sign"": ""Pisces"", ""element"": ""Water"", ""planet_name"": ""Jupiter, Neptune"", ""house"": ""12"", ""modality"": ""Mutable"", ""ruler"": ""Jupiter, Neptune""}","The provided text identifies the astrological sign Pisces (Meena). (Additional Context: Pisces, a water sign ruled by Jupiter and Neptune, is known for its mutable nature and association with the 12th house.  Those born under this sign are often described as compassionate, artistic, intuitive, and empathetic.  They may also be prone to escapism and idealism.)"
22528db42ceb2afb1cb4dde9960580513b9ebf2de3c67a264cf5aad3737327ab,"Provides clear reasoning, analytical skill, and
benefits through communication in the aspected house.",p62-64,BPHS_GCS,2025-09-23T10:47:27.001257,house_profile,,"career_public_life,learning_education_creativity","Profession & Field,Skills & Creativity","communication_media_publishing,intellectual_skills","{""type"": ""house_profile"", ""house"": null, ""planet_in_house"": null, ""aspected_by_planet"": null, ""state"": null, ""classifications"": null, ""karakas"": null, ""significations"": [""clear reasoning"", ""analytical skill"", ""benefits through communication""]}","The aspected house gains benefits through clear reasoning, analytical skills, and communication. (Additional Context: Benefic planetary aspects to this house could enhance intellectual abilities and create opportunities for growth through effective communication.  The specific nature of these benefits would depend on the planets involved and the house being aspected.)"
c00c504a6a8c53ecd78ac81e14bae5fa56284b18412be80de21708a4c757e5bc,"Provides clear reasoning, analytical skill, and
benefits through communication in the aspected house.",p62-64,BPHS_GCS,2025-09-23T10:47:27.001254,aspect,,"career_public_life,learning_education_creativity","Profession & Field,Skills & Creativity","communication_media_publishing,intellectual_skills,writing_expression","{""type"": ""aspect"", ""source_planet"": null, ""target_house"": null, ""relative_aspect_number"": null, ""planet_nature"": null, ""source_sign"": null, ""target_sign"": null, ""strength"": null}","The aspect enhances analytical abilities, clear reasoning, and communication skills, bringing benefits to the house it influences."
7cc7d2c84d46bf5e17d1748ea60ef5820806e4ae393523c09773fd4907153d6b,"Rahu & Ketu (The Lunar Nodes)
● Aspects (Parashari View): Both nodes cast aspects on the 5th, 7th, and 9th houses
from their positions, similar to Jupiter.
● Effects of Rahu's Aspect: Amplifies worldly desires, creates obsession, and brings a
foreign or unconventional quality to the aspected houses. Can give sudden material
gains but with instability.
● Effects of Ketu's Aspect: Creates detachment, confusion, sudden breaks, and brings
intuitive or spiritual insight to the aspected houses. It severs material attachments.",p62-64,BPHS_GCS,2025-09-23T10:47:27.002139,aspect,,doshas,Malefic Influences,"other_malefic_influences,rahu_ketu_affliction","{""type"": ""aspect"", ""source_planet"": ""Rahu"", ""target_house"": 5, ""relative_aspect_number"": 5, ""planet_nature"": ""malefic"", ""source_sign"": null, ""target_sign"": null, ""strength"": null}","Rahu and Ketu aspect the 5th, 7th, and 9th houses from their positions. Rahu's aspect amplifies desires, creates obsessions, and can bring sudden material gains with instability. Ketu's aspect creates detachment, confusion, sudden breaks, and brings spiritual insights. (Additional Context: Rahu's aspects can signify unconventional pursuits in areas related to the house it aspects. Ketu's aspects can lead to spiritual awakenings or disinterest in material matters related to the aspected house.)"
a7bf9a89d8829a82778a697d4c81e3548d9788222651adde7645f653143fee02,"Rahu & Ketu (The Lunar Nodes)
● Aspects (Parashari View): Both nodes cast aspects on the 5th, 7th, and 9th houses
from their positions, similar to Jupiter.
● Effects of Rahu's Aspect: Amplifies worldly desires, creates obsession, and brings a
foreign or unconventional quality to the aspected houses. Can give sudden material
gains but with instability.
● Effects of Ketu's Aspect: Creates detachment, confusion, sudden breaks, and brings
intuitive or spiritual insight to the aspected houses. It severs material attachments.",p62-64,BPHS_GCS,2025-09-23T10:47:27.002168,house_profile,,Foundational Concepts,Astrological Principles,other,"{""type"": ""house_profile"", ""house"": null, ""planet_in_house"": null, ""aspected_by_planet"": ""Rahu/Ketu"", ""state"": null, ""classifications"": [""effects_of_aspect""], ""karakas"": [], ""significations"": [""worldly_desires"", ""obsession"", ""foreign_influence"", ""material_gains"", ""instability"", ""detachment"", ""confusion"", ""sudden_breaks"", ""intuition"", ""spiritual_insight""]}","Rahu and Ketu aspect the 5th, 7th, and 9th houses from their positions. Rahu's aspect amplifies desires, creates obsessions, and can bring sudden material gains but with instability.  Ketu's aspect creates detachment, confusion, and brings spiritual insights. (Additional Context: Rahu's aspect on the 5th house can signify unconventional romantic relationships or speculation.  Ketu's aspect on the 9th house can indicate a break from traditional belief systems and a leaning towards spiritual exploration.)"
88532ca96e3c0b35882c0aab651aa0ae8b7d2bce84376d87d9b87dc301163282,"Rahu & Ketu (The Lunar Nodes)
● Aspects (Parashari View): Both nodes cast aspects on the 5th, 7th, and 9th houses
from their positions, similar to Jupiter.
● Effects of Rahu's Aspect: Amplifies worldly desires, creates obsession, and brings a
foreign or unconventional quality to the aspected houses. Can give sudden material
gains but with instability.
● Effects of Ketu's Aspect: Creates detachment, confusion, sudden breaks, and brings
intuitive or spiritual insight to the aspected houses. It severs material attachments.",p62-64,BPHS_GCS,2025-09-23T10:47:27.002205,planet_profile,,"doshas,karma_past_life,travel_dharma_spirituality","Dharma & Spiritual Path,Malefic Influences,Past Life Patterns","karmic_debts_lessons,rahu_ketu_affliction,spiritual_growth","{""type"": ""planet_profile"", ""planet_name"": ""Rahu & Ketu"", ""house"": null, ""aspects_house"": [5, 7, 9], ""karaka_for"": null, ""state"": null, ""sign"": null, ""friends"": null, ""enemies"": null, ""neutral_to"": null}","Rahu and Ketu, the lunar nodes, aspect the 5th, 7th, and 9th houses from their position. Rahu's aspect amplifies desires, creates obsessions, and brings a foreign element to the aspected houses, potentially leading to sudden gains but with instability.  Ketu's aspect creates detachment, confusion, and sudden breaks, bringing spiritual insights while severing material attachments. (Additional Context: In Vedic astrology, Rahu and Ketu are shadowy planets, or nodes, that represent points of karmic intersection.  Rahu is associated with worldly desires and material pursuits, while Ketu signifies spiritual liberation and detachment. Their aspects on the 5th, 7th, and 9th houses can significantly influence a person's life path, relationships, and spiritual journey.)"
973f5437bec372209abd0b116bd3cd56e59a0065dec0efcf2dc643d8095bfef3,"Saturn (Shani)
● Aspects: Casts full aspects on the 3rd, 7th, and 10th houses from its position.
● Effects: Brings discipline, realism, delay, and karmic lessons to the aspected houses. It
builds endurance and creates long-lasting structures through pressure and hard work.
○ Exalted Saturn (Libra) Aspect: Creates justice, stability, discipline, and
long-term success in the aspected houses.
○ Debilitated Saturn (Aries) Aspect: Generates frustration, disorganization,
obstacles, and struggles from misapplied effort in the aspected houses.",p62-64,BPHS_GCS,2025-09-23T10:47:27.003054,sign_trait,,Foundational Concepts,Astrological Principles,general_principle,"{""type"": ""sign_trait"", ""sign"": null, ""element"": null, ""planet_name"": ""Saturn"", ""house"": null, ""modality"": null, ""ruler"": null}","Saturn aspects the 3rd, 7th, and 10th houses from its position.  It brings discipline, realism, delay, and karmic lessons to these houses, building endurance and long-lasting structures through pressure and hard work. An exalted Saturn in Libra creates justice, stability, discipline, and long-term success in aspected houses, while a debilitated Saturn in Aries generates frustration, disorganization, obstacles, and struggles from misapplied effort. (Additional Context: Saturn's aspects can signify delays and challenges but ultimately lead to growth and stability through hard work and discipline.  The sign and house placement of Saturn in a birth chart will provide further details about the specific areas of life affected by these aspects.)"
09f7ea2d757c4335fa16cfc49219e85b412a4ab24b1ffd678bf9d7e95ac778a8,"Saturn (Shani)
● Aspects: Casts full aspects on the 3rd, 7th, and 10th houses from its position.
● Effects: Brings discipline, realism, delay, and karmic lessons to the aspected houses. It
builds endurance and creates long-lasting structures through pressure and hard work.
○ Exalted Saturn (Libra) Aspect: Creates justice, stability, discipline, and
long-term success in the aspected houses.
○ Debilitated Saturn (Aries) Aspect: Generates frustration, disorganization,
obstacles, and struggles from misapplied effort in the aspected houses.",p62-64,BPHS_GCS,2025-09-23T10:47:27.003065,aspect,,Foundational Concepts,Astrological Principles,general_principle,"{""type"": ""aspect"", ""source_planet"": ""Saturn"", ""target_house"": 3, ""relative_aspect_number"": 3, ""planet_nature"": ""malefic"", ""source_sign"": null, ""target_sign"": null, ""strength"": null}","Saturn aspects the 3rd, 7th, and 10th houses from its position. It brings discipline, realism, delay, and karmic lessons to these houses, building endurance and long-lasting structures through pressure and hard work. An exalted Saturn in Libra creates justice, stability, discipline, and long-term success in the aspected houses, while a debilitated Saturn in Aries generates frustration, disorganization, obstacles, and struggles from misapplied effort. (Additional Context: Saturn's aspects can signify delays and challenges but ultimately lead to growth and maturity. The specific effects depend on the sign and house placement of both Saturn and the aspected planets.  Saturn's aspects to the 3rd, 7th, and 10th houses can impact siblings, partnerships, and career, respectively.  Exalted in Libra, Saturn's influence is more balanced and just, while debilitated in Aries, it can manifest as impulsive actions and difficulties.)"
90bdabbee552bc56a24244dab8ef97d6cb362d86ad535e801d9d59549bebd2a4,"Saturn (Shani)
● Aspects: Casts full aspects on the 3rd, 7th, and 10th houses from its position.
● Effects: Brings discipline, realism, delay, and karmic lessons to the aspected houses. It
builds endurance and creates long-lasting structures through pressure and hard work.
○ Exalted Saturn (Libra) Aspect: Creates justice, stability, discipline, and
long-term success in the aspected houses.
○ Debilitated Saturn (Aries) Aspect: Generates frustration, disorganization,
obstacles, and struggles from misapplied effort in the aspected houses.",p62-64,BPHS_GCS,2025-09-23T10:47:27.003070,house_profile,,Foundational Concepts,Astrological Principles,general_principle,"{""type"": ""house_profile"", ""house"": null, ""planet_in_house"": null, ""aspected_by_planet"": ""Saturn"", ""state"": null, ""classifications"": [], ""karakas"": [], ""significations"": []}","Saturn aspects the 3rd, 7th, and 10th houses from its position.  It brings discipline, realism, delay, and karmic lessons to these houses, building endurance and long-lasting structures through pressure and hard work. An exalted Saturn in Libra creates justice, stability, discipline, and long-term success in the aspected houses, while a debilitated Saturn in Aries generates frustration, disorganization, obstacles, and struggles from misapplied effort. (Additional Context: Saturn's aspects can indicate areas of life where one may experience limitations, delays, or challenges that ultimately lead to growth and maturity. The houses aspected by Saturn require patience, perseverance, and a realistic approach.  Exalted or debilitated aspects modify the effect, suggesting either ease or difficulty in manifesting Saturn's influence.)"
252a10f229221548d94cd53f5fcf662ded86c1654d498f107e6f99c4669514fa,"Saturn (Shani)
● Aspects: Casts full aspects on the 3rd, 7th, and 10th houses from its position.
● Effects: Brings discipline, realism, delay, and karmic lessons to the aspected houses. It
builds endurance and creates long-lasting structures through pressure and hard work.
○ Exalted Saturn (Libra) Aspect: Creates justice, stability, discipline, and
long-term success in the aspected houses.
○ Debilitated Saturn (Aries) Aspect: Generates frustration, disorganization,
obstacles, and struggles from misapplied effort in the aspected houses.",p62-64,BPHS_GCS,2025-09-23T10:47:27.003074,planet_profile,,Foundational Concepts,Astrological Principles,general_principle,"{""type"": ""planet_profile"", ""planet_name"": ""Saturn (Shani)"", ""house"": null, ""aspects_house"": [""3rd"", ""7th"", ""10th""], ""karaka_for"": null, ""state"": null, ""sign"": null, ""friends"": null, ""enemies"": null, ""neutral_to"": null}","Saturn aspects the 3rd, 7th, and 10th houses from its position. It brings discipline, realism, delay, and karmic lessons to these houses, building endurance and long-lasting structures through pressure and hard work. An exalted Saturn in Libra creates justice, stability, discipline, and long-term success in the aspected houses, while a debilitated Saturn in Aries generates frustration, disorganization, obstacles, and struggles from misapplied effort. (Additional Context: Saturn's aspects can indicate areas of life where one may experience challenges, delays, and the need for hard work and discipline.  The nature of these experiences will be influenced by Saturn's placement and state (e.g., exalted or debilitated).  The houses aspected by Saturn may require extra attention and effort to achieve desired outcomes.  Saturn's influence can also bring valuable lessons and opportunities for growth and maturity.)"
fedb91fa9266ec6716b142cd27da4b6a04a4a42448337c01fe929b2eddfa711f,"Saturn:
○ 3rd Aspect: Effort-based, requiring initiative and perseverance.
○ 7th Aspect: Direct, relational, bringing responsibility and realism.
○ 10th Aspect: Karmic, public, related to one's actions and career.",p62-64,BPHS_GCS,2025-09-23T10:47:27.003454,aspect,,"career_public_life,relationships",Other,other,"{""type"": ""aspect"", ""source_planet"": ""Saturn"", ""target_house"": 3, ""relative_aspect_number"": 3, ""planet_nature"": ""effort-based"", ""source_sign"": null, ""target_sign"": null, ""strength"": null}","Saturn's aspects influence different areas of life:
- 3rd aspect: Requires effort, initiative, and perseverance.
- 7th aspect: Brings responsibility and realism to relationships.
- 10th aspect: Relates to career and public actions, influenced by karma. (Additional Context: Saturn's 3rd aspect can indicate challenges in communication and short journeys, demanding focused effort. The 7th aspect's emphasis on responsibility suggests the need for careful consideration in partnerships.  The 10th aspect's karmic nature implies that career and public life will be influenced by past actions.)"
b1eca9de0c34f0ed62cd78249f9f80ae99ccc0aa14978029f0161935a6208f13,"Saturn:
○ 3rd Aspect: Effort-based, requiring initiative and perseverance.
○ 7th Aspect: Direct, relational, bringing responsibility and realism.
○ 10th Aspect: Karmic, public, related to one's actions and career.",p62-64,BPHS_GCS,2025-09-23T10:47:27.003459,planet_profile,,"career_public_life,relationships",Other,other,"{""type"": ""planet_profile"", ""planet_name"": ""Saturn"", ""house"": null, ""aspects_house"": null, ""karaka_for"": null, ""state"": null, ""sign"": null, ""friends"": null, ""enemies"": null, ""neutral_to"": null}","Saturn's aspects influence different areas of life:
- 3rd Aspect: Requires effort, initiative, and perseverance.
- 7th Aspect: Brings responsibility and realism to relationships.
- 10th Aspect: Relates to career and public actions, influenced by karma. (Additional Context: Saturn's aspects suggest themes of hard work, duty, and long-term consequences. The 3rd aspect may indicate challenges in communication or short journeys. The 7th aspect emphasizes commitment and stability in partnerships. The 10th aspect highlights career and public life, suggesting that actions have lasting impact.)"
bc685772a1469bfa7d33341c564f34af8d46eeb533049b6e07a01908ce5a8f92,"Showers supreme grace, abundance,
wisdom, and righteous opportunities upon the aspected houses.",p62-64,BPHS_GCS,2025-09-23T10:47:27.003715,aspect,,travel_dharma_spirituality,Dharma & Spiritual Path,spiritual_growth,"{""type"": ""aspect"", ""source_planet"": null, ""target_house"": null, ""relative_aspect_number"": null, ""planet_nature"": null, ""source_sign"": null, ""target_sign"": null, ""strength"": null}","The aspect showers the houses it influences with significant blessings, including abundant grace, wisdom, and righteous opportunities. (Additional Context: This aspect suggests a benefic influence, potentially from Jupiter or a well-placed Venus, promoting growth and positive outcomes in the areas it affects.  The reference to ""righteous opportunities"" implies alignment with dharma and a potential for spiritual advancement.)"
ae10eefe88de75fcdcdf0676d12f88f576d85d928faa231273e80ed0e17c0761,"Showers supreme grace, abundance,
wisdom, and righteous opportunities upon the aspected houses.",p62-64,BPHS_GCS,2025-09-23T10:47:27.003720,house_profile,,other,Other,other,"{""type"": ""house_profile"", ""house"": null, ""planet_in_house"": null, ""aspected_by_planet"": null, ""state"": null, ""classifications"": null, ""karakas"": null, ""significations"": [""grace"", ""abundance"", ""wisdom"", ""righteous opportunities""]}","The aspected houses receive significant blessings of grace, abundance, wisdom, and righteous opportunities. (Additional Context: The specific nature of these blessings and their impact depends on the planets involved and the houses being aspected.  Benefic aspects from Jupiter or Venus could enhance these positive effects, while malefic aspects might introduce challenges or delays in realizing their full potential.)"
0859dd52f4110170182f0647037ac79db2ffa3bb8914d89f2f95097acd76361c,"Sun (Surya)
● Aspects: Casts a full aspect on the 7th house from its position.
● Effects: Illuminates the aspected house with its energy of authority, ego, vitality, and
consciousness. It brings focus and awareness.
○ Exalted Sun (Aries) Aspect: Inspires leadership, confidence, and clarity in the
aspected house.
○ Debilitated Sun (Libra) Aspect: Brings ego struggles, lack of confidence, or
strained relationships with authority figures related to the aspected house.",p62-64,BPHS_GCS,2025-09-23T10:47:27.004344,planet_profile,,"core_self_vitality,relationships","Identity & Personality,Public Interaction,Romantic & Marriage","confidence_charisma,love_relationships,marriage_spouse,partnerships_collaborations,self_identity_character,social_influence_presence","{""type"": ""planet_profile"", ""planet_name"": ""Sun (Surya)"", ""house"": null, ""aspects_house"": 7, ""karaka_for"": null, ""state"": null, ""sign"": null, ""friends"": null, ""enemies"": null, ""neutral_to"": null}","The Sun casts a full aspect on the 7th house from its position, influencing it with themes of authority, ego, vitality, and consciousness. An exalted Sun in Aries inspires leadership and clarity in the aspected house, while a debilitated Sun in Libra can lead to ego struggles and strained relationships with authority figures. (Additional Context: The Sun's aspect on the 7th house can signify a focus on partnerships, both personal and professional.  It can also highlight the importance of self-awareness in navigating relationships.  The specific effects depend on the Sun's dignity (exalted or debilitated).  A strong Sun can bring confidence and success in partnerships, while a weak Sun can create challenges.)"
137a4bc1f19db22d82985c7184931f6aa397da65459a27d70393a777cefa8ea3,"Sun (Surya)
● Aspects: Casts a full aspect on the 7th house from its position.
● Effects: Illuminates the aspected house with its energy of authority, ego, vitality, and
consciousness. It brings focus and awareness.
○ Exalted Sun (Aries) Aspect: Inspires leadership, confidence, and clarity in the
aspected house.
○ Debilitated Sun (Libra) Aspect: Brings ego struggles, lack of confidence, or
strained relationships with authority figures related to the aspected house.",p62-64,BPHS_GCS,2025-09-23T10:47:27.004341,house_profile,,relationships,"Public Interaction,Romantic & Marriage","marriage_spouse,partnerships_collaborations,social_influence_presence","{""type"": ""house_profile"", ""house"": 7, ""planet_in_house"": null, ""aspected_by_planet"": ""Sun"", ""state"": null, ""classifications"": [], ""karakas"": [], ""significations"": []}","The Sun casts a full aspect on the 7th house from its position. This aspect illuminates the 7th house with themes of authority, ego, vitality, and consciousness, bringing focus and awareness to these areas. An exalted Sun in Aries intensifies leadership, confidence, and clarity in the 7th house matters. Conversely, a debilitated Sun in Libra can lead to ego struggles, diminished confidence, and strained relationships with authority figures connected to the 7th house. (Additional Context: In Vedic astrology, the Sun represents the soul, self-esteem, and vitality. Its aspect on the 7th house, which signifies partnerships, marriage, and public relations, can influence these areas significantly.  An exalted Sun's aspect can boost confidence and leadership in partnerships, while a debilitated Sun's aspect might create challenges in maintaining harmonious relationships.)"
e7024d4db8af9699654527b2065b84acba4a864740667e613b851e94bead4135,"Sun (Surya)
● Aspects: Casts a full aspect on the 7th house from its position.
● Effects: Illuminates the aspected house with its energy of authority, ego, vitality, and
consciousness. It brings focus and awareness.
○ Exalted Sun (Aries) Aspect: Inspires leadership, confidence, and clarity in the
aspected house.
○ Debilitated Sun (Libra) Aspect: Brings ego struggles, lack of confidence, or
strained relationships with authority figures related to the aspected house.",p62-64,BPHS_GCS,2025-09-23T10:47:27.004332,sign_trait,,"career_public_life,relationships","Prominence & Governance,Public Interaction","public_image_reputation,social_influence_presence","{""type"": ""sign_trait"", ""sign"": null, ""element"": null, ""planet_name"": ""Sun"", ""house"": 7, ""modality"": null, ""ruler"": null}","The Sun casts a full aspect on the 7th house from its position, influencing it with themes of authority, ego, vitality, and consciousness. An exalted Sun in Aries inspires leadership and confidence in the aspected house, while a debilitated Sun in Libra can lead to ego struggles and strained relationships with authority figures. (Additional Context: The Sun's aspect on the 7th house can signify a focus on partnerships and public image.  A strong Sun here can suggest success in these areas, while a weak Sun may indicate challenges.)"
57daff39922054833817b303a919cb8b3c8ae8d3fedb23741a3d4e9d28a941fa,"Sun (Surya)
● Aspects: Casts a full aspect on the 7th house from its position.
● Effects: Illuminates the aspected house with its energy of authority, ego, vitality, and
consciousness. It brings focus and awareness.
○ Exalted Sun (Aries) Aspect: Inspires leadership, confidence, and clarity in the
aspected house.
○ Debilitated Sun (Libra) Aspect: Brings ego struggles, lack of confidence, or
strained relationships with authority figures related to the aspected house.",p62-64,BPHS_GCS,2025-09-23T10:47:27.004337,aspect,,relationships,Public Interaction,social_influence_presence,"{""type"": ""aspect"", ""source_planet"": ""Sun"", ""target_house"": 7, ""relative_aspect_number"": 7, ""planet_nature"": ""authority, ego, vitality, and consciousness"", ""source_sign"": null, ""target_sign"": null, ""strength"": null}","The Sun casts a full aspect on the 7th house from its position, bringing focus and awareness. An exalted Sun in Aries inspires leadership and confidence in the aspected house, while a debilitated Sun in Libra can lead to ego struggles and strained relationships with authority figures. (Additional Context: The Sun's aspect on the 7th house, regardless of its strength, suggests a focus on relationships, partnerships, and public interactions.  A strong Sun can indicate success in these areas, while a weak Sun may signify challenges.)"
ca7ff4a87c272e000971da505bbab8f9a6b66b16ebf859a44f05a1a1aef43b1a,"Sun (Surya)
● Aspects: Casts a full aspect on the 7th house from its position.
● Effects: Illuminates the aspected house with its energy of authority, ego, vitality, and consciousness. It brings focus and awareness.
○ Exalted Sun (Aries) Aspect: Inspires leadership, confidence, and clarity in the aspected house.
○ Debilitated Sun (Libra) Aspect: Brings ego struggles, lack of confidence, or strained relationships with authority figures related to the aspected house.",p62-64,BPHS_GCS,2025-09-23T10:47:27.004938,sign_trait,,relationships,"Public Interaction,Romantic & Marriage","marriage_spouse,partnerships_collaborations,social_influence_presence","{""type"": ""sign_trait"", ""sign"": null, ""element"": null, ""planet_name"": ""Sun"", ""house"": 7, ""modality"": null, ""ruler"": null}","The Sun casts a full aspect on the 7th house from its position. This aspect illuminates the 7th house with themes of authority, ego, vitality, and consciousness, bringing focus and awareness to these areas. An exalted Sun in Aries inspires leadership, confidence, and clarity in the 7th house matters. A debilitated Sun in Libra can lead to ego struggles, lack of confidence, or strained relationships with authority figures related to the 7th house. (Additional Context: The Sun's aspect on the 7th house, especially when exalted, can signify success in partnerships, public recognition, and legal matters.  However, a debilitated Sun's aspect can create challenges in relationships and public life.)"
b77653120655151e4fe918e4a5e80dab4036d39db35b295dbcd0753a3414a742,"Sun (Surya)
● Aspects: Casts a full aspect on the 7th house from its position.
● Effects: Illuminates the aspected house with its energy of authority, ego, vitality, and consciousness. It brings focus and awareness.
○ Exalted Sun (Aries) Aspect: Inspires leadership, confidence, and clarity in the aspected house.
○ Debilitated Sun (Libra) Aspect: Brings ego struggles, lack of confidence, or strained relationships with authority figures related to the aspected house.",p62-64,BPHS_GCS,2025-09-23T10:47:27.004944,aspect,,relationships,"Public Interaction,Romantic & Marriage",social_influence_presence,"{""type"": ""aspect"", ""source_planet"": ""Sun"", ""target_house"": 7, ""relative_aspect_number"": 7, ""planet_nature"": ""authority, ego, vitality, and consciousness"", ""source_sign"": null, ""target_sign"": null, ""strength"": null}","The Sun casts a full aspect on the 7th house from its position, bringing focus and awareness. An exalted Sun (in Aries) aspecting the 7th house inspires leadership, confidence, and clarity, while a debilitated Sun (in Libra) aspecting the 7th house can lead to ego struggles, lack of confidence, or strained relationships with authority figures. (Additional Context: In Vedic astrology, the Sun represents the soul, self-esteem, and vitality. Its aspects can significantly influence the areas of life represented by the house it aspects. The 7th house signifies partnerships, marriage, and public interactions. A strong Sun's aspect on the 7th house can create a powerful presence and successful collaborations, while a weak Sun's aspect can bring challenges in relationships and public life.)"
6e4f8e7ce10cb3b4f30fb436f04e968ed47835c187cbfe0d470adf280264685c,"Sun (Surya)
● Aspects: Casts a full aspect on the 7th house from its position.
● Effects: Illuminates the aspected house with its energy of authority, ego, vitality, and consciousness. It brings focus and awareness.
○ Exalted Sun (Aries) Aspect: Inspires leadership, confidence, and clarity in the aspected house.
○ Debilitated Sun (Libra) Aspect: Brings ego struggles, lack of confidence, or strained relationships with authority figures related to the aspected house.",p62-64,BPHS_GCS,2025-09-23T10:47:27.004947,house_profile,,relationships,"Public Interaction,Romantic & Marriage","marriage_spouse,partnerships_collaborations,social_influence_presence","{""type"": ""house_profile"", ""house"": 7, ""planet_in_house"": null, ""aspected_by_planet"": ""Sun"", ""state"": null, ""classifications"": [], ""karakas"": [], ""significations"": []}","The Sun casts a full aspect on the 7th house from its position. This aspect illuminates the 7th house with themes of authority, ego, vitality, and consciousness, bringing focus and awareness to these areas. An exalted Sun in Aries intensifies leadership, confidence, and clarity in the 7th house matters, while a debilitated Sun in Libra can lead to ego struggles, diminished confidence, and strained relationships with authority figures connected to the 7th house. (Additional Context: In Vedic astrology, the Sun represents the soul, self-esteem, and vitality. Its aspect on the 7th house, which signifies partnerships, marriage, and public relations, can influence these areas significantly.  An exalted Sun's aspect can boost confidence and leadership in relationships, while a debilitated Sun's aspect might create challenges in maintaining harmonious partnerships.)"
41d3641445082981fed26e388409e4f7823adefcbe17598c1b774b527a0b4eb4,"Sun (Surya)
● Aspects: Casts a full aspect on the 7th house from its position.
● Effects: Illuminates the aspected house with its energy of authority, ego, vitality, and consciousness. It brings focus and awareness.
○ Exalted Sun (Aries) Aspect: Inspires leadership, confidence, and clarity in the aspected house.
○ Debilitated Sun (Libra) Aspect: Brings ego struggles, lack of confidence, or strained relationships with authority figures related to the aspected house.",p62-64,BPHS_GCS,2025-09-23T10:47:27.004951,planet_profile,,"Foundational Concepts,relationships","Astrological Principles,Public Interaction,Romantic & Marriage","general_principle,marriage_spouse,partnerships_collaborations,social_influence_presence","{""type"": ""planet_profile"", ""planet_name"": ""Sun (Surya)"", ""house"": null, ""aspects_house"": 7, ""karaka_for"": null, ""state"": null, ""sign"": null, ""friends"": null, ""enemies"": null, ""neutral_to"": null}","The Sun casts a full aspect on the 7th house from its current position. This aspect illuminates the 7th house with themes of authority, ego, vitality, and consciousness, bringing focus and awareness to these areas. An exalted Sun in Aries inspires leadership, confidence, and clarity in the 7th house matters. A debilitated Sun in Libra can lead to ego struggles, lack of confidence, or strained relationships with authority figures connected to the 7th house. (Additional Context: In Vedic astrology, the Sun represents the soul, self-esteem, and overall vitality. Its aspects can significantly influence the areas of life represented by the aspected house.  The 7th house traditionally signifies partnerships, marriage, and public interactions. Therefore, the Sun's aspect on the 7th house can impact these areas by increasing self-awareness and the drive for recognition within relationships.  An exalted Sun's aspect can empower these areas, while a debilitated Sun's aspect may create challenges.)"
55f1b31f264a3635b5eb360285d38c09938f08e39b0520b51f1998b1e1ce7e66,Symbol: Two Fish. Ruler: Jupiter.,p62-64,BPHS_GCS,2025-09-23T10:47:27.005085,planet_profile,,Foundational Concepts,Astrological Principles,"classification,definition,general_principle","{""type"": ""planet_profile"", ""planet_name"": ""Jupiter"", ""house"": null, ""aspects_house"": null, ""karaka_for"": null, ""state"": null, ""sign"": null, ""friends"": null, ""enemies"": null, ""neutral_to"": null}","Jupiter is represented by the symbol of Two Fish. (Additional Context: Jupiter's association with two fish symbolizes duality, abundance, and expansion.  As a benefic planet, Jupiter often brings opportunities for growth and prosperity. Its placement in a birth chart can indicate areas where an individual may experience good fortune and expansion.)"
7eb2ba8aff38a1acba8264a3029b9d8d7f069fe3ece96e38c45554c39c8def44,Symbol: Two Fish. Ruler: Jupiter. Element: Water. Modality: Dual.,p62-64,BPHS_GCS,2025-09-23T10:47:27.005237,sign_trait,,Foundational Concepts,Astrological Principles,"classification,definition,general_principle","{""type"": ""sign_trait"", ""sign"": ""Pisces"", ""element"": ""Water"", ""planet_name"": null, ""house"": null, ""modality"": ""Dual"", ""ruler"": ""Jupiter""}","Pisces is a dual water sign ruled by Jupiter. (Additional Context: Pisces is known for its mutable, dreamy, and compassionate nature. Jupiter's influence can bring good luck and expansion to Pisces natives.)"
fa71c2476e4720922508acaf5b2fa8d1e30183cba62f0006e51725d71687146a,Symbol: Two Fish. Ruler: Jupiter. Element: Water. Modality: Dual.,p62-64,BPHS_GCS,2025-09-23T10:47:27.005241,planet_profile,,Foundational Concepts,Astrological Principles,"classification,definition,general_principle","{""type"": ""planet_profile"", ""planet_name"": ""Jupiter"", ""house"": null, ""aspects_house"": null, ""karaka_for"": null, ""state"": null, ""sign"": null, ""friends"": null, ""enemies"": null, ""neutral_to"": null}","Jupiter is symbolized by two fish, ruled by itself, belongs to the water element, and has a dual modality. (Additional Context: Jupiter's dual nature can manifest as both expansion and contraction, generosity and overindulgence. Its watery nature adds emotionality and intuition to its expansive tendencies.)"
995826dda8278d499a77f73ae96ac9cf26cc97c0b99ce4741b2411a262d86c40,Symbol: Water-bearer. Ruler: Saturn.,p62-64,BPHS_GCS,2025-09-23T10:47:27.005377,planet_profile,,Foundational Concepts,Astrological Principles,"classification,definition,general_principle","{""type"": ""planet_profile"", ""planet_name"": ""Saturn"", ""house"": null, ""aspects_house"": null, ""karaka_for"": null, ""state"": null, ""sign"": ""Aquarius"", ""friends"": null, ""enemies"": null, ""neutral_to"": null}","Saturn rules Aquarius, symbolized by the Water-bearer. (Additional Context: Saturn's position in Aquarius can indicate a focus on humanitarian pursuits, social reform, and innovative thinking.  It may also suggest a degree of detachment and a preference for intellectual pursuits over emotional expression.)"
6f6c8b84767f5fe827b7d47cef7831b2c20548a6c0aa61c513e4919f266eef56,Symbol: Water-bearer. Ruler: Saturn. Element: Air. Modality: Fixed.,p62-64,BPHS_GCS,2025-09-23T10:47:27.005555,planet_profile,,Foundational Concepts,Astrological Principles,"classification,definition,general_principle","{""type"": ""planet_profile"", ""planet_name"": ""Saturn"", ""house"": null, ""aspects_house"": null, ""karaka_for"": null, ""state"": null, ""sign"": ""Aquarius"", ""friends"": null, ""enemies"": null, ""neutral_to"": null}","Saturn, the ruler of Aquarius, is symbolized by the Water-bearer.  It is an Air element and of fixed modality. (Additional Context: Saturn in Aquarius can indicate a focus on social structures, innovation, and humanitarian pursuits. It may also suggest a degree of detachment and a preference for intellectual pursuits.)"
8f5991534336493d47d37e06be35f4a04e8cb9e2aca1978ff57b55b41641a656,Symbol: Water-bearer. Ruler: Saturn. Element: Air. Modality: Fixed.,p62-64,BPHS_GCS,2025-09-23T10:47:27.005551,sign_trait,,Foundational Concepts,Astrological Principles,"classification,definition,general_principle","{""type"": ""sign_trait"", ""sign"": ""Water-bearer"", ""element"": ""Air"", ""planet_name"": null, ""house"": null, ""modality"": ""Fixed"", ""ruler"": ""Saturn""}","Water-bearer is an Air sign, fixed modality, ruled by Saturn. (Additional Context: Saturn's influence on Aquarius can manifest as a grounded and disciplined approach to innovation and social change.  The fixed modality suggests stability and determination in pursuing humanitarian goals.)"
e948280886ed038373a5cad36376e59d417da1fd8072d60f1496c668b7e7e21b,"The Parashari view of 5th, 7th, and 9th aspects for the nodes is common but not universally",p62-64,BPHS_GCS,2025-09-23T10:47:27.005781,aspect,,Foundational Concepts,Astrological Principles,"classification,general_principle","{""type"": ""aspect"", ""source_planet"": null, ""target_house"": null, ""relative_aspect_number"": null, ""planet_nature"": null, ""source_sign"": null, ""target_sign"": null, ""strength"": null}","Parashari astrology commonly considers the 5th, 7th, and 9th aspects of the lunar nodes, although this perspective isn't universally accepted. (Additional Context: While the text mentions Parashari's view on the nodes' aspects, it doesn't delve into the specific effects these aspects might have on an individual's birth chart.  Further astrological interpretation would be needed to understand the implications of these aspects in various houses and signs.)"
4a5769c99e8e0324ee584d475c07146a00c551bfb770555a6ce04abc06d75f46,This guide covers Planetary Aspects (Graha Drishti) and Sign Aspects (Rashi Drishti).,p62-64,BPHS_GCS,2025-09-23T10:47:27.005988,sign_trait,,Foundational Concepts,Astrological Principles,general_principle,"{""type"": ""sign_trait"", ""sign"": null, ""element"": null, ""planet_name"": null, ""house"": null, ""modality"": null, ""ruler"": null}",This document provides a guide to planetary aspects (Graha Drishti) and sign aspects (Rashi Drishti).
b244544058d692a223299b86964b04422b3792a8184255391e5648e31ff770c3,This guide covers Planetary Aspects (Graha Drishti) and Sign Aspects (Rashi Drishti).,p62-64,BPHS_GCS,2025-09-23T10:47:27.005994,aspect,,Foundational Concepts,Astrological Principles,"classification,definition,general_principle","{""type"": ""aspect"", ""source_planet"": null, ""target_house"": null, ""relative_aspect_number"": null, ""planet_nature"": null, ""source_sign"": null, ""target_sign"": null, ""strength"": null}",This guide discusses planetary aspects (Graha Drishti) and sign aspects (Rashi Drishti).
7b69ff78649d3df223b07c66d8a75d45bf0f948e385bb22f239e77a15b704060,This guide covers Planetary Aspects (Graha Drishti) and Sign Aspects (Rashi Drishti).,p62-64,BPHS_GCS,2025-09-23T10:47:27.005997,planet_profile,,Foundational Concepts,Astrological Principles,"classification,definition,general_principle","{""type"": ""planet_profile"", ""planet_name"": null, ""house"": null, ""aspects_house"": null, ""karaka_for"": null, ""state"": null, ""sign"": null, ""friends"": null, ""enemies"": null, ""neutral_to"": null}",This document discusses planetary aspects (Graha Drishti) and sign aspects (Rashi Drishti).
697ee839d313c6540eeb3b3c894ec1e1e1f941aff0ba503ce820e3ce0f311662,Venus (Shukra),p62-64,BPHS_GCS,2025-09-23T10:47:27.006134,planet_profile,,other,Other,other,"{""type"": ""planet_profile"", ""planet_name"": ""Venus"", ""house"": null, ""aspects_house"": null, ""karaka_for"": null, ""state"": null, ""sign"": null, ""friends"": null, ""enemies"": null, ""neutral_to"": null}","This text focuses on the planet Venus (also known as Shukra). (Additional Context: In Vedic astrology, Venus is considered a benefic planet representing love, beauty, luxury, and the arts.  Its placement in a birth chart can influence a person's romantic relationships, artistic inclinations, and material comforts.)"
978c994f3426911d79abb5edd3be28fd611c16e9b1a4cde7e4d66e4e51e3759b,"dissatisfaction, or over-analysis that hinders enjoyment in the aspected house.",p62-64,BPHS_GCS,2025-09-23T10:47:27.006351,aspect,,other,Other,other,"{""type"": ""aspect"", ""source_planet"": null, ""target_house"": null, ""relative_aspect_number"": null, ""planet_nature"": null, ""source_sign"": null, ""target_sign"": null, ""strength"": null}","An aspect can cause dissatisfaction or overthinking, hindering enjoyment related to the house it impacts. (Additional Context: This could be due to a challenging aspect from Saturn, or a highly analytical planet like Mercury or Rahu, creating mental tension or delays in experiencing the positive effects of the aspected house.)"
9c5858460debcbf529998fac4c43b48560620fde55ce3c504e6b54e300ae9138,"dissatisfaction, or over-analysis that hinders enjoyment in the aspected house.",p62-64,BPHS_GCS,2025-09-23T10:47:27.006357,house_profile,,other,Other,other,"{""type"": ""house_profile"", ""house"": null, ""planet_in_house"": null, ""aspected_by_planet"": null, ""state"": ""dissatisfaction"", ""classifications"": [], ""karakas"": [], ""significations"": [""over-analysis"", ""hinders enjoyment""]}","Overthinking and dissatisfaction can negatively impact the area of life represented by the aspected house. (Additional Context: This could be due to a challenging aspect from a planet like Saturn or Mercury, potentially in combination with other difficult planetary placements.)"
886722fadb757a733cc629e6f91e37d5830c81b67c1bd50ef58795b23fbf2cfc,"stability, and harmony to the aspected house.",p62-64,BPHS_GCS,2025-09-23T10:47:27.006564,aspect,,other,Other,other,"{""type"": ""aspect"", ""source_planet"": null, ""target_house"": null, ""relative_aspect_number"": null, ""planet_nature"": null, ""source_sign"": null, ""target_sign"": null, ""strength"": null}","This text excerpt discusses an aspect's influence, bringing stability and harmony to the house it aspects. (Additional Context: Favorable aspects from benefic planets can create stability and harmony in the house aspected.  A well-aspected 4th house could indicate a harmonious home life, while a well-aspected 7th could suggest balanced partnerships.)"
7f20cd8b365464c47f4172b6a53880b5cb55be1108970f8ff6c4e39813fb77f2,"stability, and harmony to the aspected house.",p62-64,BPHS_GCS,2025-09-23T10:47:27.006571,house_profile,,other,Other,other,"{""type"": ""house_profile"", ""house"": null, ""planet_in_house"": null, ""aspected_by_planet"": null, ""state"": ""stability, harmony"", ""classifications"": null, ""karakas"": null, ""significations"": null}","Planetary aspects bring stability and harmony to the house they influence. (Additional Context: Favorable planetary aspects can enhance the positive qualities of a house, while challenging aspects may create some tension that needs to be navigated.)"
e23ad9de6dde1c414b30f305980c4f0d2171dda9125ccf8fadb337f7c107ed7f,"○ Debilitated Jupiter (Capricorn) Aspect: May lead to poor judgment, misplaced optimism, or moral compromises related to the aspected houses.",p62-64,BPHS_GCS,2025-09-23T10:47:27.006913,planet_profile,,Foundational Concepts,Astrological Principles,general_principle,"{""type"": ""planet_profile"", ""planet_name"": ""Jupiter"", ""house"": null, ""aspects_house"": null, ""karaka_for"": null, ""state"": ""Debilitated"", ""sign"": ""Capricorn"", ""friends"": null, ""enemies"": null, ""neutral_to"": null}","Debilitated Jupiter in Capricorn may lead to poor judgment, misplaced optimism, or moral compromises in the houses it aspects. (Additional Context: Jupiter's debilitation in Capricorn weakens its inherent auspiciousness.  The specific effects will depend on the houses Jupiter aspects in the individual's birth chart.  Remedies, such as strengthening Jupiter through rituals or gemstones, could be explored.)"
25bcf555e29aa531615a7969f7bfc3b5d59f80a1d81ba366bf16df5fe5ca9cdd,"○ Debilitated Jupiter (Capricorn) Aspect: May lead to poor judgment, misplaced optimism, or moral compromises related to the aspected houses.",p62-64,BPHS_GCS,2025-09-23T10:47:27.006908,house_profile,,other,Other,other,"{""type"": ""house_profile"", ""house"": null, ""planet_in_house"": null, ""aspected_by_planet"": ""Jupiter"", ""state"": ""Debilitated"", ""classifications"": [], ""karakas"": [], ""significations"": []}","Debilitated Jupiter in Capricorn may lead to poor judgment, misplaced optimism, or moral compromises in the houses it aspects. (Additional Context: Jupiter's debilitation in Capricorn weakens its inherent benefic nature.  The aspect's negative influence may be more pronounced during Jupiter's transits through Capricorn or when afflicted by malefic planets. Remedial measures, such as strengthening Jupiter through rituals or gemstones, could mitigate these effects.)"
bf98194d6637ccfafb3ca866070e0f5d5c04aa65f70ed9aebee23ef42527cdd2,"○ Debilitated Jupiter (Capricorn) Aspect: May lead to poor judgment, misplaced optimism, or moral compromises related to the aspected houses.",p62-64,BPHS_GCS,2025-09-23T10:47:27.006900,aspect,,Foundational Concepts,Astrological Principles,general_principle,"{""type"": ""aspect"", ""source_planet"": ""Jupiter"", ""target_house"": null, ""relative_aspect_number"": null, ""planet_nature"": ""Debilitated"", ""source_sign"": ""Capricorn"", ""target_sign"": null, ""strength"": ""Debilitated""}","Debilitated Jupiter in Capricorn may lead to poor judgment, misplaced optimism, or moral compromises in the houses it aspects. (Additional Context: Jupiter is debilitated in Capricorn, suggesting challenges in expressing its expansive and benevolent nature. This debilitation could manifest as overconfidence, recklessness, or a tendency to exaggerate. Aspects from a debilitated Jupiter can bring unexpected difficulties or delays to the areas it influences. However, depending on other planetary placements and aspects, the negative effects of the debilitation may be mitigated.)"
6dc34185ac9a0f620bb84ee7ade4d46d2c4c4da3ba1d90d0826cc9cd6715ab3a,"○ Debilitated Jupiter (Capricorn) Aspect: May lead to poor judgment, misplaced optimism, or moral compromises related to the aspected houses.",p62-64,BPHS_GCS,2025-09-23T10:47:27.006891,sign_trait,,Foundational Concepts,Astrological Principles,general_principle,"{""type"": ""sign_trait"", ""sign"": ""Capricorn"", ""element"": null, ""planet_name"": ""Jupiter"", ""house"": null, ""modality"": null, ""ruler"": null}","Debilitated Jupiter in Capricorn may lead to poor judgment, misplaced optimism, or moral compromises in the houses it aspects. (Additional Context: Jupiter's debilitation in Capricorn weakens its inherent expansive and benevolent nature.  This could manifest as struggles with faith, wisdom, and higher learning.  The aspect of this debilitated Jupiter can cast a shadow on the areas of life represented by the houses it touches, potentially leading to difficulties with growth and expansion in those areas.)"
6c5d5a5627dab7ddd66e55aac0296866fc5ae03242d477636d5b4923758d1109,"○ Debilitated Mars (Cancer) Aspect: Creates emotional aggression, frustration, poor impulse control, and potential for domestic strife.",p62-64,BPHS_GCS,2025-09-23T10:47:27.007168,sign_trait,,"core_self_vitality,health_risks_longevity,home_property_vehicles","Domestic Environment,Identity & Personality,Physical Health","domestic_harmony,self_identity_character,vitality_energy_levels","{""type"": ""sign_trait"", ""sign"": ""Cancer"", ""element"": ""Water"", ""planet_name"": ""Mars"", ""house"": null, ""modality"": ""Cardinal"", ""ruler"": ""Moon""}","Mars debilitated in Cancer can lead to emotional aggression, frustration, poor impulse control, and potential domestic strife. (Additional Context: This placement suggests difficulty asserting oneself in a healthy way, often leading to passive-aggressive behaviors.  The individual may struggle with repressed anger and find it challenging to manage their emotional responses.  Healing modalities involving emotional release and self-soothing techniques can be beneficial.)"
8123efee63c5daccbcfac11e25f81ea535a89de53c78b98543ab49c691fdd033,"○ Debilitated Mars (Cancer) Aspect: Creates emotional aggression, frustration, poor impulse control, and potential for domestic strife.",p62-64,BPHS_GCS,2025-09-23T10:47:27.007180,aspect,,"core_self_vitality,health_risks_longevity,home_property_vehicles","Domestic Environment,Identity & Personality,Mental & Emotional Health,Physical Health","domestic_harmony,emotional_resilience,psychological_balance,self_identity_character,stress_anxiety,vitality_energy_levels","{""type"": ""aspect"", ""source_planet"": ""Mars"", ""target_house"": null, ""relative_aspect_number"": null, ""planet_nature"": ""Debilitated"", ""source_sign"": ""Cancer"", ""target_sign"": null, ""strength"": ""Debilitated""}","Mars debilitated in Cancer creates emotional aggression, frustration, poor impulse control, and potential for domestic strife. (Additional Context: This placement can indicate difficulties with anger management and assertiveness.  The individual may struggle with expressing their needs effectively, leading to passive-aggressive tendencies.  In relationships, this can manifest as arguments and conflict.  However, with awareness and self-regulation techniques, these challenges can be mitigated.)"
3dd172c5770d3d28c3eca7a48246ef843387135e5fa3f20c2401945e3a4624ed,"○ Debilitated Mars (Cancer) Aspect: Creates emotional aggression, frustration, poor impulse control, and potential for domestic strife.",p62-64,BPHS_GCS,2025-09-23T10:47:27.007185,planet_profile,,"core_self_vitality,health_risks_longevity,home_property_vehicles","Domestic Environment,Identity & Personality,Physical Health","domestic_harmony,self_identity_character,vitality_energy_levels","{""type"": ""planet_profile"", ""planet_name"": ""Mars"", ""house"": null, ""aspects_house"": null, ""karaka_for"": null, ""state"": ""Debilitated"", ""sign"": ""Cancer"", ""friends"": null, ""enemies"": null, ""neutral_to"": null}","Debilitated Mars in Cancer can lead to emotional aggression, poor impulse control, frustration, and potential domestic strife. (Additional Context: This placement could suggest difficulties with assertiveness and a tendency towards passive-aggressive behavior.  It's important to find healthy outlets for emotional expression and develop coping mechanisms for frustration. The aspect of Mars on other houses and planets can further modify these effects.)"
4a8800d964896b528b9349f7b28338070892ddf84c0fc1d23f334547ec4a2bee,"○ Debilitated Mercury (Pisces) Aspect: Can cause confusion, miscommunication, poor judgment, or over-idealism in the aspected house.",p62-64,BPHS_GCS,2025-09-23T10:47:27.007441,sign_trait,,learning_education_creativity,Skills & Creativity,intellectual_skills,"{""type"": ""sign_trait"", ""sign"": ""Pisces"", ""element"": ""Water"", ""planet_name"": ""Mercury"", ""house"": null, ""modality"": ""Mutable"", ""ruler"": ""Jupiter""}","Mercury is debilitated in Pisces, which can lead to confusion, miscommunication, poor judgment, or excessive idealism in the house it aspects. (Additional Context: Mercury's debilitation in Pisces suggests a struggle to communicate effectively.  The watery, mutable nature of Pisces can cloud Mercury's logical mind, leading to a tendency to over-idealize or misinterpret situations.  This placement can also indicate challenges with decision-making, as clear thinking may be impaired by emotional sensitivity or wishful thinking.)"
d875ded35484f4d61d1acaf543e22867258e73ee91537b31847c08d965245abd,"○ Debilitated Mercury (Pisces) Aspect: Can cause confusion, miscommunication, poor judgment, or over-idealism in the aspected house.",p62-64,BPHS_GCS,2025-09-23T10:47:27.007446,aspect,,learning_education_creativity,Skills & Creativity,intellectual_skills,"{""type"": ""aspect"", ""source_planet"": ""Mercury"", ""target_house"": null, ""relative_aspect_number"": null, ""planet_nature"": ""Debilitated"", ""source_sign"": ""Pisces"", ""target_sign"": null, ""strength"": ""Debilitated""}","A debilitated Mercury in Pisces can lead to confusion, miscommunication, poor judgment, and excessive idealism in the house it aspects. (Additional Context: Mercury's debilitation in Pisces suggests a weakened ability to communicate and make sound judgments.  The specific effects will depend on the house aspected and other planetary influences.  Remedies such as strengthening Mercury through rituals or gemstones may be beneficial.)"
18d28046fc1ec5da6fa5944411e0ea449774627867655e36d6c17975265aa79f,"○ Debilitated Mercury (Pisces) Aspect: Can cause confusion, miscommunication, poor judgment, or over-idealism in the aspected house.",p62-64,BPHS_GCS,2025-09-23T10:47:27.007449,house_profile,,other,Other,other,"{""type"": ""house_profile"", ""house"": null, ""planet_in_house"": null, ""aspected_by_planet"": ""Mercury"", ""state"": ""Debilitated"", ""classifications"": [], ""karakas"": [], ""significations"": []}","A debilitated Mercury in Pisces can aspect other houses, potentially leading to confusion, miscommunication, poor judgment, or over-idealism in the house it aspects. (Additional Context: Mercury's debilitation in Pisces suggests a weakened ability to communicate and make sound judgments. The aspect from a debilitated Mercury can bring challenges related to clear thinking and decision-making in the affected house.  Remedies such as strengthening Mercury through mantras or gemstones could be beneficial.)"
8194c785768e9a339297cf1e58038ead4e29a29803da62f4893d24810a0a598e,"○ Debilitated Mercury (Pisces) Aspect: Can cause confusion, miscommunication, poor judgment, or over-idealism in the aspected house.",p62-64,BPHS_GCS,2025-09-23T10:47:27.007452,planet_profile,,"career_public_life,learning_education_creativity","Profession & Field,Skills & Creativity","communication_media_publishing,intellectual_skills,writing_expression","{""type"": ""planet_profile"", ""planet_name"": ""Mercury"", ""house"": null, ""aspects_house"": null, ""karaka_for"": null, ""state"": ""Debilitated"", ""sign"": ""Pisces"", ""friends"": null, ""enemies"": null, ""neutral_to"": null}","Mercury is debilitated in Pisces. This placement can lead to confusion, miscommunication, poor judgment, and over-idealism in the house it aspects. (Additional Context: A debilitated Mercury in Pisces suggests challenges in clear communication and decision-making.  The individual may struggle with expressing themselves effectively or may be prone to idealistic but impractical thinking.  Remedies could include strengthening Mercury through practices like chanting mantras, wearing specific gemstones, or engaging in activities that enhance communication and analytical skills.)"
5e8e6b4ba8e86ad9266c28015e573e3dcd3d6cefdffac2f8c3d9c8dcd2da60f3,"○ Debilitated Venus (Virgo) Aspect: Can create relationship conflicts,",p62-64,BPHS_GCS,2025-09-23T10:47:27.007656,planet_profile,,relationships,Romantic & Marriage,love_relationships,"{""type"": ""planet_profile"", ""planet_name"": ""Venus"", ""house"": null, ""aspects_house"": null, ""karaka_for"": null, ""state"": ""Debilitated"", ""sign"": ""Virgo"", ""friends"": null, ""enemies"": null, ""neutral_to"": null}","Venus is debilitated in the sign of Virgo. This placement can lead to conflicts in relationships. (Additional Context: Debilitated Venus in Virgo can signify a tendency towards self-criticism and difficulty in expressing affection.  It may also manifest as an overemphasis on perfectionism in relationships, leading to tension.  Remedies may include practicing self-compassion and focusing on the positive aspects of partnerships.)"
3d8c432da5c8b1b822cc1ac8d470956b14217c69682b32ca0a8adf5db0bc02fc,"○ Debilitated Venus (Virgo) Aspect: Can create relationship conflicts,",p62-64,BPHS_GCS,2025-09-23T10:47:27.007652,aspect,,relationships,Romantic & Marriage,"intimacy_sexuality,love_relationships,marriage_spouse","{""type"": ""aspect"", ""source_planet"": ""Venus"", ""target_house"": null, ""relative_aspect_number"": null, ""planet_nature"": ""Debilitated"", ""source_sign"": ""Virgo"", ""target_sign"": null, ""strength"": null}","A debilitated Venus in Virgo can lead to relationship conflicts. (Additional Context: Venus's debilitation in Virgo weakens its ability to foster harmony and balance in relationships, potentially leading to misunderstandings and discord.  Remedies could include strengthening Venus through rituals or gemstones.)"
0b030c92a1b297fbe31628532880a79b9d433d69ceed36f35e6b9f1a0b148d6b,"○ Debilitated Venus (Virgo) Aspect: Can create relationship conflicts,",p62-64,BPHS_GCS,2025-09-23T10:47:27.007645,sign_trait,,"core_self_vitality,relationships","Identity & Personality,Romantic & Marriage","love_relationships,self_identity_character","{""type"": ""sign_trait"", ""sign"": ""Virgo"", ""element"": ""Earth"", ""planet_name"": ""Venus"", ""house"": null, ""modality"": ""Mutable"", ""ruler"": ""Mercury""}","Venus is debilitated in the sign of Virgo, which can lead to relationship conflicts. (Additional Context: Debilitated Venus in Virgo can also manifest as low self-esteem, difficulty expressing affection, and a critical or perfectionistic approach to love and beauty.  It can also impact financial matters, creating challenges with managing resources or indulging in excessive spending.)"
c9848e04db89c31e943eb20ba46c4a4271a72b5354f2ffe5b3253811d1580a42,"○ Exalted Jupiter (Cancer) Aspect: Showers supreme grace, abundance, wisdom, and righteous opportunities upon the aspected houses.",p62-64,BPHS_GCS,2025-09-23T10:47:27.007912,sign_trait,,travel_dharma_spirituality,Dharma & Spiritual Path,spiritual_growth,"{""type"": ""sign_trait"", ""sign"": ""Cancer"", ""element"": ""Water"", ""planet_name"": ""Jupiter"", ""house"": null, ""modality"": ""Cardinal"", ""ruler"": ""Moon""}","Jupiter, when exalted in Cancer, bestows blessings of abundance, wisdom, and righteous opportunities upon the houses it aspects. (Additional Context: Jupiter's exaltation in Cancer amplifies its benevolent influence, signifying a strong connection to family, nurturing, and emotional growth. This placement can enhance intuition and spiritual understanding.)"
e7a2a5ef90a7fdfba3d3456ca81d538f5d00c16b4c2b07aa751acab0bdaafe8d,"○ Exalted Jupiter (Cancer) Aspect: Showers supreme grace, abundance, wisdom, and righteous opportunities upon the aspected houses.",p62-64,BPHS_GCS,2025-09-23T10:47:27.007917,aspect,,Foundational Concepts,Astrological Principles,general_principle,"{""type"": ""aspect"", ""source_planet"": ""Jupiter"", ""target_house"": null, ""relative_aspect_number"": null, ""planet_nature"": ""benefic"", ""source_sign"": ""Cancer"", ""target_sign"": null, ""strength"": ""exalted""}","An exalted Jupiter in Cancer showers grace, abundance, wisdom, and righteous opportunities upon the houses it aspects. (Additional Context: Jupiter's exaltation in Cancer amplifies its benevolent influence, promising growth and prosperity in the areas it governs. This aspect suggests good fortune, spiritual development, and expansion in the relevant life domains.)"
cf21288cefc68ee5d46a81fbb7381fa85e7aa4d7bfe2e3584409f93a17c151d6,"○ Exalted Jupiter (Cancer) Aspect: Showers supreme grace, abundance, wisdom, and righteous opportunities upon the aspected houses.",p62-64,BPHS_GCS,2025-09-23T10:47:27.007920,house_profile,,other,Other,other,"{""type"": ""house_profile"", ""house"": null, ""planet_in_house"": null, ""aspected_by_planet"": ""Jupiter"", ""state"": ""exalted"", ""classifications"": [], ""karakas"": [], ""significations"": [""grace"", ""abundance"", ""wisdom"", ""righteous opportunities""]}","An exalted Jupiter in Cancer showers its auspicious aspect on other houses, bringing grace, abundance, wisdom, and righteous opportunities. (Additional Context: Jupiter's exaltation amplifies its benevolent influence, promising significant positive impacts related to the houses it aspects.  The specific areas of life impacted depend on the houses receiving this aspect. Cancer, as a water sign ruled by the Moon, adds an emotional depth and nurturing quality to Jupiter's expansive nature.)"
aad32f94c17c19d0b27bf256c23f5e99b28dfe90f64e1fcdc37272057be22476,"○ Exalted Jupiter (Cancer) Aspect: Showers supreme grace, abundance, wisdom, and righteous opportunities upon the aspected houses.",p62-64,BPHS_GCS,2025-09-23T10:47:27.007924,planet_profile,,travel_dharma_spirituality,Dharma & Spiritual Path,spiritual_growth,"{""type"": ""planet_profile"", ""planet_name"": ""Jupiter"", ""house"": null, ""aspects_house"": null, ""karaka_for"": null, ""state"": ""exalted"", ""sign"": ""Cancer"", ""friends"": null, ""enemies"": null, ""neutral_to"": null}","Jupiter, when exalted in Cancer, bestows significant blessings upon the houses it aspects. These blessings include abundance, wisdom, and opportunities aligned with righteousness. (Additional Context: Jupiter's exaltation in Cancer amplifies its benevolent influence, signifying a strong connection to emotional intelligence, nurturing, and spiritual growth. The aspects from this position can bring fortune and expansion in areas related to the house it aspects.)"
55a753257ed3479912abb2ac1f9f0c4b73c275966ee6732245a3fd17f07396a7,"○ Exalted Mars (Capricorn) Aspect: Gives disciplined drive, strategic action, and victory related to the aspected houses.",p62-64,BPHS_GCS,2025-09-23T10:47:27.008158,sign_trait,,career_public_life,Career Dynamics,career_stability_longevity,"{""type"": ""sign_trait"", ""sign"": ""Capricorn"", ""element"": ""Earth"", ""planet_name"": ""Mars"", ""house"": null, ""modality"": ""Cardinal"", ""ruler"": ""Saturn""}","When Mars is exalted in Capricorn, it can bring about disciplined drive, strategic action, and success related to the houses it aspects. (Additional Context: Mars's fiery energy is channeled through Capricorn's grounded, ambitious nature. This placement may lead to significant achievements in career or business.  However, it could also manifest as a tendency towards workaholism or ruthlessness if not balanced with compassion.)"
ed2c0255201f902baa984bb754a17d5cdbc34301842cfd90dbc740eac14d2ab8,"○ Exalted Mars (Capricorn) Aspect: Gives disciplined drive, strategic action, and victory related to the aspected houses.",p62-64,BPHS_GCS,2025-09-23T10:47:27.008164,aspect,,"career_public_life,core_self_vitality","Prominence & Governance,Purpose & Direction","authority_leadership,life_path_purpose","{""type"": ""aspect"", ""source_planet"": ""Mars"", ""target_house"": null, ""relative_aspect_number"": null, ""planet_nature"": null, ""source_sign"": ""Capricorn"", ""target_sign"": null, ""strength"": ""exalted""}","An exalted Mars in Capricorn gives a disciplined drive, strategic action, and victory related to the houses it aspects. (Additional Context: Mars's exaltation in Capricorn amplifies its ambitious and goal-oriented nature. This placement suggests a strong drive for achievement and recognition.  The aspect's influence will manifest differently depending on the specific houses involved, potentially impacting areas like career, relationships, or personal growth.)"
3ab4074f335a8de54a358e5f7e6b0dcfd97cf7419bc78ab373702aa63d2c38dc,"○ Exalted Mars (Capricorn) Aspect: Gives disciplined drive, strategic action, and victory related to the aspected houses.",p62-64,BPHS_GCS,2025-09-23T10:47:27.008167,house_profile,,other,Other,other,"{""type"": ""house_profile"", ""house"": null, ""planet_in_house"": null, ""aspected_by_planet"": ""Mars"", ""state"": ""exalted"", ""classifications"": [], ""karakas"": [], ""significations"": [""disciplined drive"", ""strategic action"", ""victory""]}","An exalted Mars in Capricorn provides a disciplined drive, strategic action, and victory to the houses it aspects. (Additional Context: Mars's exaltation in Capricorn amplifies its focus and effectiveness, suggesting significant achievements in the areas influenced by the aspect.  The strategic and disciplined nature of this influence may manifest as long-term planning and execution of goals. Because Mars is a malefic planet, its positive influence here suggests that any challenges or conflicts will ultimately contribute to growth and success.)"
c11e3b9a9311a77a7ffde372f2427a081bc3c8af53412b159b8686ec26339009,"○ Exalted Mars (Capricorn) Aspect: Gives disciplined drive, strategic action, and victory related to the aspected houses.",p62-64,BPHS_GCS,2025-09-23T10:47:27.008170,planet_profile,,career_public_life,"Career Dynamics,Prominence & Governance","authority_leadership,career_peak_timing","{""type"": ""planet_profile"", ""planet_name"": ""Mars"", ""house"": null, ""aspects_house"": null, ""karaka_for"": null, ""state"": ""Exalted"", ""sign"": ""Capricorn"", ""friends"": null, ""enemies"": null, ""neutral_to"": null}","An exalted Mars in Capricorn provides disciplined drive, strategic action, and success related to the houses it aspects. (Additional Context: Mars's exaltation in Capricorn emphasizes ambition and leadership. The aspect's influence could manifest as career advancements, successful ventures, or overcoming challenges with focused determination.  However, it can also indicate a tendency towards aggression or ruthlessness if not balanced with other planetary influences.)"
dc91f83474bb54e0450aeb3ee724f56da8af57259651349007f1cc446ad63a48,"○ Exalted Mercury (Virgo) Aspect: Provides clear reasoning, analytical skill, and benefits through communication in the aspected house.",p62-64,BPHS_GCS,2025-09-23T10:47:27.008419,house_profile,,"career_public_life,learning_education_creativity","Profession & Field,Skills & Creativity","communication_media_publishing,intellectual_skills,writing_expression","{""type"": ""house_profile"", ""house"": null, ""planet_in_house"": null, ""aspected_by_planet"": ""Mercury"", ""state"": ""Exalted"", ""classifications"": null, ""karakas"": null, ""significations"": [""clear reasoning"", ""analytical skill"", ""benefits through communication""]}","An exalted Mercury in Virgo aspects a house, providing clear reasoning, analytical skills, and benefits through communication within that house. (Additional Context: Mercury's exaltation in Virgo amplifies its intellectual and communicative strengths. The aspect suggests enhanced mental clarity, sharp analytical abilities, and potential gains through writing, speaking, or other forms of communication related to the house's significations.  Favorable transits involving Mercury could further boost these qualities.)"
0f9eaa738bf5158ce7acca2fd84767a06c486484c9e7c88271c9fa5d6cf020bd,"○ Exalted Mercury (Virgo) Aspect: Provides clear reasoning, analytical skill, and benefits through communication in the aspected house.",p62-64,BPHS_GCS,2025-09-23T10:47:27.008423,planet_profile,,"career_public_life,learning_education_creativity","Profession & Field,Skills & Creativity","communication_media_publishing,intellectual_skills,writing_expression","{""type"": ""planet_profile"", ""planet_name"": ""Mercury"", ""house"": null, ""aspects_house"": null, ""karaka_for"": null, ""state"": ""Exalted"", ""sign"": ""Virgo"", ""friends"": null, ""enemies"": null, ""neutral_to"": null}","Mercury is exalted in Virgo, providing clear reasoning, analytical skills, and benefits through communication in the aspected house. (Additional Context: An exalted Mercury in Virgo suggests strong communication and intellectual abilities.  This placement may lead to success in fields requiring analysis, writing, or public speaking.  However, the specific effects will depend on the house placement and aspects received by Mercury.)"
30cd70977e046cd7a156ab5cd004a4c98491d5f615d6aff2cba77f4c70d4af27,"○ Exalted Mercury (Virgo) Aspect: Provides clear reasoning, analytical skill, and benefits through communication in the aspected house.",p62-64,BPHS_GCS,2025-09-23T10:47:27.008412,sign_trait,,"career_public_life,learning_education_creativity","Profession & Field,Skills & Creativity","communication_media_publishing,intellectual_skills,writing_expression","{""type"": ""sign_trait"", ""sign"": ""Virgo"", ""element"": ""Earth"", ""planet_name"": ""Mercury"", ""house"": null, ""modality"": ""Mutable"", ""ruler"": ""Mercury""}","An exalted Mercury in Virgo provides enhanced reasoning abilities, analytical skills, and benefits through communication. (Additional Context: Mercury's exaltation in Virgo suggests a strong emphasis on intellect and communication.  This placement may lead to success in fields requiring analysis, writing, or public speaking.  The individual may also possess a keen eye for detail and a practical approach to problem-solving.)"
bfd49bdce07ae5f539cc9df7c44de4f546b4ccd4ea93ea25481bfa3753d25860,"○ Exalted Mercury (Virgo) Aspect: Provides clear reasoning, analytical skill, and benefits through communication in the aspected house.",p62-64,BPHS_GCS,2025-09-23T10:47:27.008416,aspect,,"career_public_life,learning_education_creativity","Profession & Field,Skills & Creativity","communication_media_publishing,intellectual_skills,writing_expression","{""type"": ""aspect"", ""source_planet"": ""Mercury"", ""target_house"": null, ""relative_aspect_number"": null, ""planet_nature"": null, ""source_sign"": ""Virgo"", ""target_sign"": null, ""strength"": ""Exalted""}","An exalted Mercury in Virgo provides clear reasoning, analytical skills, and benefits through communication in the house it aspects. (Additional Context: Mercury's exaltation in Virgo amplifies its intellectual and communicative powers.  This aspect suggests a strong ability to process information, articulate thoughts effectively, and potentially excel in fields requiring mental acuity. The specific house aspected by Mercury will determine the area of life where these strengths are most prominently expressed.)"
7dada9e1fae7db59292aab5380920a1c42f59676dcae7efc225b065d4d604912,"○ Exalted Venus (Pisces) Aspect: Bestows refined taste, artistic talent, compassion, and divine love in the affairs of the aspected house.",p62-64,BPHS_GCS,2025-09-23T10:47:27.008711,aspect,,travel_dharma_spirituality,Dharma & Spiritual Path,spiritual_growth,"{""type"": ""aspect"", ""source_planet"": ""Venus"", ""target_house"": null, ""relative_aspect_number"": null, ""planet_nature"": null, ""source_sign"": ""Pisces"", ""target_sign"": null, ""strength"": ""exalted""}","An exalted Venus in Pisces, through its aspect, influences the house it aspects by enhancing creativity, artistic inclinations, compassion, and spiritual love. (Additional Context: Venus's exaltation in Pisces amplifies its watery, compassionate nature. This aspect can bring blessings related to artistic expression, emotional depth, and spiritual experiences.  The specific effects depend on the house aspected and any other planetary influences.)"
fc1c777c76f1f44846b28ecf9f8978326bb7bec3e294ac89c51208b136ba8c23,"○ Exalted Venus (Pisces) Aspect: Bestows refined taste, artistic talent, compassion, and divine love in the affairs of the aspected house.",p62-64,BPHS_GCS,2025-09-23T10:47:27.008714,house_profile,,other,Other,other,"{""type"": ""house_profile"", ""house"": null, ""planet_in_house"": null, ""aspected_by_planet"": ""Venus"", ""state"": ""exalted"", ""classifications"": [""aspect""], ""karakas"": [], ""significations"": [""refined taste"", ""artistic talent"", ""compassion"", ""divine love""]}","An exalted Venus in Pisces casts an aspect on a house, influencing its affairs by promoting refined taste, artistic talent, compassion, and divine love. (Additional Context: Venus's exaltation in Pisces amplifies its positive influence, suggesting a strong potential for creative expression, emotional depth, and spiritual connection in the area of life represented by the aspected house.  The specific manifestations will depend on the house receiving the aspect.)"
26b32d90d72dc121dc6ca1709279aa5143c87563a30e12fb5ac843ec9564868b,"○ Exalted Venus (Pisces) Aspect: Bestows refined taste, artistic talent, compassion, and divine love in the affairs of the aspected house.",p62-64,BPHS_GCS,2025-09-23T10:47:27.008705,sign_trait,,"relationships,travel_dharma_spirituality","Dharma & Spiritual Path,Romantic & Marriage","love_relationships,spiritual_growth","{""type"": ""sign_trait"", ""sign"": ""Pisces"", ""element"": ""water"", ""planet_name"": ""Venus"", ""house"": null, ""modality"": ""mutable"", ""ruler"": ""Jupiter""}","Venus is exalted in Pisces, where it brings artistic talent, compassion, and divine love to the house it aspects. (Additional Context: Exalted Venus in Pisces suggests a strong capacity for unconditional love and spiritual devotion.  This placement can enhance creativity and artistic expression, particularly in fields like music, dance, or visual arts.  It may also indicate a heightened sensitivity and empathy towards others.)"
d0de14d907d5a16f77fb2fe1e99da6ba152620dc7de33752c656c7261a316cac,"○ Exalted Venus (Pisces) Aspect: Bestows refined taste, artistic talent, compassion, and divine love in the affairs of the aspected house.",p62-64,BPHS_GCS,2025-09-23T10:47:27.008717,planet_profile,,"career_public_life,relationships,travel_dharma_spirituality","Dharma & Spiritual Path,Profession & Field,Romantic & Marriage","creative_arts_entertainment,love_relationships,spiritual_growth","{""type"": ""planet_profile"", ""planet_name"": ""Venus"", ""house"": null, ""aspects_house"": null, ""karaka_for"": null, ""state"": ""Exalted"", ""sign"": ""Pisces"", ""friends"": null, ""enemies"": null, ""neutral_to"": null}","Venus is exalted in Pisces.  An exalted Venus aspecting a house brings refined taste, artistic talent, compassion, and divine love to the matters of that house. (Additional Context: Exalted Venus in Pisces suggests amplified Venusian themes. The specific house aspected by Venus would experience these influences more strongly. The individual may have a strong inclination towards artistic pursuits, possess a deep appreciation for beauty, and exhibit a compassionate and loving nature.)"
